faction,ability_id,name,unit_ids,flags,text
"adepta-sororitas","abbess-sanctorum","Abbess Sanctorum","morvenn-vahl","","After being attached to a unit: /   -> You can re-roll the Hit roll. /   -> You can re-roll the Wound roll."
"adepta-sororitas","acts-of-faith","Acts of Faith","","","Until the end of the phase, the unit gets -1 to Hit rolls."
"adepta-sororitas","anchorite-sarcophagus","Anchorite Sarcophagus","mortifiers","","Modify this model's Move characteristic to 7."
"adepta-sororitas","angelic-ascent","Angelic Ascent","seraphim-squad","","During the Shooting phase, until the end of the turn, the unit has the Shoot and Scoot ability."
"adepta-sororitas","angelic-judgement","Angelic Judgement","","","During the Shooting phase, for the rest of the battle, all enemy units gain the Detection Range Modifier ability. / Applies to: units with Adepta Sororitas, Infantry, Fly."
"adepta-sororitas","anguish-of-the-unredeemed","Anguish of the Unredeemed","mortifiers","","During the Fight phase, each time this model is destroyed, it can fight before being removed from play."
"adepta-sororitas","attached-unit","Attached Unit","sanctifiers","","After being attached to a unit, the unit gains the Attached Unit Eligibility ability."
"adepta-sororitas","atttached-unit","Atttached Unit","sanctifiers","","After being attached to a unit, the unit gains the Attached Unit Eligibility ability."
"adepta-sororitas","auto-tapestry-of-the-emperor-s-judgement","Auto-Tapestry of the Emperor’s Judgement","aestred-thurga-and-agathae-dolan","","After being attached to a unit, the unit's weapons gain [DEVASTATING WOUNDS]."
"adepta-sororitas","cherub","Cherub","sanctifiers","","Once per battle, you gain 1CP."
"adepta-sororitas","cherubs","Cherubs","retributor-squad","","This model gains the Flavor Text ability."
"adepta-sororitas","clarion-of-urgency","Clarion of Urgency","","","During the Fight phase, in either player's turn, the unit has the To Strategic Reserves ability. / Applies to: units with Canoness with Jump Pack."
"adepta-sororitas","consecrated-ground","Consecrated Ground","battle-sanctum","","Modify the unit's characteristics."
"adepta-sororitas","deadly-demise-1","Deadly Demise 1","mortifiers","","Before removing this model from the battlefield: /   -> Roll one D6: on a 6+, each enemy unit within 6"" suffers 1 mortal wound."
"adepta-sororitas","deadly-demise-d3","Deadly Demise D3","immolator","","Before removing this model from the battlefield: /   -> Roll one D6: on a 6+, each enemy unit within 6"" suffers D3 mortal wounds."
"adepta-sororitas","deadly-demise-d6","Deadly Demise D6","battle-sanctum","","Before removing this model from the battlefield: /   -> Roll one D6: on a 6+, each enemy unit within 6"" suffers D6 mortal wounds."
"adepta-sororitas","deep-strike","Deep Strike","canoness-with-jump-pack","","The unit has the Deep Strike ability."
"adepta-sororitas","defenders-of-the-faith","Defenders of the Faith","battle-sisters-squad","","The unit retains control of objective markers even after no models remain in range, until the enemy retakes them (sticky objectives)."
"adepta-sororitas","denuncia-oratory","Denuncia oratory","celestian-insidiants","","Modify the unit's characteristics."
"adepta-sororitas","devastating-refrain","Devastating Refrain","exorcist","","During the Shooting phase, enemy units nearby must take a Battle-shock test."
"adepta-sororitas","devastating-reprise","Devastating Reprise","","","Until the end of the phase, the unit's weapons gain [DEVASTATING WOUNDS]. / Applies to: units with Adepta Sororitas, Infantry, Fly."
"adepta-sororitas","divine-deliverance","Divine Deliverance","canoness-with-jump-pack","","During the Fight phase, until the end of the phase: /   -> Add 3 to the unit's Attacks characteristic. /   -> The unit's weapons gain [DEVASTATING WOUNDS]."
"adepta-sororitas","embodied-prophecy","Embodied Prophecy","zephyrim-squad","","If the unit charged this turn, until the end of the phase: /   -> The unit's weapons gain [LETHAL HITS]. /   -> The unit's weapons gain [SUSTAINED HITS 1]."
"adepta-sororitas","emergency-combat-embarkation","Emergency Combat Embarkation","repressor","","The unit gains the Once Per Round Special ability."
"adepta-sororitas","endless-suffering","Endless Suffering","penitent-engines","","The unit gains the Charge After Advance ability."
"adepta-sororitas","executioner-of-heretics-aura","Executioner of Heretics (Aura)","dogmata","","Subtract 1 from the Leadership characteristic of enemy units nearby."
"adepta-sororitas","extremis-trigger-word","Extremis Trigger Word","arco-flagellants","","During the Fight phase, at selected to fight, until the end of the phase: /   -> Modify this model's Attacks characteristic to 6. /   -> This model's arco-flails gains [HAZARDOUS]."
"adepta-sororitas","faithful-fortitude","Faithful Fortitude","","","Until the end of the phase, the unit has the Feel No Pain 5+ ability against mortal wounds. / Applies to: units with Celestian Sacresants."
"adepta-sororitas","feel-no-pain-5","Feel No Pain 5+","mortifiers","","The unit has the Feel No Pain 5+ ability."
"adepta-sororitas","fiery-conviction","Fiery Conviction","junith-eruita","","You gain 1CP."
"adepta-sororitas","fights-first","Fights First","daemonifuge","","The unit has the Fights First ability."
"adepta-sororitas","firing-deck-2","Firing Deck 2","sororitas-rhino","","The unit gains the Firing Deck ability (2)."
"adepta-sororitas","firing-deck-6","Firing Deck 6","repressor","","The unit gains the Firing Deck ability (6)."
"adepta-sororitas","fury-of-the-righteous","Fury of the Righteous","palatine","","After being attached to a unit, the unit's weapons gain [LETHAL HITS]."
"adepta-sororitas","hagiomnifex","Hagiomnifex","","","Until the end of the phase: / Select one of the following (Hagiomnifex Sermon): /   - All enemy units gain the Detection Range Modifier ability. /   - The unit is marked as battle shock auto succeed. /   - Add 1 to the unit's Move characteristic. /   - Add 1 to the unit's Strength characteristic. /   - The attacking unit gets -1 to Wound rolls. / Applies to: units with Adepta Sororitas, Character (excluding Penitent)."
"adepta-sororitas","harmonised-exorcism","Harmonised Exorcism","","","Until the end of the phase, the unit gets +1 to Hit rolls. / Applies to: units with Exorcist."
"adepta-sororitas","healing-tears","Healing Tears","saint-celestine","","In the Command phase, if the unit has the CELESTINE keyword, while the unit is below its starting strength, until the end of the turn: /   Select one of the following (Resurrect Allies): /     - If the unit has the GEMINAE SUPERIA keyword, return 1 destroyed model to the unit with full wounds. /     - If the unit has the BODYGUARD keyword, unless the unit has the GEMINAE SUPERIA keyword, return D3 destroyed models to the unit with full wounds."
"adepta-sororitas","holy-cover","Holy Cover","battle-sanctum","","During the Shooting phase, the unit gains the Benefit of Cover ability."
"adepta-sororitas","holy-hatred","Holy Hatred","ministorum-priest","","After being attached to a unit, the unit's weapons gain [SUSTAINED HITS 1]."
"adepta-sororitas","holy-judgement","Holy Judgement","daemonifuge","","During the Shooting phase, your unit suffers 3 mortal wounds."
"adepta-sororitas","holy-mission","Holy Mission","ministorum-priest","","After being attached to a unit, the unit gains the Attached Unit Eligibility ability."
"adepta-sororitas","holy-piety","Holy Piety","ministorum-priest","","During the Fight phase, you can re-roll the Hit roll."
"adepta-sororitas","holy-quest","Holy Quest","","","For the rest of the battle, all friendly units get +1 to Hit rolls. / Applies to: units with Celestian Sacresants."
"adepta-sororitas","holy-vanguard","Holy Vanguard","dominion-squad","","After being attached to a unit, this model gains the Special Embark Rule ability."
"adepta-sororitas","hymns-of-battle","Hymns of Battle","","","For the rest of the battle, add 1 to the Leadership characteristic of all friendly units. / Applies to: units with Adepta Sororitas, Character."
"adepta-sororitas","impetuous-fervour","Impetuous Fervour","sisters-novitiate-squad","","You can re-roll a Hit roll of 1."
"adepta-sororitas","infiltrators","Infiltrators","sisters-novitiate-squad","","Once per battle, the unit has the Infiltrators ability."
"adepta-sororitas","inspirational-battle-cantics","Inspirational Battle Canticles","","","The unit is marked as battle shocked. / Applies to: units with Adepta Sororitas."
"adepta-sororitas","laud-hailer","Laud Hailer","dialogus","","Once per battle, the unit gains the Once Per Battle Special ability."
"adepta-sororitas","leader","Leader","canoness-with-jump-pack","","The unit gains the Leader ability."
"adepta-sororitas","lifewards","Lifewards","saint-celestine","","The unit has the Feel No Pain 4+ ability."
"adepta-sororitas","litany-of-deeds","Litany of Deeds","imagifier","","If 1+ friendly units destroyed current, if the unit has the ADEPTA SORORITAS keyword, until the end of the turn, this model gains the Miracle Dice Reroll Before Pool ability."
"adepta-sororitas","lone-operative","Lone Operative","daemonifuge","","This model can only be targeted if it is the closest eligible target or within 12""."
"adepta-sororitas","medicus-ministorum","Medicus Ministorum","hospitaller","","After being attached to a unit, the unit has the Feel No Pain 5+ ability."
"adepta-sororitas","ministorum-sermon","Ministorum Sermon","sanctifiers","","The unit's weapons gain [SUSTAINED HITS 1]."
"adepta-sororitas","miraculous-intervention","Miraculous Intervention","saint-celestine","","When destroyed by a any attack, once per battle, for the rest of the battle: /   -> Roll one D6: on a 2+, return 1 destroyed model to this model with full wounds."
"adepta-sororitas","mysterious-saviours","Mysterious Saviours","daemonifuge","","You can use the Fire Overwatch or Heroic Stratagem on this model for 0CP."
"adepta-sororitas","null-rod","Null Rod","canoness","","The unit has the Feel No Pain 4+ ability."
"adepta-sororitas","overseer-of-redemption","Overseer of Redemption","repentia-squad","","During the Fight phase: /   -> You can re-roll the Hit roll. /   -> You can re-roll the Wound roll."
"adepta-sororitas","perfervid-haste","Perfervid Haste","","","Add 1 to the unit's Move characteristic. / Applies to: units with Adepta Sororitas."
"adepta-sororitas","purge-and-cleanse","Purge and Cleanse","immolator","","During the Shooting phase, until the end of the phase, the unit gains the Benefit of Cover ability."
"adepta-sororitas","rapturous-blows","Rapturous Blows","palatine","","During the Fight phase, until the end of the phase, your unit suffers 1 mortal wound."
"adepta-sororitas","recount-the-deeds-of-the-saints","Recount the Deeds of the Saints","aestred-thurga-and-agathae-dolan","","Until the end of the turn: / While this model leads a unit, if the unit has the AGATHE-DOLAN keyword, if 1+ enemy units destroyed, you gain 1 Miracle Dice Pool. / If the unit has the AGATHE-DOLAN keyword, when destroyed by a any attack, you gain 1D3 Miracle Dice Pool."
"adepta-sororitas","relics-of-the-matriarchs","Relics of the Matriarchs","triumph-of-saint-katherine","","At the start of the battle round, until the end of the battle round, this model gains the Relics of Matriarchs ability."
"adepta-sororitas","righteous-awareness","Righteous Awareness","dominion-squad","","The unit has the Reactive Move ability."
"adepta-sororitas","righteous-paragons","Righteous Paragons","paragon-warsuits","","The unit gets +1 to Hit rolls. / The unit gets +1 to Wound rolls."
"adepta-sororitas","righteous-repugnance","Righteous Repugnance","morvenn-vahl","","Until the end of the phase, add 3 to the unit's Attacks characteristic."
"adepta-sororitas","righteous-smiting","Righteous Smiting","ministorum-priest","","During the Fight phase, after being attached to a unit, the unit gets +1 to Wound rolls."
"adepta-sororitas","rites-of-castigation","Rites of Castigation","castigator","","During the Shooting phase, until the end of the turn, subtract 1 from the unit's Armour Penetration characteristic."
"adepta-sororitas","rituale-nullificatus","Rituale Nullificatus","celestian-insidiants","","The unit has the Feel No Pain 4+ ability."
"adepta-sororitas","rod-of-office","Rod of Office","canoness","","You can re-roll a Hit roll of 1."
"adepta-sororitas","sacred-banner","Sacred Banner","sisters-novitiate-squad","","You can re-roll the Charge roll."
"adepta-sororitas","sacred-command","Sacred Command","canoness-with-jump-pack","","Once per battle, you can use one Stratagem on this model for 0CP."
"adepta-sororitas","sacred-healing","Sacred Healing","hospitaller","","After being attached to a unit, return 1 destroyed model to the unit with full wounds."
"adepta-sororitas","salvationist-medikit","Salvationist Medikit","sanctifiers","","Return D3 destroyed models to the unit with full wounds."
"adepta-sororitas","sanctified-blows","Sanctified Blows","","","Until the end of the phase: / Add 1 to the unit's Attacks characteristic (melee). / Add 1 to the unit's Strength characteristic (melee). / Applies to: units with Celestian Sacresants."
"adepta-sororitas","scouts-6","Scouts 6""","sanctifiers","","Once per battle, the unit has the Scouts 6"" ability."
"adepta-sororitas","self-repair","Self Repair","sororitas-rhino","","Return 1 destroyed model to this model with full wounds."
"adepta-sororitas","simulacrum-imperialis","Simulacrum Imperialis","sanctifiers","","During the Command phase, at the end of the phase, if you control 1+ objectives, if within range of an objective, until the end of the phase: /   -> Roll one D6: on a 4+, you gain 1 Miracle Dice Pool."
"adepta-sororitas","solemn-procession","Solemn Procession","triumph-of-saint-katherine","","At the start of the battle round, until the end of the battle round, this model gains the Miracle Dice Fixed 6 Override ability."
"adepta-sororitas","stanchion-of-holy-martyrs","Stanchion of Holy Martyrs","imagifier","","After being attached to a unit, modify this model's Save characteristic to 2."
"adepta-sororitas","stirring-rhetoric","Stirring Rhetoric","dialogus","","While this model leads a unit, until the end of the phase, at act of faith, the unit gains the Miracle Dice Value Set 6 ability."
"adepta-sororitas","storm-of-retribution","Storm of Retribution","retributor-squad","","During the Shooting phase: /   -> You can re-roll a Hit roll of 1. /   -> You can re-roll a Wound roll of 1. /   -> The unit gets +1 to Hit rolls. /   -> The unit gets +1 to Wound rolls."
"adepta-sororitas","supreme-commander","Supreme Commander","morvenn-vahl","","This model must be your Warlord."
"adepta-sororitas","sworn-protectors","Sworn Protectors","celestian-sacresants","","After being attached to a unit, the attacking unit gets -1 to Wound rolls."
"adepta-sororitas","symphonic-payload","Symphonic Payload","","","You can re-roll the Attacks Characteristic roll. / Applies to: units with Exorcist."
"adepta-sororitas","the-emperor-s-grace","The Emperor’s Grace","canoness","","Until the end of the phase, this model has a 2+ invulnerable save."
"adepta-sororitas","the-pulpit-of-saint-holline-s-basilica","The Pulpit of Saint Holline’s Basilica","junith-eruita","","After being attached to a unit, the attacking unit gets -1 to Hit rolls."
"adepta-sororitas","unflinching-determination","Unflinching Determination","dogmata","","After being attached to a unit, the unit gets +1 to its Objective Control characteristic."
"adepta-sororitas","unflinching-determination-sacred-champions","Unflinching Determination","","","Until the end of the turn: / The unit's weapons gain [ASSAULT]. / The unit gains the Act After Move ability. / Applies to: units with Celestian Sacresants."
"adepta-sororitas","virtue-of-intolerance","Virtue of Intolerance","celestian-insidiants","","You can re-roll the Hit roll. / The unit's weapons gain [PRECISION]."
"adepta-sororitas","war-hymns","War Hymns","ministorum-priest","","After being attached to a unit, the unit's weapons gain [SUSTAINED HITS 1]."
"adepta-sororitas","writ-of-compunction","Writ of Compunction","","","The unit gets +1 to its Objective Control characteristic. / Applies to: units with Celestian Sacresants."
"adepta-sororitas","zealot","Zealot","ministorum-priest","","During the Fight phase, until the end of the phase: /   -> Add 3 to the unit's Attacks characteristic. /   -> Add 3 to the unit's Strength characteristic."
"adeptus-astartes","aerial-assault","Aerial Assault","thunderhawk-gunship","","The unit gains the Transport Disembark Modifier ability."
"adeptus-astartes","aerial-deployment","Aerial Deployment","thunderhawk-transporter","","If the unit has the HOVER keyword, if the unit has the STRATEGIC RESERVES keyword, for the rest of the battle, this model gains the Reinforcement Any of Turns 1 to 3 ability."
"adeptus-astartes","an-honourable-death-in-combat","An Honourable Death in Combat","death-company-marines","","While the unit is below its starting strength, while the unit is below half strength, the unit's weapons gain [SUSTAINED HITS 1]."
"adeptus-astartes","ancient-tactician","Ancient Tactician","bjorn-the-fell-handed","","You gain 1CP."
"adeptus-astartes","angel-s-wrath","Angel’s Wrath","captain-with-jump-pack","","After being attached to a unit, until the end of the turn, add 1 to the unit's Strength characteristic."
"adeptus-astartes","angelic-visage","Angelic Visage","sanguinary-guard","","During the Fight phase, the attacking unit gets -1 to Hit rolls."
"adeptus-astartes","annihilator","Annihilator","predator-annihilator;vindicator-laser-destroyer","","During the Shooting phase, you can re-roll the Damage roll."
"adeptus-astartes","annihilator-protocols","Annihilator Protocols","centurion-assault-squad","","The unit's weapons gain [SUSTAINED HITS 2]."
"adeptus-astartes","anvil-of-endurance","Anvil of Endurance","arjac-rockfist","","During the Fight phase, after being attached to a unit, each time this model is destroyed, it can fight before being removed from play."
"adeptus-astartes","aquilon-optics","Aquilon Optics","gladiator-lancer","","You can re-roll the Damage roll."
"adeptus-astartes","armorium-cherub","Armorium Cherub","devastator-squad","","Once per battle, this model gets -6 to Any rolls."
"adeptus-astartes","armour-of-fate","Armour of Fate","roboute-guilliman","","Return 1 destroyed model to this model with full wounds."
"adeptus-astartes","armoured-resilience","Armoured Resilience","stormraven-gunship;storm-eagle-gunship","","Each time an attack targets the unit, reduce the Damage of that attack by 1."
"adeptus-astartes","armoured-spearhead","Armoured Spearhead","deimos-predator;sicaran-battle-tank","","You can re-roll a Hit roll of 1."
"adeptus-astartes","assault-ramp","Assault Ramp","land-raider-crusader;land-raider;land-raider-helios;land-raider-prometheus;terminus-ultra;land-raider-achilles;land-raider-excelsior;spartan","","The unit gains the Transport Disembark Modifier ability."
"adeptus-astartes","assault-vehicle","Assault Vehicle","impulsor","","The unit gains the Transport Disembark Modifier ability."
"adeptus-astartes","astartes-banner","Astartes Banner","ravenwing-command-squad","","The unit gets +1 to its Objective Control characteristic."
"adeptus-astartes","astartes-shield","Astartes shield","deathwatch-veterans;decimus-kill-team","","This model has a 4+ invulnerable save."
"adeptus-astartes","atomantic-arc-reactor","Atomantic Arc-reactor","cerberus","","During the Shooting phase, if the unit Remained Stationary, the unit's weapons gain [LETHAL HITS]."
"adeptus-astartes","attached-unit","Attached Unit","sword-brethren-squad;decimus-kill-team","","After being attached to a unit, the unit gains the Attached Unit Eligibility ability."
"adeptus-astartes","aura-of-fervour-aura","Aura of Fervour (Aura)","the-sanguinor","","If the unit has the ADEPTUS ASTARTES keyword, for the rest of the battle: /   -> Friendly units nearby gain the Battle Shock Test Re Roll ability. /   -> Friendly units nearby gain the Leadership Test Re Roll ability."
"adeptus-astartes","auspex-array","Auspex Array","corvus-blackstar","","The unit's weapons gain [IGNORES COVER]."
"adeptus-astartes","author-of-the-codex","Author of the Codex","roboute-guilliman","","During the Command phase, until the end of the turn, this model gains the Author of the Codex ability."
"adeptus-astartes","ballistus-strike","Ballistus Strike","ballistus-dreadnought","","During the Shooting phase, while the unit is below half strength, against A targets, you can re-roll the Hit roll."
"adeptus-astartes","banner-of-macragge","Banner of Macragge","victrix-honour-guard","","During the Fight phase, until the end of the phase, add 1 to the unit's Attacks characteristic."
"adeptus-astartes","battle-lust","Battle-lust","ragnar-blackmane","","Until the end of the turn, add 2 to the unit's Attacks characteristic."
"adeptus-astartes","berserk-charge","Berserk Charge","blood-claws","","The unit gains the Charge After Advance ability."
"adeptus-astartes","bestial-fury","Bestial Fury","murderfang","","You can re-roll the Charge roll."
"adeptus-astartes","bestial-rage","Bestial Rage","wulfen-dreadnought","","In the Shooting phase, while the model has lost wounds, until the end of the phase, this model has the Bestial Rage D6+2"" ability."
"adeptus-astartes","black-rage","Black Rage","death-company-dreadnought","","During the Fight phase, you can re-roll the Hit roll."
"adeptus-astartes","blackstar-cluster-launcher","Blackstar Cluster Launcher","corvus-blackstar","","Your unit suffers 1 mortal wound."
"adeptus-astartes","blackwing-mantle","Blackwing Mantle","aethon-shaan","","You can use the Fire Overwatch or Heroic Stratagem on this model for 0CP."
"adeptus-astartes","bladeguard","Bladeguard","bladeguard-veteran-squad","","During the Fight phase, until the end of the phase, you can re-roll a Hit roll of 1."
"adeptus-astartes","blessing-of-the-omnissiah","Blessing of the Omnissiah","techmarine","","Until your next Command phase, the unit gets +1 to Hit rolls."
"adeptus-astartes","blizzard-shield","Blizzard Shield","venerable-dreadnought","","This model has a 4+ invulnerable save."
"adeptus-astartes","blood-chalice","Blood Chalice","sanguinary-priest","","After being attached to a unit, subtract 1 from the unit's Armour Penetration characteristic."
"adeptus-astartes","book-of-salvation","Book of Salvation","ezekiel","","After being attached to a unit, add 1 to the unit's Attacks characteristic."
"adeptus-astartes","braziers-of-judgement","Braziers of Judgement","inner-circle-companions","","After being attached to a unit, the attacking unit gets -1 to Hit rolls."
"adeptus-astartes","brutalis-charge","Brutalis Charge","brutalis-dreadnought","","Your unit suffers d3 mortal wounds."
"adeptus-astartes","captain-of-the-honour-guard","Captain of the Honour Guard","cato-sicarius","","You can include only one of this unit in your army."
"adeptus-astartes","catechism-of-fire","Catechism of Fire","chaplain-on-bike","","Until the end of the phase, the unit's weapons gain [DEVASTATING WOUNDS]."
"adeptus-astartes","centurion-assault-launcher","Centurion assault launcher","centurion-assault-squad","","This model's weapons gain [GRENADES]."
"adeptus-astartes","ceramite-cover","Ceramite Cover","hammerfall-bunker","","During the Shooting phase, the unit gains the Benefit of Cover ability."
"adeptus-astartes","cerebrex-logic-engine","Cerebrex Logic Engine","caanok-var","","For the rest of the battle: / When declaring Battle Formations, all friendly units gain the Select One Infantry Unit Gains Scouts 6 ability. / After deployment, all friendly units gain the Pregame Redeploy Up to Three Infantry Units ability."
"adeptus-astartes","champion-of-the-kingsguard","Champion of the Kingsguard","arjac-rockfist","","During the Fight phase, against CHARACTER targets: /   -> You can re-roll the Hit roll. /   -> You can re-roll the Wound roll."
"adeptus-astartes","chapter-master-of-the-raven-guard","Chapter Master of the Raven Guard","aethon-shaan","","When declaring Battle Formations, if the unit has the AETHON SHAAN keyword, if the unit has the KAYVAAN SHRIKE keyword, for the rest of the battle: /   -> The unit's weapons gain [CAPTAIN]. /   -> The unit gains the Remove Chapter Master Keyword ability. /   -> The unit gains the Remove Lone Operative ability."
"adeptus-astartes","close-quarters-firepower","Close-quarters Firepower","aggressor-squad","","During the Shooting phase, subtract 1 from the unit's Armour Penetration characteristic."
"adeptus-astartes","cold-and-calculating","Cold and Calculating","caanok-var","","The unit's weapons gain [LETHAL HITS]. / The unit's weapons gain [SUSTAINED HITS 1]."
"adeptus-astartes","combat-disembarkation","Combat Disembarkation","drop-pod","","The unit gains the Transport Disembark Modifier ability."
"adeptus-astartes","combat-squads","Combat Squads","tactical-squad","","The unit gains the Combat Squads ability."
"adeptus-astartes","command-squad","Command Squad","company-heroes","","After being attached to a unit, the attacking unit gets -1 to Wound rolls."
"adeptus-astartes","command-squad-bodyguard","COMMAND SQUAD BODYGUARD","company-veterans-on-bikes","","After being attached to a unit, the unit gains the Attached Unit Eligibility ability."
"adeptus-astartes","company-heroes","Company Heroes","company-heroes","","The unit gains the Forced Attachment ability."
"adeptus-astartes","condemnatory-annihilation","Condemnatory Annihilation","execrator","","Enemy units nearby must take a Battle-shock test."
"adeptus-astartes","crimson-fists","Crimson Fists","pedro-kantor","","This model gains the Faction Metadata ability."
"adeptus-astartes","crusade-of-wrath","Crusade of Wrath","high-marshal-helbrecht","","After being attached to a unit, add 1 to the unit's Strength characteristic."
"adeptus-astartes","cunning-hunters","Cunning Hunters","grey-hunters","","You can re-roll a Wound roll of 1."
"adeptus-astartes","curse-of-the-wulfen","Curse of the Wulfen","","","The unit gets +1 to its Objective Control characteristic."
"adeptus-astartes","cut-off-their-escape","Cut Off Their Escape","sammael","","Enemy units nearby: anti fallback."
"adeptus-astartes","dark-angels-bodyguard","Dark Angels Bodyguard","lion-eljonson","","If within 3"" of a friendly unit, for the rest of the battle, this model gains the Lone Operative ability."
"adeptus-astartes","deadly-demise-1","Deadly Demise 1","dreadnought;dreadnought-drop-pod;chaplain-venerable-dreadnought","","Before removing this model from the battlefield: /   -> Roll one D6: on a 6+, each enemy unit within 6"" suffers 1 mortal wound."
"adeptus-astartes","deadly-demise-2d6","Deadly Demise 2D6","sokar-pattern-stormbird","","Before removing this model from the battlefield: /   -> Roll one D6: on a 6+, each enemy unit within 6"" suffers 2D6 mortal wounds."
"adeptus-astartes","deadly-demise-d3","Deadly Demise D3","gladiator-lancer;rhino-primaris;relic-razorback;vindicator-laser-destroyer;xiphon-interceptor;whirlwind-scorpius;leviathan-dreadnought;sicaran-battle-tank","","Before removing this model from the battlefield: /   -> Roll one D6: on a 6+, each enemy unit within 6"" suffers D3 mortal wounds."
"adeptus-astartes","deadly-demise-d6","Deadly Demise D6","land-raider-crusader;land-raider;storm-eagle-gunship;fire-raptor-gunship;land-raider-helios;land-raider-prometheus;terminus-ultra;land-raider-achilles;land-raider-excelsior;spartan","","Before removing this model from the battlefield: /   -> Roll one D6: on a 6+, each enemy unit within 6"" suffers D6 mortal wounds."
"adeptus-astartes","deadly-demise-d6-2","Deadly Demise D6+2","astraeus","","Before removing this model from the battlefield: /   -> Roll one D6: on a 6+, each enemy unit within 6"" suffers D6+2 mortal wounds."
"adeptus-astartes","deadly-stalkers","Deadly Stalkers","wolf-scouts","","The unit gets +1 to Wound rolls."
"adeptus-astartes","deadly-terror","Deadly Terror","lieutenant-in-reiver-armour","","After being attached to a unit, add 3 to this model's Aura Range characteristic."
"adeptus-astartes","death-hold","Death-hold","carab-culln-the-risen","","During the Shooting phase, ignore engagement penalty this model's Hit rolls."
"adeptus-astartes","death-mask-of-sanguinius","Death Mask of Sanguinius","commander-dante","","During the Fight phase, enemy units nearby must take a Battle-shock test."
"adeptus-astartes","death-to-the-alien","Death to the Alien","deathwatch-veterans;decimus-kill-team","","You can re-roll a Hit roll of 1."
"adeptus-astartes","death-totem","Death Totem","wulfen-with-storm-shields","","During the Fight phase, you can re-roll a Hit roll of 1."
"adeptus-astartes","death-vision-of-sanguinius","Death Vision of Sanguinius","death-company-captain-with-jump-pack","","During the Fight phase, your unit suffers d3 mortal wounds."
"adeptus-astartes","deathstorm-assault","Deathstorm Assault","deathstorm-drop-pod","","The unit has the Deep Strike ability."
"adeptus-astartes","deathwing","Deathwing","deathwing-terminator-squad","","The unit gets +1 to Hit rolls."
"adeptus-astartes","decimator-protocols","Decimator Protocols","centurion-devastator-squad","","During the Shooting phase, you can re-roll a Hit roll of 1."
"adeptus-astartes","deeds-of-heroism","Deeds of Heroism","bladeguard-ancient","","Until the end of the phase, add 1 to the unit's Attacks characteristic."
"adeptus-astartes","deep-strike","Deep Strike","terminator-squad;lion-eljonson;terminator-assault-squad;dreadnought-drop-pod","","The unit has the Deep Strike ability."
"adeptus-astartes","defensive-array","Defensive Array","hammerfall-bunker","","You can use the Fire Overwatch or Heroic Stratagem on this model for 0CP."
"adeptus-astartes","demetrian-titus","DEMETRIAN TITUS","captain-titus","","You can include only one of this unit in your army."
"adeptus-astartes","deployment-complete","Deployment Complete","drop-pod","","This model gains the Special Embark Rule ability."
"adeptus-astartes","deredeo-strike","Deredeo Strike","deredeo-dreadnought","","During the Shooting phase, while the unit is below half strength, against A targets, you can re-roll the Hit roll."
"adeptus-astartes","designer-s-note","Designer’s Note","drop-pod","placeholder","Each time a model in this unit is destroyed, unless within ?"" of models on red sections, the unit gains the Passenger Relocation on Destruction ability."
"adeptus-astartes","destructor","Destructor","predator-destructor","","During the Shooting phase, against INFANTRY targets, subtract 1 from the unit's Armour Penetration characteristic."
"adeptus-astartes","driven-by-fury","Driven by Fury","death-company-dreadnought","","Modify the unit's characteristics."
"adeptus-astartes","drop-pod-assault","Drop Pod Assault","drop-pod;dreadnought-drop-pod","","The unit has the Deep Strike ability."
"adeptus-astartes","duty-eternal","Duty Eternal","redemptor-dreadnought;leviathan-dreadnought","","Each time an attack targets the unit, reduce the Damage of that attack by 1."
"adeptus-astartes","echo-of-the-ravenspire","Echo of the Ravenspire","kayvaan-shrike","","The unit has the Redeploy to Reserves ability."
"adeptus-astartes","embarking-within-transports","Embarking Within Transports","logan-grimnar","","This model gains the Special Embark Rule ability."
"adeptus-astartes","emergency-combat-embarkation","Emergency Combat Embarkation","repulsor","","The unit gains the Once Per Round Special ability."
"adeptus-astartes","engulfing-fear-psychic","Engulfing Fear (Psychic)","ezekiel","","During the Shooting phase, enemy units within 18"" must take a Battle-shock test."
"adeptus-astartes","enmity-for-the-unworthy","Enmity for the Unworthy","inner-circle-companions","","Against CHARACTER targets, the unit gets +1 to Hit rolls."
"adeptus-astartes","evade-and-survive","Evade and Survive","lieutenant-with-combi-weapon","","The unit has the Reactive Move ability."
"adeptus-astartes","even-in-death-i-serve","Even In Death I Serve","relic-contemptor-dreadnought","","Return 1 destroyed model to this model with full wounds."
"adeptus-astartes","executioner","Executioner","repulsor-executioner","","While the unit is below half strength, against A targets, the unit gets +1 to Hit rolls."
"adeptus-astartes","exemplar-of-hate","Exemplar of Hate","asmodai","","During the Fight phase, after being attached to a unit, you can re-roll the Hit roll."
"adeptus-astartes","exhortation-of-rage","Exhortation of Rage","chaplain-with-jump-pack","","Your unit suffers d3 mortal wounds."
"adeptus-astartes","exploit-their-cowardice","Exploit Their Cowardice","sword-brethren-squad","","Enemy units nearby: anti fallback."
"adeptus-astartes","explorator-augury-web","Explorator Augury Web","land-raider-proteus","","Enemy units cannot be set up from Reserves within 12"" of enemy units nearby."
"adeptus-astartes","feared-interrogator","Feared Interrogator","asmodai","","During the Fight phase, enemy units nearby must take a Battle-shock test."
"adeptus-astartes","fearsome-assault","Fearsome Assault","reiver-squad","","During the Fight phase, enemy units nearby must take a Battle-shock test."
"adeptus-astartes","feel-no-pain-4","Feel No Pain 4+","chief-librarian-mephiston","","The unit has the Feel No Pain 4+ ability."
"adeptus-astartes","feel-no-pain-5","Feel No Pain 5+","chaplain-grimaldus","","The unit has the Feel No Pain 5+ ability."
"adeptus-astartes","feel-no-pain-6","Feel No Pain 6+","death-company-dreadnought","","The unit has the Feel No Pain 6+ ability."
"adeptus-astartes","ferocious-assault","Ferocious Assault","sicaran-venator","","During the Shooting phase, the unit gets +1 to Hit rolls."
"adeptus-astartes","fervour-of-the-ancients-aura","Fervour of the Ancients (Aura)","venerable-dreadnought","","Friendly units nearby get +1 to Charge rolls."
"adeptus-astartes","fights-first","Fights First","chief-librarian-mephiston;lion-eljonson","","The unit has the Fights First ability."
"adeptus-astartes","finest-hour","Finest Hour","blood-angels-captain","","During the Fight phase, until the end of the phase: /   -> Add 3 to the unit's Attacks characteristic. /   -> The unit's weapons gain [DEVASTATING WOUNDS]."
"adeptus-astartes","fire-and-redeploy","Fire and Redeploy","javelin-attack-speeder","","During the Shooting phase, if not an enemy unit is within engagement range, until the end of the phase, the unit has the Move After Shoot D6"" ability."
"adeptus-astartes","fire-focus","Fire Focus","razorback","","During the Shooting phase, until the end of the turn, subtract 1 from the unit's Armour Penetration characteristic."
"adeptus-astartes","fire-support","Fire Support","razorback;relic-razorback","","During the Shooting phase, until the end of the phase, you can re-roll the Wound roll."
"adeptus-astartes","firing-deck-2","Firing Deck 2","rhino","","The unit gains the Firing Deck ability (2)."
"adeptus-astartes","firing-deck-6","Firing Deck 6","impulsor","","The unit gains the Firing Deck ability (6)."
"adeptus-astartes","for-the-chapter","For the Chapter!","hellblaster-squad","","Each time this model is destroyed, it can shoot before being removed from play."
"adeptus-astartes","force-of-untamed-destruction","Force of Untamed Destruction","murderfang","","This model cannot be your Warlord."
"adeptus-astartes","forlorn-hero","Forlorn Hero","death-company-captain","","After being attached to a unit, this model gains the Special Embark Rule ability."
"adeptus-astartes","fortification","Fortification","hammerfall-bunker","","During the Shooting phase, the attacking unit gets -1 to Hit rolls."
"adeptus-astartes","fortis-doctrines","Fortis Doctrines","fortis-kill-team","","While the unit is below its starting strength, while the unit is below half strength, against A targets, against A targets: /   -> The unit gets +1 to Hit rolls. /   -> The unit gets +1 to Wound rolls."
"adeptus-astartes","fury-of-the-first","Fury of the First","terminator-squad","","The unit gets +1 to Hit rolls."
"adeptus-astartes","fury-unbound","Fury Unbound","lemartes","","After being attached to a unit, the unit's weapons gain [LETHAL HITS]."
"adeptus-astartes","gene-seed-recovery","Gene-seed Recovery","apothecary","","You gain 1CP."
"adeptus-astartes","gift-of-the-iron-wolf","Gift of the Iron Wolf","iron-priest","","Until your next Command phase, return D3 destroyed models to this model with full wounds."
"adeptus-astartes","glory-of-ultramar","Glory of Ultramar","victrix-honour-guard","","During the Shooting phase, in the opponent's turn, when destroyed by a ranged attack, if not an enemy unit is within engagement range, until the end of the phase, the unit has the Surge Move D6"" ability."
"adeptus-astartes","grand-master-of-the-deathwing","Grand Master of the Deathwing","belial","","After being attached to a unit, the unit's weapons gain [PRECISION]."
"adeptus-astartes","grand-master-of-the-ravenwing","Grand Master of the Ravenwing","sammael","","After being attached to a unit, friendly units nearby get +1 to Charge rolls."
"adeptus-astartes","grapnel-launcher","Grapnel Launcher","reiver-squad","","The unit has the Ignore Vertical ability."
"adeptus-astartes","guardian-of-the-lost","Guardian of the Lost","lemartes","","After being attached to a unit, each time an attack targets the unit, reduce the Damage of that attack by 1."
"adeptus-astartes","guerrilla-tactics","Guerrilla Tactics","scout-squad","","The unit has the Redeploy to Reserves ability."
"adeptus-astartes","guidance-of-the-ancients-psychic","Guidance of the Ancients (Psychic)","venerable-dreadnought","","During the Shooting phase, until the end of the phase, the unit gets +1 to Hit rolls."
"adeptus-astartes","guile-of-the-wolf-aura","Guile of the Wolf (Aura)","logan-grimnar","","Against A targets, you gain 1CP."
"adeptus-astartes","hailstrike","Hailstrike","storm-speeder-hailstrike","","During the Shooting phase, until the end of the phase, subtract 1 from the unit's Armour Penetration characteristic."
"adeptus-astartes","hammer-blow","Hammer Blow","wulfen-with-storm-shields","","During the Fight phase, the attacking unit gets -1 to Hit rolls."
"adeptus-astartes","hammer-of-wrath","Hammer of Wrath","assault-intercessors-with-jump-packs","","Your unit suffers 1 mortal wound."
"adeptus-astartes","hammerstrike","Hammerstrike","storm-speeder-hammerstrike","","Until the end of the phase, the unit gains the Benefit of Cover ability."
"adeptus-astartes","haywire-mine","Haywire Mine","incursor-squad","","Once per battle, your unit suffers d3 mortal wounds."
"adeptus-astartes","headhunters","Headhunters","wolf-guard-headtakers","","The unit's weapons gain [DEVASTATING WOUNDS]. / The unit's weapons gain [PRECISION]."
"adeptus-astartes","healing-balms","Healing Balms","wolf-priest","","After being attached to a unit, return 1 destroyed model to the unit with full wounds."
"adeptus-astartes","heirs-of-azkaellon","Heirs of Azkaellon","sanguinary-guard","","During the Fight phase, after being attached to a unit, the attacking unit gets -1 to Wound rolls."
"adeptus-astartes","heirs-of-sigismund","Heirs of Sigismund","","","This model: army composition rule."
"adeptus-astartes","helix-gauntlet","Helix Gauntlet","spectrus-kill-team","","The unit has the Feel No Pain 6+ ability."
"adeptus-astartes","heroes-of-ultramar","HEROES OF ULTRAMAR","wardens-of-ultramar","","The unit gains the Forced Attachment ability."
"adeptus-astartes","heroic-last-stand","Heroic Last Stand","wolf-guard-battle-leader","","During the Fight phase, each time this model is destroyed, it can fight before being removed from play."
"adeptus-astartes","high-king-of-fenris","High King of Fenris","logan-grimnar","","Until the end of the phase, the unit gains the Once Per Battle Special ability."
"adeptus-astartes","high-marshal","High Marshal","high-marshal-helbrecht","","During the Fight phase, your unit suffers d3 mortal wounds."
"adeptus-astartes","honour-guard","Honour Guard","ultramarines-honour-guard","","After being attached to a unit, the attacking unit gets -1 to Wound rolls."
"adeptus-astartes","honour-guard-of-macragge","HONOUR GUARD OF MACRAGGE","ultramarines-honour-guard","","After being attached to a unit, the unit gains the Attached Unit Eligibility ability."
"adeptus-astartes","honour-of-ultramar","Honour of Ultramar","captain-titus","","During the Fight phase, return D3 destroyed models to this model with full wounds."
"adeptus-astartes","honour-or-death","Honour or Death","ravenwing-command-squad","","You can use the Fire Overwatch or Heroic Stratagem on this model for 0CP."
"adeptus-astartes","hood-of-hellfire","Hood of Hellfire","chief-librarian-tigurius","","After being attached to a unit, the unit has the Feel No Pain 4+ ability."
"adeptus-astartes","hover","Hover","nephilim-jetfighter;storm-eagle-gunship;fire-raptor-gunship","","This model has the Hover ability."
"adeptus-astartes","hunting-hounds","Hunting Hounds","fenrisian-wolves","","Unless while the unit is Battle-shocked, until the end of the battle round, this model gets -1 to its Objective Control characteristic."
"adeptus-astartes","icon-of-obstinacy","Icon of Obstinacy","darnath-lysander","","The attacking unit gets -1 to Wound rolls."
"adeptus-astartes","icon-of-old-caliban-aura","Icon of Old Caliban (Aura)","ravenwing-darkshroud","","During the Shooting phase, the unit gains the Benefit of Cover ability."
"adeptus-astartes","incendiary-terror","Incendiary Terror","infernus-squad","","During the Shooting phase, enemy units nearby must take a Battle-shock test."
"adeptus-astartes","indomitor-doctrines","Indomitor Doctrines","indomitor-kill-team","","During the Fight phase, if the unit charged this turn, add 2 to the unit's Strength characteristic."
"adeptus-astartes","infernum-halo-launcher","Infernum Halo-launcher","corvus-blackstar","","This model's weapons gain [SMOKE]."
"adeptus-astartes","infiltrator-comms-array","Infiltrator Comms Array","spectrus-kill-team","","You gain 1CP."
"adeptus-astartes","infiltrators","Infiltrators","spectrus-kill-team","","Once per battle, the unit has the Infiltrators ability."
"adeptus-astartes","inner-circle","Inner Circle","deathwing-knights","","Each time an attack targets the unit, reduce the Damage of that attack by 1."
"adeptus-astartes","inspirational-exemplar","Inspirational Exemplar","marshal","","During the Fight phase, after being attached to a unit, the unit gets -5 to Hit rolls."
"adeptus-astartes","inspiring-commander","Inspiring Commander","darnath-lysander","","If the unit has the TERMINATOR-ASSAULT-SQUAD keyword or if the unit has the TERMINATOR-SQUAD keyword, unless the unit has the CHARACTER keyword, unless while the unit is Battle-shocked, for the rest of the battle, the unit gets -2 to its Objective Control characteristic."
"adeptus-astartes","inspiring-leader","Inspiring Leader","marneus-calgar-in-armour-of-antilochus","","The unit is eligible to shoot and declare a charge in a turn in which it Fell Back."
"adeptus-astartes","instigator-bolt-carbine","Instigator Bolt Carbine","spectrus-kill-team","","During the Shooting phase, until the end of the turn, the unit has the Shoot and Scoot ability."
"adeptus-astartes","interception-strike","Interception Strike","repulsor-executioner","","During the Shooting phase, you can re-roll the Hit roll."
"adeptus-astartes","interceptor","Interceptor","stormhawk-interceptor;xiphon-interceptor","","During the Shooting phase, against A targets, the unit gets +1 to Hit rolls."
"adeptus-astartes","into-the-foe","Into the Foe","caestus-assault-ram","","Until the end of the turn, the unit gains the Transport Disembark Modifier ability."
"adeptus-astartes","intractable-will","Intractable Will","lazarus","","During the Fight phase, after being attached to a unit, each time this model is destroyed, it can fight before being removed from play."
"adeptus-astartes","inviolable-transport","Inviolable Transport","mastodon","","Once per battle, each time an attack targets this model, reduce the Damage of that attack to 0."
"adeptus-astartes","iron-father","Iron Father","iron-father-feirros","","This model gains the Lone Operative ability."
"adeptus-astartes","iron-priest","Iron Priest","iron-priest","","This model gains the Lone Operative ability."
"adeptus-astartes","isolate-and-destroy","Isolate and Destroy","land-speeder-tempest","","The unit gets +1 to Wound rolls."
"adeptus-astartes","judgement-of-the-omnissiah","Judgement of the Omnissiah","iron-priest","","You can re-roll the Wound roll."
"adeptus-astartes","judgement-of-the-weak","Judgement of the Weak","terminator-squad","","Enemy units nearby: anti fallback."
"adeptus-astartes","keep-the-banner-high","Keep the Banner High","ancient-in-terminator-armour","","While the unit is below its starting strength, while the unit is below half strength, after being attached to a unit: /   -> The unit gets +1 to Hit rolls. /   -> The unit gets +1 to Wound rolls."
"adeptus-astartes","kill-teams","Kill Teams","","","This model gains the Special Embark Rule ability."
"adeptus-astartes","knight-champion-of-macragge","Knight Champion of Macragge","cato-sicarius","","The unit has the Reactive Move ability."
"adeptus-astartes","knights-of-caliban","Knights of Caliban","ravenwing-black-knights","","If the unit charged this turn, until the end of the phase, the unit's weapons gain [ANTI MONSTER 4+]."
"adeptus-astartes","last-survivor","Last Survivor","lieutenant-with-combi-weapon","","For the rest of the battle, this model gains the Cannot Be Warlord ability."
"adeptus-astartes","leader","Leader","high-marshal-helbrecht","","The unit gains the Leader ability."
"adeptus-astartes","legacy-of-jerulas","Legacy of Jerulas","land-raider-crusader","","During the Shooting phase, until the end of the turn: /   -> You can re-roll a Hit roll of 1. /   -> You can re-roll a Wound roll of 1."
"adeptus-astartes","legendary-tenacity","Legendary Tenacity","bjorn-the-fell-handed","","The attacking unit gets -1 to Wound rolls."
"adeptus-astartes","let-loose-the-wolves","Let Loose the Wolves","wolf-guard-headtakers","","When declaring Battle Formations, for the rest of the battle, this model gains the Split By Headtakers Hunting Wolves ability."
"adeptus-astartes","lightning-fast-manoeuvres","Lightning-fast Manoeuvres","nephilim-jetfighter","","During the Shooting phase, the attacking unit gets -1 to Hit rolls."
"adeptus-astartes","line-breaker","Line-breaker","kratos","","During the Shooting phase, this model gains the Target in Engagement ability."
"adeptus-astartes","litanies-of-the-devout","Litanies of the Devout","chaplain-grimaldus","","During the Fight phase, after being attached to a unit, you can re-roll the Hit roll."
"adeptus-astartes","litany-of-hate","Litany of Hate","chaplain-in-terminator-armour","","During the Fight phase, after being attached to a unit, the unit gets +1 to Wound rolls."
"adeptus-astartes","lone-operative","Lone Operative","chief-librarian-mephiston","","This model can only be targeted if it is the closest eligible target or within 12""."
"adeptus-astartes","lord-calgar","Lord Calgar","marneus-calgar-in-armour-of-antilochus","","You can include only one of this unit in your army."
"adeptus-astartes","lord-of-the-pyroclasts","Lord of the Pyroclasts","adrax-agatone","","Halve the Objective Control characteristic of enemy units nearby."
"adeptus-astartes","lost-to-fury","Lost to Fury","death-company-captain-with-jump-pack","","After being attached to a unit, the unit's weapons gain [SUSTAINED HITS 1]."
"adeptus-astartes","mark-the-target","Mark the Target","eliminator-squad","","The unit's weapons gain [DEVASTATING WOUNDS]."
"adeptus-astartes","martial-honour","Martial Honour","crusade-ancient","","Once per battle, during the Fight phase, with melee attacks, if 1+ enemy units destroyed phase, for the rest of the battle, unless while the unit is Battle-shocked, this model gets +5 to its Objective Control characteristic."
"adeptus-astartes","martial-superiority","Martial Superiority","company-champion-on-bike","","During the Fight phase, against CHARACTER targets: /   -> You can re-roll the Hit roll. /   -> You can re-roll the Wound roll."
"adeptus-astartes","mass-of-doom","Mass of Doom","astorath","","Until the end of the turn, the unit's weapons gain [DEVASTATING WOUNDS]."
"adeptus-astartes","master-of-deceit","Master of Deceit","captain-in-phobos-armour","","All friendly units gain the Pregame Redeploy Up to Three Infantry Units May Enter Strategic Reserves ability."
"adeptus-astartes","master-of-prescience-psychic","Master of Prescience (Psychic)","chief-librarian-tigurius","","Once per battle, after being attached to a unit, the attacking unit gets -1 to Hit rolls."
"adeptus-astartes","master-of-shadows","Master of Shadows","aethon-shaan","","Until your next Command phase, you can re-roll the Charge roll."
"adeptus-astartes","master-of-the-fleet","Master of the Fleet","uriel-ventris","","When declaring Battle Formations, if the unit has the ADEPTUS-ASTARTES keyword, if the unit has the INFANTRY keyword, if the unit has the PHOBOS keyword or if the unit has the GRAVIS keyword or if the unit has the TACTICUS keyword, for the rest of the battle, the unit has the Deep Strike ability."
"adeptus-astartes","master-of-the-forge","Master of the Forge","iron-father-feirros","","Until your next Command phase, the unit gets +1 to Hit rolls."
"adeptus-astartes","master-tactician","Master Tactician","marneus-calgar-in-armour-of-antilochus","","You gain 1CP."
"adeptus-astartes","masterful-tactician","Masterful Tactician","azrael","","You gain 1CP."
"adeptus-astartes","mental-fortress-psychic","Mental Fortress (Psychic)","librarian","","After being attached to a unit, this model has a 4+ invulnerable save."
"adeptus-astartes","meteoric-descent","Meteoric Descent","inceptor-squad","","During the Movement phase, when it is set up by Deep Strike, until the end of the turn: /   -> The unit has the Deep Strike Exclusion Range 6"" ability. /   -> The unit: cannot charge."
"adeptus-astartes","miraculous-saviour","Miraculous Saviour","the-sanguinor","","Once per battle, if the unit charged this turn, the unit gains the Once Per Battle Special ability."
"adeptus-astartes","mission-tactics","Mission Tactics","decimus-kill-team","","Modify the unit's characteristics."
"adeptus-astartes","mortis-strike","Mortis Strike","mortis-dreadnought","","During the Shooting phase, while the unit is below half strength, against A targets, you can re-roll the Hit roll."
"adeptus-astartes","multi-spectrum-array","Multi-spectrum Array","incursor-squad","","Until the end of the phase, the unit gets +1 to Hit rolls."
"adeptus-astartes","murder-maker","Murder-maker","murderfang","","During the Fight phase, each time this model is destroyed, it can fight before being removed from play."
"adeptus-astartes","narthecium","Narthecium","ravenwing-command-squad","","Return 1 destroyed model to the unit with full wounds."
"adeptus-astartes","oath-of-moment","Oath of Moment","lion-eljonson;decimus-kill-team;terminator-assault-squad;land-raider;dreadnought-drop-pod;chaplain-venerable-dreadnought;rhino-primaris;relic-razorback;vindicator-laser-destroyer;xiphon-interceptor;whirlwind-scorpius;leviathan-dreadnought;sicaran-battle-tank;storm-eagle-gunship;fire-raptor-gunship;land-raider-helios;land-raider-prometheus;terminus-ultra;land-raider-achilles;land-raider-excelsior;spartan;tarantula-sentry-battery","","Until your next Command phase: / You can re-roll the Hit roll. / You can re-roll the Wound roll."
"adeptus-astartes","oath-of-rynn","Oath of Rynn","pedro-kantor","","Until the end of the turn, add 1 to the unit's Attacks characteristic."
"adeptus-astartes","oathbound","Oathbound","ulrik-the-slayer","","During the Fight phase, after being attached to a unit, against A targets: /   -> The unit gets +1 to Hit rolls. /   -> The unit gets +1 to Wound rolls."
"adeptus-astartes","objective-secured","Objective Secured","intercessor-squad","","The unit retains control of objective markers even after no models remain in range, until the enemy retakes them (sticky objectives)."
"adeptus-astartes","omni-scramblers","Omni-scramblers","infiltrator-squad","","For the rest of the battle, enemy units nearby: prevents enemy reserves within 12."
"adeptus-astartes","orbital-comms-array-aura","Orbital Comms Array (Aura)","impulsor;rhino-primaris","","You gain 1CP."
"adeptus-astartes","outrider-escort","Outrider Escort","invader-atv","","During the Shooting phase, the unit gains the Once Per Round Special ability."
"adeptus-astartes","overcharged-engines","Overcharged Engines","baal-predator","","For the rest of the battle, this model gains the Reroll Advance ability."
"adeptus-astartes","overwhelming-short-range-firepower","Overwhelming Short-range Firepower","sicaran-omega","","You can re-roll a Hit roll of 1."
"adeptus-astartes","pinning-bombardment","Pinning Bombardment","whirlwind;whirlwind-scorpius","","During the Shooting phase, enemy units nearby must take a Battle-shock test."
"adeptus-astartes","pious-fervour","Pious Fervour","marshal","","Until the end of the phase, add 1 to the unit's Attacks characteristic."
"adeptus-astartes","powerful-volley","Powerful Volley","rapier-carrier","","During the Shooting phase, if the unit Remained Stationary, the unit's weapons gain [LETHAL HITS]."
"adeptus-astartes","predatory-instinct","Predatory Instinct","fenrisian-wolves","","The unit has the Reactive Move ability."
"adeptus-astartes","press-the-attack","Press the Attack","captain-titus","","The unit's weapons gain [SUSTAINED HITS 1]."
"adeptus-astartes","primarch-of-the-first-legion","Primarch of the First Legion","lion-eljonson","","During the Command phase, at the start of the turn, until the end of the battle round, this model gains the Primarch of the First Legion Selection ability."
"adeptus-astartes","prioritised-eradication","Prioritised Eradication","castellan","","During the Fight phase, you gain 1CP."
"adeptus-astartes","priority-objective-identified","Priority Objective Identified","lieutenant-with-combi-weapon","","You can re-roll a Wound roll of 1."
"adeptus-astartes","priority-target-acquisition","Priority Target Acquisition","gladiator-valiant","","The unit gets +1 to Hit rolls."
"adeptus-astartes","psychic-hood","Psychic Hood","ezekiel","","After being attached to a unit, the unit has the Feel No Pain 4+ ability."
"adeptus-astartes","rampart","Rampart","darnath-lysander","","Until the end of the phase, this model has a 2+ invulnerable save."
"adeptus-astartes","reaping-tally","Reaping Tally","gladiator-reaper","","The unit's weapons gain [SUSTAINED HITS 2]."
"adeptus-astartes","recitation-of-faith","Recitation of Faith","chaplain-in-terminator-armour","","After being attached to a unit, the unit has the Feel No Pain 4+ ability."
"adeptus-astartes","redeemer-of-the-lost","Redeemer of the Lost","astorath","","During the Fight phase, after being attached to a unit, each time this model is destroyed, it can fight before being removed from play."
"adeptus-astartes","refractor-field","Refractor Field","wardens-of-ultramar","","This model has a 5+ invulnerable save."
"adeptus-astartes","refuse-to-yield","Refuse to Yield","captain-in-gravis-armour","","Each time an attack targets the unit, halve the Damage of that attack."
"adeptus-astartes","reiver-grav-chute","Reiver Grav-chute","reiver-squad","","This model has the Deep Strike ability."
"adeptus-astartes","relic-shield","Relic Shield","captain-with-jump-pack","","Modify this model's Wounds characteristic to 6."
"adeptus-astartes","remorseless-persecution","Remorseless Persecution","execrator","","After being attached to a unit, the unit gains the Charge After Advance ability."
"adeptus-astartes","reposition-under-covering-fire","Reposition Under Covering Fire","eliminator-squad","","During the Shooting phase, until the end of the turn, the unit has the Shoot and Scoot ability."
"adeptus-astartes","righteous-zeal","Righteous Zeal","crusader-squad","","During the Shooting phase, in either player's turn, when destroyed by a ranged attack, unless while the unit is Battle-shocked, unless while an enemy unit is within engagement range, until the end of the phase, the unit has the Righteous Zeal 2"" ability."
"adeptus-astartes","rites-of-battle","Rites of Battle","blood-angels-captain;land-raider-excelsior","","Once per battle, you can use one Stratagem on this model for 0CP."
"adeptus-astartes","rites-of-tempering","Rites of Tempering","iron-father-feirros","","After being attached to a unit, the unit has the Feel No Pain 5+ ability."
"adeptus-astartes","rolling-fortress","Rolling Fortress","fellblade","","During the Shooting phase, the unit gains the Benefit of Cover ability."
"adeptus-astartes","rotating-death","Rotating Death","sicaran-punisher","","The unit's weapons gain [SUSTAINED HITS 1]."
"adeptus-astartes","rugged-resilience","Rugged Resilience","wolf-guard-terminators","","The attacking unit gets -1 to Wound rolls."
"adeptus-astartes","sagas","Sagas","","","Modify the unit's characteristics."
"adeptus-astartes","sanguinary-banner","Sanguinary Banner","sanguinary-guard","","The unit gets +1 to its Objective Control characteristic."
"adeptus-astartes","sanguinary-priest","Sanguinary Priest","sanguinary-priest","","After being attached to a unit, the unit has the Feel No Pain 5+ ability."
"adeptus-astartes","savage-frenzy","Savage Frenzy","wulfen","","Enemy units nearby: anti fallback."
"adeptus-astartes","savage-fury","Savage Fury","death-company-marines-with-jump-packs","","You can re-roll the Charge roll."
"adeptus-astartes","scouts-6","Scouts 6""","spectrus-kill-team","","Once per battle, the unit has the Scouts 6"" ability."
"adeptus-astartes","scouts-7","Scouts 7""","wolf-scouts","","Once per battle, the unit has the Scouts 7"" ability."
"adeptus-astartes","scouts-8","Scouts 8""","invictor-tactical-warsuit","","Once per battle, the unit has the Scouts 8"" ability."
"adeptus-astartes","second-company-banner","Second Company Banner","wardens-of-ultramar","","The unit gets +1 to its Objective Control characteristic."
"adeptus-astartes","self-repair","Self Repair","rhino;rhino-primaris","","Return 1 destroyed model to this model with full wounds."
"adeptus-astartes","sentinel-protocols","Sentinel Protocols","firestrike-servo-turrets;tarantula-sentry-battery","","The unit gets -4 to Hit rolls (overwatch)."
"adeptus-astartes","sentry-programming","Sentry Programming","tarantula-air-defence-battery","","You can use the Fire Overwatch or Heroic Stratagem on this model for 0CP."
"adeptus-astartes","shield-dome","Shield Dome","impulsor","","This model has a 5+ invulnerable save."
"adeptus-astartes","shrouding-psychic","Shrouding (Psychic)","librarian-in-phobos-armour","","During the Shooting phase, after being attached to a unit, this model can only target enemy units within 12""."
"adeptus-astartes","siege-captain","Siege Captain","tor-garadon","","Subtract 2 from the unit's Armour Penetration characteristic."
"adeptus-astartes","siege-shield","Siege Shield","vindicator","","During the Shooting phase, this model gains the Target in Engagement ability."
"adeptus-astartes","signum","Signum","devastator-squad","","The unit's weapons gain [IGNORES COVER]."
"adeptus-astartes","signum-array","Signum Array","tor-garadon","","After being attached to a unit, the unit's weapons gain [IGNORES COVER]."
"adeptus-astartes","silent-fury","Silent Fury","judiciar","","Add 1 to the unit's Attacks characteristic."
"adeptus-astartes","skilled-riders","Skilled Riders","suboden-khan","","When it makes a Normal move or when it makes an Advance move or when it makes a Fall Back move or when it makes a Charge move, for the rest of the battle, the unit has the Terrain Passthrough ability."
"adeptus-astartes","slayer-s-oath","Slayer’s Oath","ulrik-the-slayer","","You can re-roll the Hit roll."
"adeptus-astartes","sons-of-russ","Sons of Russ","","","This model: army composition rule."
"adeptus-astartes","space-marine-chapters","Space Marine Chapters","","","This model: army composition rule."
"adeptus-astartes","spear-of-chogoris","Spear of Chogoris","suboden-khan","","The unit is eligible to shoot and declare a charge in a turn in which it Fell Back."
"adeptus-astartes","specialised-weapon-system","Specialised Weapon System","sicaran-arcus","","The unit's weapons gain [IGNORES COVER]."
"adeptus-astartes","spectrus-doctrines","Spectrus Doctrines","spectrus-kill-team","","The unit has the Redeploy to Reserves ability."
"adeptus-astartes","spiritual-leader","Spiritual Leader","chaplain;chaplain-venerable-dreadnought","","Once per battle, the unit gains the Once Per Battle Special ability."
"adeptus-astartes","stabilised-disembarkation","Stabilised Disembarkation","repulsor","","Modify the unit's characteristics."
"adeptus-astartes","stasis-bomb","Stasis Bomb","ravenwing-dark-talon","","Once per battle, your unit suffers d3 mortal wounds."
"adeptus-astartes","stealth","Stealth","corvus-blackstar","","The attacking unit gets -1 to Hit rolls."
"adeptus-astartes","sternguard-focus","Sternguard Focus","sternguard-veteran-squad","","You can re-roll the Wound roll."
"adeptus-astartes","storm-of-vengeance","Storm of Vengeance","land-speeder-vengeance","","During the Shooting phase, the unit gains the Once Per Round Special ability."
"adeptus-astartes","storm-shield","Storm Shield","deathwatch-terminator-squad;terminator-assault-squad","","Modify this model's Wounds characteristic to 4."
"adeptus-astartes","strafing-run","Strafing Run","stormtalon-gunship;fire-raptor-gunship","","During the Shooting phase, against A targets, the unit gets +1 to Hit rolls."
"adeptus-astartes","strategic-dispersal","Strategic Dispersal","lieutenant-in-phobos-armour","","During the Shooting phase, until the end of the turn, the unit has the Shoot and Scoot ability."
"adeptus-astartes","strategic-knowledge","Strategic Knowledge","watch-master","","After being attached to a unit, the unit is eligible to shoot and declare a charge in a turn in which it Fell Back."
"adeptus-astartes","strategium-command","Strategium Command","wardens-of-ultramar","","All friendly units gain the Pregame Redeploy Up to Three Units May Enter Strategic Reserves ability."
"adeptus-astartes","strikes-of-retribution","Strikes of Retribution","belial","","During the Fight phase, your unit suffers 1 mortal wound."
"adeptus-astartes","sunderer-of-fortresses","Sunderer of Fortresses","typhon","","Against FORTIFICATION targets: /   -> Add 2 to the unit's Strength characteristic. /   -> Add 2 to the unit's Damage characteristic."
"adeptus-astartes","suppression-fire","Suppression Fire","suppressor-squad","","During the Shooting phase, the attacking unit gets -1 to Hit rolls."
"adeptus-astartes","supreme-commander","Supreme Commander","roboute-guilliman;lion-eljonson","","This model must be your Warlord."
"adeptus-astartes","supreme-grand-master","Supreme Grand Master","azrael","","After being attached to a unit, the unit's weapons gain [SUSTAINED HITS 1]."
"adeptus-astartes","surgical-precision","Surgical Precision","apothecary-biologis","","After being attached to a unit, the unit's weapons gain [LETHAL HITS]."
"adeptus-astartes","swift-assault","Swift Assault","imperial-space-marine","","After being attached to a unit, the unit's weapons gain [ASSAULT]."
"adeptus-astartes","tactical-instinct","Tactical Instinct","watch-captain-artemis","","After being attached to a unit, the unit's weapons gain [LETHAL HITS]."
"adeptus-astartes","tactical-precision","Tactical Precision","lieutenant","","After being attached to a unit, the unit's weapons gain [LETHAL HITS]."
"adeptus-astartes","talonstrike-doctrines","Talonstrike Doctrines","talonstrike-kill-team","","Until the end of the turn, subtract 1 from the unit's Armour Penetration characteristic."
"adeptus-astartes","target-elimination","Target Elimination","intercessor-squad","","Until the end of the phase, add 2 to the unit's Attacks characteristic."
"adeptus-astartes","target-priority","Target Priority","lieutenant","","The unit is eligible to shoot and declare a charge in a turn in which it Fell Back."
"adeptus-astartes","targeted-intercession","Targeted Intercession","assault-intercessor-squad","","During the Fight phase, you can re-roll a Wound roll of 1."
"adeptus-astartes","targeter-optics","Targeter Optics","desolation-squad","","The unit's weapons gain [IGNORES COVER]."
"adeptus-astartes","techmarine","Techmarine","techmarine","","This model gains the Lone Operative ability."
"adeptus-astartes","teleport-homer","Teleport Homer","terminator-squad;terminator-assault-squad","","Once per battle, you can use one Stratagem on this model for 0CP."
"adeptus-astartes","tempered-ferocity","Tempered Ferocity","wolf-guard-battle-leader","","After being attached to a unit: /   -> You can re-roll a Hit roll of 1. /   -> The unit's weapons gain [SUSTAINED HITS 1]."
"adeptus-astartes","tempest-s-wrath-psychic","Tempest’s Wrath (Psychic)","njal-stormcaller","","During the Shooting phase, your unit gains the Post Attack Debuff ability."
"adeptus-astartes","templar-vows","Templar Vows","","","During the Fight phase: /   -> You can re-roll the Charge roll. /   -> The unit gets +1 to Wound rolls. /   -> The unit's weapons gain [PRECISION]."
"adeptus-astartes","temple-relics","Temple Relics","chaplain-grimaldus","","During the Command phase, if the unit has the CENOBYTE SERVITOR keyword, until the end of the turn, this model gains the Temple Relics ability."
"adeptus-astartes","tempormortis","Tempormortis","judiciar","","After being attached to a unit, the unit has the Fights First ability."
"adeptus-astartes","terminator-storm-shield","Terminator Storm Shield","ancient-in-terminator-armour","","Modify this model's Wounds characteristic to 6."
"adeptus-astartes","terminatus-assault","Terminatus Assault","deathwatch-terminator-squad;terminator-assault-squad","","You can re-roll the Charge roll."
"adeptus-astartes","termite-assault","Termite Assault","terrax-pattern-termite","","The unit has the Deep Strike ability."
"adeptus-astartes","terror-troops-aura","Terror Troops (Aura)","reiver-squad","","Modify the unit's characteristics."
"adeptus-astartes","the-deathwing","The Deathwing","","","This model gains the Faction Metadata ability."
"adeptus-astartes","the-emperors-shield","The Emperor’s Shield","lion-eljonson","","Modify the unit's characteristics."
"adeptus-astartes","the-lion-helm","The Lion Helm","azrael","","Until the end of the phase, the unit has the Feel No Pain 4+ ability."
"adeptus-astartes","the-quickening-psychic","The Quickening (Psychic)","chief-librarian-mephiston","","The unit gains the Charge After Advance ability."
"adeptus-astartes","the-ravenwing","The Ravenwing","","","This model gains the Faction Metadata ability."
"adeptus-astartes","the-sons-of-sanguinius","The Sons of Sanguinius","","","This model: army composition rule."
"adeptus-astartes","the-spiritshield-helm","The Spiritshield Helm","lazarus","","The unit has the Feel No Pain 3+ ability."
"adeptus-astartes","the-unforgiven","The Unforgiven","","","This model: army composition rule."
"adeptus-astartes","thunderhawk","Thunderhawk","thunderhawk-gunship","","This model gains the Transport Capacity 30 with Keyword Multipliers ability."
"adeptus-astartes","thunderhawk-cluster-bombs","Thunderhawk Cluster Bombs","thunderhawk-gunship","","Your unit suffers 1 mortal wound."
"adeptus-astartes","thunderous-charge","Thunderous Charge","thunderwolf-cavalry","","During the Fight phase, if the unit charged this turn, add 1 to the unit's Damage characteristic."
"adeptus-astartes","thunderous-impact","Thunderous Impact","outrider-squad","","During the Fight phase, if the unit charged this turn: /   -> Add 1 to the unit's Strength characteristic. /   -> Add 1 to the unit's Damage characteristic."
"adeptus-astartes","thunderstrike","Thunderstrike","storm-speeder-thunderstrike","","During the Shooting phase, until the end of the phase, the unit gets +1 to Wound rolls."
"adeptus-astartes","titan-killer","Titan-killer","falchion","","During the Shooting phase, the unit's weapons gain [DEVASTATING WOUNDS]."
"adeptus-astartes","to-the-last","To the Last","pedro-kantor","","While the unit is below its starting strength, while the unit is below half strength, after being attached to a unit: /   -> The unit gets +1 to Hit rolls. /   -> The unit gets +1 to Wound rolls."
"adeptus-astartes","total-obliteration","Total Obliteration","eradicator-squad","","During the Shooting phase: /   -> You can re-roll the Hit roll. /   -> You can re-roll the Wound roll. /   -> You can re-roll the Damage roll."
"adeptus-astartes","transfixing-gaze-aura-psychic","Transfixing Gaze (Aura, Psychic)","chief-librarian-mephiston","","At fall back selected, for the rest of the battle, enemy units nearby gain the Fallback Denial on Leadership Failure ability."
"adeptus-astartes","trifold-path-of-shadow","Trifold Path of Shadow","kayvaan-shrike","","During the Shooting phase, after being attached to a unit, this model can only target enemy units within 12""."
"adeptus-astartes","truesilver-aegis-aura","Truesilver Aegis (Aura)","rhino","","The unit has the Feel No Pain 6+ ability."
"adeptus-astartes","ultramarines-bodyguard","Ultramarines Bodyguard","roboute-guilliman","","This model gains the Lone Operative ability."
"adeptus-astartes","ultramarines-honour-guard","Ultramarines Honour Guard","victrix-honour-guard","","After being attached to a unit, the attacking unit gets -1 to Wound rolls."
"adeptus-astartes","unbreakable-duty","Unbreakable Duty","ancient","","The unit has the Feel No Pain 4+ ability."
"adeptus-astartes","unorthodox-strategist","Unorthodox Strategist","uriel-ventris","","Against A targets, you gain 1CP."
"adeptus-astartes","unstoppable-champion","Unstoppable Champion","watch-captain-artemis","","The first time a model in this unit is destroyed, for the rest of the battle, at the end of the phase, roll one D6: on a 2+, return 1 destroyed model to this model with full wounds."
"adeptus-astartes","unstoppable-valour","Unstoppable Valour","captain-in-terminator-armour","","You can re-roll the Charge roll."
"adeptus-astartes","unto-the-anvil","Unto the Anvil","adrax-agatone","","During the Fight phase, after being attached to a unit, you can re-roll the Wound roll."
"adeptus-astartes","unyielding-in-the-face-of-the-foe","Unyielding in the Face of the Foe","heavy-intercessor-squad","","Add 1 to the unit's Save characteristic."
"adeptus-astartes","vanguard-assault","Vanguard Assault","vanguard-veteran-squad-with-jump-packs","","Until the end of the turn, the unit's weapons gain [LETHAL HITS]."
"adeptus-astartes","vanguard-support","Vanguard Support","invictor-tactical-warsuit","","During the Shooting phase, the unit gains the Once Per Round Special ability."
"adeptus-astartes","vehement-aggression","Vehement Aggression","castellan","","After being attached to a unit, until the end of the phase, you can re-roll a Hit roll of 1."
"adeptus-astartes","veil-of-time-psychic","Veil of Time (Psychic)","librarian-in-terminator-armour","","After being attached to a unit, the unit's weapons gain [SUSTAINED HITS 1]."
"adeptus-astartes","vengeance-of-the-omnissiah","Vengeance of the Omnissiah","techmarine","","If 1+ friendly units destroyed, if the unit has the VEHICLE keyword, if the unit has the ADEPTUS-ASTARTES keyword, for the rest of the battle, modify this model's Attacks characteristic to 7 (melee)."
"adeptus-astartes","vengeful-exhortation","Vengeful Exhortation","crusade-ancient","","During the Fight phase, after being attached to a unit, each time this model is destroyed, it can fight before being removed from play."
"adeptus-astartes","violent-fury","Violent Fury","wulfen-dreadnought","","The unit's weapons gain [TWIN LINKED]."
"adeptus-astartes","virtuous-onslaught","Virtuous Onslaught","sternguard-veteran-squad","","You can re-roll a Wound roll of 1."
"adeptus-astartes","visions-of-heresy","Visions of Heresy","death-company-marines-with-bolt-rifles","","During the Shooting phase: /   -> You can re-roll the Hit roll. /   -> You can re-roll the Charge roll."
"adeptus-astartes","vivispectrum","Vivispectrum","apothecary-biologis","","Each time an enemy unit is destroyed in melee, for the rest of the battle, this model gets -9 to its Objective Control characteristic."
"adeptus-astartes","war-howl","War Howl","ragnar-blackmane","","During the Fight phase, after being attached to a unit, you can re-roll the Wound roll."
"adeptus-astartes","warden-of-the-imperium-nihilus","Warden of the Imperium Nihilus","commander-dante","","After being attached to a unit, the unit gets +1 to Hit rolls."
"adeptus-astartes","watch-master","Watch Master","watch-master","","Once per battle, you can use one Stratagem on this model for 0CP."
"adeptus-astartes","watcher-in-the-dark","Watcher in the Dark","deathwing-terminator-squad","","Until the end of the phase, the unit has the Feel No Pain 4+ ability."
"adeptus-astartes","wind-walker-psychic","Wind Walker (Psychic)","njal-stormcaller","","After being attached to a unit, until the end of the phase, the unit's weapons gain [ASSAULT]."
"adeptus-astartes","wisdom-of-the-ancients-aura","Wisdom of the Ancients (Aura)","dreadnought","","You can re-roll a Hit roll of 1."
"adeptus-custodes","advanced-firepower","Advanced Firepower","caladius-grav-tank","","The unit's weapons gain [LETHAL HITS]."
"adeptus-custodes","assault-dropship","Assault Dropship","orion-assault-dropship","","Until the end of the turn, the unit gains the Transport Disembark Modifier ability."
"adeptus-custodes","assault-ramp","Assault Ramp","venerable-land-raider","","The unit gains the Transport Disembark Modifier ability."
"adeptus-custodes","auramite-and-adamantine","Auramite and Adamantine","shield-captain-in-allarus-terminator-armour","","Until the end of the phase, the unit gains the Once Per Battle Special ability."
"adeptus-custodes","auramite-sarcophagus","Auramite Sarcophagus","","","You can use one Stratagem on this model for 0CP. / Applies to: units with Adeptus Custodes, Walker."
"adeptus-custodes","captain-general","Captain-General","trajann-valoris","","After being attached to a unit, ignore modifiers the unit's All rolls."
"adeptus-custodes","corner-the-quarry","Corner the Quarry","knight-centura","","Enemy units nearby: anti fallback."
"adeptus-custodes","custodian-guard","Custodian Guard","sagittarum-custodians","","After being attached to a unit, the unit gains the Attached Unit Eligibility ability."
"adeptus-custodes","daughter-of-the-abyss","Daughter of the Abyss","knight-centura","","The unit has the Feel No Pain 3+ ability."
"adeptus-custodes","daughters-of-the-abyss","Daughters of the Abyss","vigilators","","The unit has the Feel No Pain 3+ ability."
"adeptus-custodes","deadly-demise-1","Deadly Demise 1","contemptor-achillus-dreadnought","","Before removing this model from the battlefield: /   -> Roll one D6: on a 6+, each enemy unit within 6"" suffers 1 mortal wound."
"adeptus-custodes","deadly-demise-d3","Deadly Demise D3","telemon-heavy-dreadnought","","Before removing this model from the battlefield: /   -> Roll one D6: on a 6+, each enemy unit within 6"" suffers D3 mortal wounds."
"adeptus-custodes","deadly-demise-d6","Deadly Demise D6","ares-gunship","","Before removing this model from the battlefield: /   -> Roll one D6: on a 6+, each enemy unit within 6"" suffers D6 mortal wounds."
"adeptus-custodes","deathsong-scythes","Deathsong Scythes","","","Until the end of the phase: / The unit's weapons gain [LANCE]. / Against Psyker targets, add 1 to the unit's Attacks characteristic. / Applies to: units with Vigilators."
"adeptus-custodes","deep-strike","Deep Strike","blade-champion","","The unit has the Deep Strike ability."
"adeptus-custodes","deft-parry","Deft Parry","vigilators","","During the Fight phase, the attacking unit gets -1 to Hit rolls."
"adeptus-custodes","devoted-to-destruction","Devoted to Destruction","telemon-heavy-dreadnought","","Add 2 to the unit's Attacks characteristic."
"adeptus-custodes","disintegration-beams","Disintegration Beams","sagittarum-custodians","","During the Shooting phase, until the end of the phase, the unit's weapons gain [DEVASTATING WOUNDS]."
"adeptus-custodes","dread-foe","Dread Foe","contemptor-achillus-dreadnought","","If the unit charged this turn, your unit suffers d3 mortal wounds."
"adeptus-custodes","efficient-aggression","Efficient Aggression","","","Once per battle, while the model has lost wounds, the unit has the Normal D6+1"" ability. / Applies to: units with Adeptus Custodes, Terminator."
"adeptus-custodes","electroexorcist-saturation","Electroexorcist Saturation","","","Until the end of the phase, modify the unit's Attacks characteristic to D3+3 (ranged). / Applies to: units with Adeptus Custodes, Terminator."
"adeptus-custodes","encircling-hunter","Encircling Hunter","","","Once per battle, the unit has the Redeploy to Reserves ability. / Applies to: units with Anathema Psykana, Infantry."
"adeptus-custodes","feel-no-pain-5","Feel No Pain 5+","aleya","","The unit has the Feel No Pain 5+ ability."
"adeptus-custodes","feel-no-pain-6","Feel No Pain 6+","valerian","","The unit has the Feel No Pain 6+ ability."
"adeptus-custodes","fire-support","Fire Support","coronus-grav-carrier","","During the Shooting phase, until the end of the phase, you can re-roll the Wound roll."
"adeptus-custodes","firing-deck-2","Firing Deck 2","anathema-psykana-rhino","","The unit gains the Firing Deck ability (2)."
"adeptus-custodes","flawless-construction-moritoi","Flawless Construction","","","When this attack's Strength is greater than the target's Toughness, until the end of the phase, the attacking unit gets -1 to Wound rolls. / Applies to: units with Adeptus Custodes, Walker."
"adeptus-custodes","from-golden-light","From Golden Light","allarus-custodians","","Once per battle, the unit has the Redeploy to Reserves ability."
"adeptus-custodes","galatus-shield","Galatus Shield","contemptor-galatus-dreadnought","","During the Fight phase, the attacking unit gets -1 to Wound rolls."
"adeptus-custodes","golden-laurels","Golden Laurels","valerian","","During the Fight phase, after being attached to a unit, subtract 1 from the attacking unit's Armour Penetration characteristic."
"adeptus-custodes","guardian-eternal","Guardian Eternal","telemon-heavy-dreadnought","","Each time an attack targets the unit, reduce the Damage of that attack by 1."
"adeptus-custodes","hardened-resolve","Hardened Resolve","","","Until the end of the phase, add 1 to the unit's Toughness characteristic. / Applies to: units with Adeptus Custodes, Terminator."
"adeptus-custodes","heavy-assault-infantry","Heavy Assault Infantry","aquilon-custodians","","During the Shooting phase, you can re-roll a Wound roll of 1."
"adeptus-custodes","hero-of-lion-s-gate","Hero of Lion’s Gate","valerian","","Once per battle, this model gets -6 to Any rolls."
"adeptus-custodes","hover","Hover","ares-gunship","","This model has the Hover ability."
"adeptus-custodes","implacable-vanguard","Implacable Vanguard","agamatus-custodians","","During the Shooting phase, until the end of the turn, the unit gains the Once Per Battle Special ability."
"adeptus-custodes","infernus-firebombs","Infernus Firebombs","ares-gunship","","Until the end of the turn, your unit suffers 1 mortal wound."
"adeptus-custodes","interred-expertise","Interred Expertise","","","You can re-roll a Hit roll of 1. / You can re-roll a Wound roll of 1. / Applies to: units with Adeptus Custodes, Walker."
"adeptus-custodes","jetbike-outriders","Jetbike Outriders","agamatus-custodians","","After being attached to a unit, the unit gains the Attached Unit Eligibility ability."
"adeptus-custodes","jump-packs","Jump Packs","venatari-custodians","","This model gains the Cannot Embark Venerable Land Raider ability."
"adeptus-custodes","leader","Leader","blade-champion","","The unit gains the Leader ability."
"adeptus-custodes","lions-of-the-emperor","Lions of the Emperor","aquilon-custodians","","After being attached to a unit, the unit gains the Attached Unit Eligibility ability."
"adeptus-custodes","living-fortress","Living Fortress","custodian-wardens","","Until the end of the phase, the unit has the Feel No Pain 4+ ability."
"adeptus-custodes","march-of-the-honoured-dead","March of the Honoured Dead","","","For the rest of the battle: / Add 2 to all friendly units' Move characteristic. / All friendly units get +1 to Charge rolls. / Applies to: units with Adeptus Custodes, Walker."
"adeptus-custodes","martial-inspiration","Martial Inspiration","blade-champion","","Once per battle, the unit gains the Charge After Advance ability."
"adeptus-custodes","martial-katah","Martial Ka’tah","","","Until the end of the phase: / Select one of the following (Ka'tah Stance): /   - The unit's weapons gain [SUSTAINED HITS 1]. /   - The unit's weapons gain [LETHAL HITS]."
"adeptus-custodes","master-of-the-stances","Master of the Stances","shield-captain","","Once per battle, the unit gains the Once Per Battle Special ability."
"adeptus-custodes","merciless-hunter","Merciless Hunter","pallas-grav-attack","","During the Shooting phase, while the unit is below half strength, the unit gets +1 to Wound rolls."
"adeptus-custodes","mnemo-locked-shrine-cipher","Mnemo-locked Shrine Cipher","","","Once per battle, the unit gains the Ingress Move ability. / Applies to: units with Adeptus Custodes, Terminator."
"adeptus-custodes","moment-shackle","Moment Shackle","trajann-valoris","","During the Fight phase, until the end of the phase, this model has a 2+ invulnerable save."
"adeptus-custodes","no-foe-shall-stand","No Foe Shall Stand","custodian-guard-with-adrasite-and-pyrithite-spears","","During the Shooting phase, until the end of the phase: /   -> The unit's weapons gain [LETHAL HITS]. /   -> The unit's weapons gain [IGNORES COVER]."
"adeptus-custodes","praesidium-shield","Praesidium Shield","custodian-guard","","Add 1 to this model's Wounds characteristic."
"adeptus-custodes","prioritised-eradication-moritoi","Prioritised Eradication","","","Until the end of the phase: / The unit's weapons gain [RAPID FIRE 6]. / The unit's weapons gain [RAPID FIRE 2]. / Applies to: units with Telemon Heavy Dreadnought."
"adeptus-custodes","psyk-out-grenades","Psyk-out Grenades","","","The unit's weapons gain [EXPLOSIVES]. / Applies to: units with Anathema Psykana."
"adeptus-custodes","purity-of-execution","Purity of Execution","prosecutors","","During the Shooting phase, against PSYKER targets: /   -> The unit's weapons gain [DEVASTATING WOUNDS]. /   -> The unit's weapons gain [PRECISION]."
"adeptus-custodes","quicksilver-execution","Quicksilver Execution","vertus-praetors","","Once per battle, your unit suffers 2 mortal wounds."
"adeptus-custodes","resolute-will","Resolute Will","custodian-wardens","","After being attached to a unit, the attacking unit gets -1 to Wound rolls."
"adeptus-custodes","sanctified-flames","Sanctified Flames","witchseekers","","During the Shooting phase, enemy units nearby must take a Battle-shock test."
"adeptus-custodes","saturation-volleys","Saturation Volleys","sagittarum-custodians","","During the Shooting phase, the attacking unit gets -1 to Hit rolls."
"adeptus-custodes","scouts-6","Scouts 6""","witchseekers","","Once per battle, the unit has the Scouts 6"" ability."
"adeptus-custodes","seeker-s-instincts","Seeker’s Instincts","knight-centura","","After being attached to a unit, friendly units nearby get +2 to Charge rolls."
"adeptus-custodes","self-repair","Self Repair","anathema-psykana-rhino","","Return 1 destroyed model to this model with full wounds."
"adeptus-custodes","sentinel-storm","Sentinel Storm","custodian-guard","","Once per battle, during the Shooting phase, the unit gains the Shoot Again ability."
"adeptus-custodes","skin-crawling-disorientation","Skin-Crawling Disorientation","","","For the rest of the battle, all friendly units gain the Act After Move ability. / Applies to: units with Anathema Psykana."
"adeptus-custodes","slayers-of-tyrants","Slayers of Tyrants","allarus-custodians","","You can re-roll the Wound roll."
"adeptus-custodes","stand-vigil","Stand Vigil","custodian-guard","","You can re-roll a Wound roll of 1."
"adeptus-custodes","strategic-mastery","Strategic Mastery","shield-captain-on-dawneagle-jetbike","","Once per battle, you can use one Stratagem on this model for 0CP."
"adeptus-custodes","strike-from-the-skies","Strike from the Skies","venatari-custodians","","The unit is eligible to shoot and declare a charge in a turn in which it Fell Back."
"adeptus-custodes","supreme-commander","Supreme Commander","trajann-valoris","","This model must be your Warlord."
"adeptus-custodes","sweeping-advance","Sweeping Advance","shield-captain-on-dawneagle-jetbike","","Once per battle, during the Fight phase, the unit is eligible to shoot and declare a charge in a turn in which it Fell Back."
"adeptus-custodes","swift-onslaught","Swift Onslaught","blade-champion","","After being attached to a unit, you can re-roll the Charge roll."
"adeptus-custodes","swooping-dive","Swooping Dive","venatari-custodians","","Once per battle, you can use one Stratagem on this model for 0CP."
"adeptus-custodes","synchronised-inferno","Synchronised Inferno","","","Until the end of the phase, the unit's weapons gain [BLAST]. / Applies to: units with Witchseekers."
"adeptus-custodes","tactical-perception","Tactical Perception","aleya","","After being attached to a unit, the unit has the Fights First ability."
"adeptus-custodes","tarsis-buckler","Tarsis buckler","venatari-custodians","","Modify this model's Wounds characteristic to 4."
"adeptus-custodes","tenacious-spirit","Tenacious Spirit","aleya","","While the unit is below its starting strength, while the unit is below half strength, after being attached to a unit: /   -> The unit gets +1 to Hit rolls. /   -> The unit gets +1 to Wound rolls."
"adeptus-custodes","the-hammer-falls","The Hammer Falls","","","If the unit Advanced this turn, for the rest of the battle, you can re-roll the Charge roll. / Applies to: units with Adeptus Custodes, Terminator."
"adeptus-custodes","turbo-boost","Turbo-boost","agamatus-custodians","","Until the end of the phase, add 6 to the unit's Move characteristic."
"adeptus-custodes","umbral-prosecution","Umbral Prosecution","","","Until the end of the phase: / The unit's weapons gain [RAPID FIRE 2]. / Add 1 to the unit's Armour Penetration characteristic (ranged). / Applies to: units with Prosecutors."
"adeptus-custodes","unleash-the-lions-tharanatoi","Unleash the Lions","","","The unit gains the Split Into Single Model Units ability. / Applies to: units with Allarus Custodians."
"adeptus-custodes","unstoppable-advance","Unstoppable Advance","","","Until the end of the turn, the unit's weapons gain [MOBILE]. / Applies to: units with Adeptus Custodes, Walker."
"adeptus-custodes","unyielding-ancient","Unyielding Ancient","venerable-contemptor-dreadnought","","Return 1 destroyed model to this model with full wounds."
"adeptus-custodes","vexilla","Vexilla","allarus-custodians","","The unit gets +1 to its Objective Control characteristic."
"adeptus-mechanicus","achillan-eye","Achillan Eye","sydonian-skatros","","Against INFANTRY targets, you can re-roll the Wound roll."
"adeptus-mechanicus","aerial-deployment","Aerial Deployment","archaeopter-transvector","","If the unit has the Hover keyword, if it starts in Strategic Reserves, for the rest of the battle, during the Movement phase, during the Reinforcements step, at battle round 1 to 3, this model has the Deep Strike ability."
"adeptus-mechanicus","analytic-reprisals","Analytic Reprisals","","","Until the end of the phase, the unit gains the Shoot Out of Phase ability. / Applies to: units with Skitarii, Infantry."
"adeptus-mechanicus","attached-unit","ATTACHED UNIT","servitor-battleclade","","After being attached to a unit, the unit gains the Attached Unit Eligibility ability."
"adeptus-mechanicus","battle-protocols","Battle Protocols","cybernetica-datasmith","","After being attached to a unit, add 2 to the unit's Attacks characteristic."
"adeptus-mechanicus","belicosa-class-capacitor-vanes","Belicosa-class Capacitor Vanes","","","Add 6 to the unit's Range characteristic (ranged). / Add 1 to the unit's Strength characteristic (ranged). / Applies to: units with Adeptus Mechanicus."
"adeptus-mechanicus","blind-barrage","Blind Barrage","secutarii-peltasts","","During the Shooting phase, the attacking unit gets -1 to Hit rolls."
"adeptus-mechanicus","blistering-salvoes","Blistering Salvoes","skorpius-disintegrator","","Against INFANTRY targets, the unit gets +1 to Hit rolls."
"adeptus-mechanicus","bomb-rack","Bomb Rack","archaeopter-fusilave","","Your unit suffers 1 mortal wound."
"adeptus-mechanicus","bound-creation","Bound Creation","x-101","","After being attached to a unit, the unit has the Feel No Pain 5+ ability."
"adeptus-mechanicus","breaching-command","Breaching Command","kataphron-breachers","","You can re-roll a Hit roll of 1."
"adeptus-mechanicus","broad-spectrum-data-tether","Broad spectrum data-tether","onager-dunecrawler","","You gain 1CP."
"adeptus-mechanicus","canticles-of-the-omnissiah","Canticles of the Omnissiah","belisarius-cawl","","During the Command phase, until the end of the turn, this model gains the Canticle ability."
"adeptus-mechanicus","chaff-launcher","Chaff Launcher","archaeopter-stratoraptor","","This model's weapons gain [SMOKE]."
"adeptus-mechanicus","chant-of-electrotraction","Chant of Electrotraction","","","Until the end of the turn, the unit gains the Act After Move ability. / Applies to: units with Electro-Priests."
"adeptus-mechanicus","clandestine-reposition","Clandestine Reposition","","","Until the end of the phase, the unit has the Redeploy to Reserves ability. / Applies to: units with Adeptus Mechanicus."
"adeptus-mechanicus","cogitative-instincts","Cogitative Instincts","technoarcheologist","","Enemy units cannot be set up from Reserves within 12"" of enemy units nearby."
"adeptus-mechanicus","command-uplink","Command Uplink","archaeopter-stratoraptor","","You gain 1CP."
"adeptus-mechanicus","control-edict","Control Edict","skitarii-marshal","","After being attached to a unit, you can re-roll the Hit roll."
"adeptus-mechanicus","cyber-static-canticles","Cyber-static Canticles","","","For the rest of the battle: / Against Corpuscarii targets, all friendly units' weapons gain [LETHAL HITS]. / Against Fulgurite targets, all friendly units gain the Heal Wounds ability. / Applies to: units with Adeptus Mechanicus."
"adeptus-mechanicus","dataspike","Dataspike","tech-priest-dominus","","During the Fight phase, until the end of the phase, your unit suffers d6 mortal wounds."
"adeptus-mechanicus","deadly-demise-1","Deadly Demise 1","ironstrider-ballistarii","","Before removing this model from the battlefield: /   -> Roll one D6: on a 6+, each enemy unit within 6"" suffers 1 mortal wound."
"adeptus-mechanicus","deadly-demise-d3","Deadly Demise D3","archaeopter-stratoraptor","","Before removing this model from the battlefield: /   -> Roll one D6: on a 6+, each enemy unit within 6"" suffers D3 mortal wounds."
"adeptus-mechanicus","deep-strike","Deep Strike","archaeopter-transvector","","The unit has the Deep Strike ability."
"adeptus-mechanicus","defect-scrutiny","Defect Scrutiny","","","Until the end of the phase, the unit's weapons gain [IGNORES COVER]. / Applies to: units with Adeptus Mechanicus."
"adeptus-mechanicus","defend-the-divine-work","Defend the Divine Work","tech-priest-manipulus","","Until the end of the phase, this model has a 4+ invulnerable save."
"adeptus-mechanicus","doctrina-imperatives","Doctrina Imperatives","","","During the Fight phase, subtract 1 from the unit's Armour Penetration characteristic."
"adeptus-mechanicus","dread-snipers","Dread Snipers","sydonian-skatros","","During the Shooting phase, enemy units nearby must take a Battle-shock test."
"adeptus-mechanicus","dynamic-efficiency","Dynamic Efficiency","sydonian-dragoons-with-taser-lances","","The unit gains the Charge After Advance ability."
"adeptus-mechanicus","echoes-of-the-conduit-wars","Echoes of the Conduit Wars","","","Until the end of the phase: / You can re-roll a Hit roll of 1. / You can re-roll a Wound roll of 1. / Applies to: units with Electro-Priests."
"adeptus-mechanicus","electro-infusion","Electro-infusion","fulgurite-electro-priests","","After being attached to a unit, the attacking unit gets -1 to Wound rolls."
"adeptus-mechanicus","electro-shock","Electro-shock","corpuscarii-electro-priests","","During the Shooting phase, your unit gains the Post Attack Debuff ability."
"adeptus-mechanicus","electromiasmic-brazier","Electromiasmic Brazier","","","This model gains the Stealth ability. / Applies to: units with Tech-Priest."
"adeptus-mechanicus","elevated-strider","Elevated Strider","ironstrider-ballistarii","","The unit is eligible to shoot and declare a charge in a turn in which it Fell Back."
"adeptus-mechanicus","emanatus-force-field-aura","Emanatus Force Field (Aura)","onager-dunecrawler","","During the Shooting phase, this model has a 4+ invulnerable save."
"adeptus-mechanicus","enginseer","Enginseer","tech-priest-enginseer","","After being attached to a unit, this model gains the Lone Operative ability."
"adeptus-mechanicus","enhanced-data-tether","Enhanced data-tether","skitarii-vanguard","","You gain 1CP."
"adeptus-mechanicus","explorator-dispensation","Explorator Dispensation","","","This model gains the Infiltrators ability. / Applies to: units with Skitarii Marshal."
"adeptus-mechanicus","feel-no-pain-5","Feel No Pain 5+","fulgurite-electro-priests","","The unit has the Feel No Pain 5+ ability."
"adeptus-mechanicus","fire-support","Fire Support","skorpius-dunerider","","During the Shooting phase, until the end of the phase, you can re-roll the Wound roll."
"adeptus-mechanicus","firing-deck-2","Firing Deck 2","skorpius-dunerider","","The unit gains the Firing Deck ability (2)."
"adeptus-mechanicus","focused-hunters","Focused Hunters","sydonian-dragoons-with-radium-jezzails","","You can re-roll the Hit roll."
"adeptus-mechanicus","galvanic-field","Galvanic Field","tech-priest-manipulus","","After being attached to a unit, the unit's weapons gain [LETHAL HITS]."
"adeptus-mechanicus","holy-avarice","Holy Avarice","","","Until the end of the turn, the unit gains the Act After Move ability. / Applies to: units with Tech-Priest."
"adeptus-mechanicus","hover","Hover","archaeopter-stratoraptor","","This model has the Hover ability."
"adeptus-mechanicus","infiltrators","Infiltrators","sicarian-infiltrators","","Once per battle, the unit has the Infiltrators ability."
"adeptus-mechanicus","leader","Leader","cybernetica-datasmith","","The unit gains the Leader ability."
"adeptus-mechanicus","line-breakers","Line-breakers","serberys-sulphurhounds","","Your unit suffers 1 mortal wound."
"adeptus-mechanicus","lone-operative","Lone Operative","sydonian-skatros","","This model can only be targeted if it is the closest eligible target or within 12""."
"adeptus-mechanicus","lord-of-the-machine-cult","Lord of the Machine Cult","tech-priest-dominus","","After being attached to a unit, the unit has the Feel No Pain 5+ ability."
"adeptus-mechanicus","martial-signatum-amplificator","Martial Signatum Amplificator","","","The unit's weapons gain [SKITARII]. / Applies to: units with Tech-Priest."
"adeptus-mechanicus","mechanicus-bodyguard","Mechanicus Bodyguard","belisarius-cawl","","This model gains the Lone Operative ability."
"adeptus-mechanicus","mindlock","Mindlock","x-101","","After being attached to a unit, if the unit has the TECH-PRIEST keyword, for the rest of the battle: /   -> Add 1 to this model's Ballistic Skill characteristic. /   -> Add 1 to this model's Weapon Skill characteristic."
"adeptus-mechanicus","momentum-feedback","Momentum Feedback","","","Until the end of the phase, the unit has the Surge Move D6"" ability. / Applies to: units with Electro-Priests."
"adeptus-mechanicus","murderous-imperative","Murderous Imperative","","","For the rest of the battle: / If the unit is tagged protector imperative active, you can re-roll a Hit roll of 1. / If the unit is tagged conqueror imperative active, you can re-roll a Wound roll of 1. / Applies to: units with Skitarii."
"adeptus-mechanicus","network-override","Network Override","servitor-battleclade","","If the unit has the TECH-PRIEST keyword, for the rest of the battle, the unit gains the Action and Shoot Eligibility ability."
"adeptus-mechanicus","neurostatic-interference-aura","Neurostatic Interference (Aura)","sicarian-infiltrators","placeholder","While an enemy unit is within 6"", until the end of the phase, if within ?"" of a friendly ADEPTUS MECHANICUS BATTLELINE unit, subtract 2 from the Leadership characteristic of enemy units nearby."
"adeptus-mechanicus","noospheric-recon","Noospheric Recon","","","For the rest of the battle: / All friendly units' weapons gain [RECON AUGURY]. / During the Shooting phase, enemy units nearby are marked as analysed. / Applies to: units with Adeptus Mechanicus."
"adeptus-mechanicus","objective-scouted","Objective Scouted","skitarii-rangers","","The unit retains control of objective markers even after no models remain in range, until the enemy retakes them (sticky objectives)."
"adeptus-mechanicus","omnicogitator","Omnicogitator","","","This model is marked as conqueror imperative active. / This model is marked as protector imperative active. / Applies to: units with Skitarii Marshal."
"adeptus-mechanicus","omnispex","Omnispex","skitarii-vanguard","","The unit's weapons gain [IGNORES COVER]."
"adeptus-mechanicus","omnissiah-s-blessing","Omnissiah’s Blessing","tech-priest-enginseer","","Until your next Command phase, the unit has the Feel No Pain 5+ ability."
"adeptus-mechanicus","omnissiahs-fury","Omnissiah’s Fury","","","Add 2 to this model's Attacks characteristic (melee). / Add 1 to this model's Armour Penetration characteristic (melee). / Add 1 to this model's Damage characteristic (melee). / Applies to: units with Skitarii Marshal."
"adeptus-mechanicus","optimised-gait","Optimised Gait","sicarian-ruststalkers","","Friendly units nearby get +1 to Charge rolls."
"adeptus-mechanicus","overloaded-safeguards","Overloaded Safeguards","","","Until the end of the turn, the unit gains the Act After Move ability. / Applies to: units with Tech-Priest."
"adeptus-mechanicus","precision-onslaught","Precision Onslaught","","","Until the end of the phase, roll ND6: for each 4+, each enemy unit within engagement"" suffers 1 mortal wound. / Applies to: units with Sicarian."
"adeptus-mechanicus","rad-saturation-aura","Rad-saturation (Aura)","skitarii-vanguard","","Modify the unit's characteristics."
"adeptus-mechanicus","repolarised-augurs","Repolarised Augurs","","","Until the end of the turn, the unit is marked as detection range reduced. / Applies to: units with Recon Augury."
"adeptus-mechanicus","repulsor-grid","Repulsor Grid","kastelan-robots","","During the Shooting phase, your unit suffers 1 mortal wound."
"adeptus-mechanicus","ride-the-thermals","Ride the Thermals","pteraxii-skystalkers","placeholder","During the Shooting phase, after unit shot, unless engagement state, until the end of the turn: /   Select one of the following (Post Shooting Movement): /     - The unit has the Normal 6"" ability; the unit cannot charge. /     - If within ?"" of a friendly ADEPTUS MECHANICUS BATTLELINE unit, the unit has the Normal 12"" ability; the unit cannot charge."
"adeptus-mechanicus","robotic-bodyguard","Robotic Bodyguard","kastelan-robots","","After being attached to a unit, the unit has the Feel No Pain 4+ ability."
"adeptus-mechanicus","scouts-6","Scouts 6""","skitarii-rangers","","Once per battle, the unit has the Scouts 6"" ability."
"adeptus-mechanicus","scouts-9","Scouts 9""","serberys-raiders","","Once per battle, the unit has the Scouts 9"" ability."
"adeptus-mechanicus","scriptural-prognosis","Scriptural Prognosis","","","Until the end of the phase, subtract 1 from the unit's Armour Penetration characteristic. / Applies to: units with Tech-Priest."
"adeptus-mechanicus","scuttling-walker","Scuttling Walker","onager-dunecrawler","","When it makes a Normal move or when it Advances or when it Falls Back, for the rest of the battle, this model has the Through Friendly Heavy and Small Terrain 4"" ability."
"adeptus-mechanicus","searing-conflagration","Searing Conflagration","pteraxii-sterylizors","","You can re-roll a Wound roll of 1."
"adeptus-mechanicus","secutarii","SECUTARII","secutarii-hoplites","","After being attached to a unit, the unit gains the Attached Unit Eligibility ability."
"adeptus-mechanicus","seekers-of-divine-arcana","Seekers of Divine Arcana","technoarcheologist","","After being attached to a unit, the unit gets +1 to its Objective Control characteristic."
"adeptus-mechanicus","self-repair-mechanisms","Self-repair Mechanisms","belisarius-cawl","","Return D3 destroyed models to this model with full wounds."
"adeptus-mechanicus","sentinel-directives","Sentinel Directives","kataphron-destroyers","","The unit gets -5 to Hit rolls (overwatch)."
"adeptus-mechanicus","servitor-bodyguard","SERVITOR BODYGUARD","x-101","","The unit gains the Forced Attachment ability."
"adeptus-mechanicus","servo-driven-charge","Servo-driven Charge","","","Until the end of the phase, the unit's weapons gain [LANCE]. / Applies to: units with Adeptus Mechanicus."
"adeptus-mechanicus","servo-skull-uplink","Servo-skull Uplink","skitarii-marshal","","Once per battle, the unit gains the Once Per Battle Special ability."
"adeptus-mechanicus","stealth","Stealth","sydonian-dragoons-with-radium-jezzails","","The attacking unit gets -1 to Hit rolls."
"adeptus-mechanicus","stealth-screened-cybercanids","Stealth-screened Cybercanids","","","This model gains the Lone Operative ability. / Applies to: units with Serberys Raiders."
"adeptus-mechanicus","strafing-run","Strafing Run","archaeopter-stratoraptor","","During the Shooting phase, against A targets, the unit gets +1 to Hit rolls."
"adeptus-mechanicus","supreme-commander","Supreme Commander","belisarius-cawl","","This model must be your Warlord."
"adeptus-mechanicus","sydonian-sentinel","Sydonian Sentinel","sydonian-skatros","","This model cannot be your Warlord."
"adeptus-mechanicus","tactica-obliqua","Tactica Obliqua","serberys-raiders","","The unit has the Reactive Move ability."
"adeptus-mechanicus","termite-assault","Termite Assault","terrax-pattern-termite","","The unit has the Deep Strike ability."
"adeptus-mechanicus","threat-cogitation-targeters","Threat-cogitation Targeters","","","Until the end of the phase, you can re-roll the Damage roll. / Applies to: units with Skitarii, Vehicle."
"adeptus-mechanicus","titan-guard","Titan Guard","secutarii-hoplites","","You can re-roll the Charge roll."
"adeptus-mechanicus","tl-409","TL-4Ø9","","","This model's weapons gain [DEVASTATING WOUNDS] and [HAZARDOUS]. / Applies to: units with Tech-Priest."
"adeptus-mechanicus","unrelenting-aggression","Unrelenting Aggression","","","Until the end of the turn, the unit gains the Act After Move ability. / Applies to: units with Adeptus Mechanicus."
"adeptus-mechanicus","unshackled-wrath","Unshackled Wrath","","","Until the end of the phase: / Select one of the following: /   - The unit's weapons gain [SUSTAINED HITS 1]. /   - The unit's weapons gain [LETHAL HITS]. /   - The unit's weapons gain [SUSTAINED HITS 1] and [LETHAL HITS] and [HAZARDOUS]. / Applies to: units with Skitarii."
"adeptus-mechanicus","vengeance-for-the-omnissiah","Vengeance for the Omnissiah","tech-priest-enginseer","","If 1+ friendly units destroyed battle, if the unit has the ADEPTUS MECHANICUS keyword, if the unit has the VEHICLE keyword, if within 12"" of a friendly unit, for the rest of the battle, modify this model's Attacks characteristic to 6 (melee)."
"adeptus-mechanicus","vinghs-wafers-of-dynamism","Vingh’s Wafers of Dynamism","","","After being attached to a unit, for the rest of the battle, the unit gains the Mobile ability. / Applies to: units with Cybernetica Datasmith."
"adeptus-mechanicus","voices-in-the-code","Voices in the Code","sicarian-infiltrators","","During the Fight phase, enemy units nearby must take a Battle-shock test."
"adeptus-mechanicus","voltagheist-reliquary","Voltagheist Reliquary","","","This model: cannot be targeted by snap shooting. / Applies to: units with Tech-Priest."
"adeptus-mechanicus","war-form-mantles","War-form Mantles","","","For the rest of the battle: / Modify all friendly units' InvSv characteristic to 4. / All friendly units have the Feel No Pain 5+ ability. / Applies to: units with Tech-Priest."
"aeldari","a-foot-in-the-future","A Foot in the Future","","","Modify the unit's characteristics."
"aeldari","acrobatic","Acrobatic","howling-banshees","","The unit gains the Charge After Advance ability."
"aeldari","acrobatic-grace","Acrobatic Grace","skyweavers","","The attacking unit gets -1 to Hit rolls."
"aeldari","acrobatic-onslaught","Acrobatic Onslaught","","","Modify the unit's characteristics."
"aeldari","aethersails","Aethersails","ynnari-raider","","Until the end of the phase, add 6 to the unit's Move characteristic."
"aeldari","aethersense-psychic","Aethersense (Psychic)","kharseth","","For the rest of the battle, this model gains the Reserve Deployment Denial Aura 12 ability."
"aeldari","aspect-shrine-token","Aspect Shrine Token","striking-scorpions;fire-dragons;swooping-hawks;warp-spiders;dark-reapers;dire-avengers;howling-banshees","","Once per battle, the unit gets -1 to Hit rolls."
"aeldari","aspect-training","Aspect Training","autarch","","After being attached to a unit, the unit has the Fights First ability."
"aeldari","assured-destruction","Assured Destruction","fire-dragons","","During the Shooting phase: /   -> You can re-roll the Hit roll. /   -> You can re-roll the Wound roll. /   -> You can re-roll the Damage roll."
"aeldari","avatar-of-the-whispering-god","Avatar of The Whispering God","the-yncarne","","This model gains the Army Composition Constraint ability."
"aeldari","battle-focus","Battle Focus","","","Modify the unit's characteristics."
"aeldari","bladestorm","Bladestorm","dire-avengers","","The unit's weapons gain [SUSTAINED HITS 1]."
"aeldari","blitz","Blitz","solitaire","","Until the end of the turn, add 3 to the unit's Attacks characteristic."
"aeldari","blur-of-movement","Blur of Movement","solitaire","","The unit gains the Charge After Advance ability."
"aeldari","bonesinger","Bonesinger","bonesinger","","After being attached to a unit, this model gains the Lone Operative ability."
"aeldari","branching-fates-psychic","Branching Fates (Psychic)","farseer-skyrunner","","After being attached to a unit, this model gets -6 to Any rolls."
"aeldari","burning-lance","Burning Lance","fuegan","","Modify the unit's characteristics."
"aeldari","camouflaged-snipers","Camouflaged Snipers","","","Modify the unit's characteristics."
"aeldari","captivating-performance","Captivating Performance","","","Modify the unit's characteristics."
"aeldari","casting-back-the-veil","Casting Back the Veil","","","Modify the unit's characteristics."
"aeldari","cegorach-s-favour","Cegorach’s Favour","troupe-master","","During the Fight phase: /   -> You can re-roll a Hit roll of 1. /   -> The unit gets +1 to Wound rolls."
"aeldari","channeller-stones","Channeller Stones","corsair-voidscarred","","Each time an attack targets this model, reduce the Damage of that attack to 0."
"aeldari","choreographer-of-war","Choreographer of War","troupe-master","","After being attached to a unit, the unit has the Pile in Consolidation 6"" ability."
"aeldari","cloudbreakers","Cloudbreakers","wasp-assault-walker","","Until the end of the phase, add 6 to the unit's Move characteristic."
"aeldari","cloudstrider","Cloudstrider","baharroth","","After being attached to a unit, until the end of the turn, the unit has the Redeploy to Reserves ability."
"aeldari","cluster-caltrops","Cluster caltrops","ynnari-reavers","","Modify the unit's characteristics."
"aeldari","crewed-platform","Crewed Platform","storm-guardians","","Each time a model in this unit is destroyed, destroy all models in the unit."
"aeldari","cruel-amusement","Cruel Amusement","death-jester","","During the Shooting phase, until the end of the phase: /   -> The unit's weapons gain [SUSTAINED HITS 3]. /   -> The unit's weapons gain [PRECISION]. /   -> The unit's weapons gain [IGNORES COVER]."
"aeldari","cry-of-the-wind","Cry of the Wind","baharroth","","At setup, until the end of the turn, with ranged attacks, this model gains the Unmodified Hit Critical ability."
"aeldari","crystal-matrix","Crystal Matrix","fire-prism","","You can re-roll the Hit roll."
"aeldari","crystalline-targeting","Crystalline Targeting","war-walkers","","During the Shooting phase, until the end of the phase, subtract 1 from the unit's Armour Penetration characteristic."
"aeldari","dance-of-death","Dance of Death","troupe","","During the Fight phase, until the end of the phase: /   -> You can re-roll a Hit roll of 1. /   -> The unit gets +1 to Wound rolls."
"aeldari","dance-of-distortion","Dance of Distortion","","","Modify the unit's characteristics."
"aeldari","deadly-demise-1","Deadly Demise 1","wraithlord","","Before removing this model from the battlefield: /   -> Roll one D6: on a 6+, each enemy unit within 6"" suffers 1 mortal wound."
"aeldari","deadly-demise-2d6","Deadly Demise 2D6","revenant-titan","","Before removing this model from the battlefield: /   -> Roll one D6: on a 6+, each enemy unit within 6"" suffers 2D6 mortal wounds."
"aeldari","deadly-demise-d3","Deadly Demise D3","wave-serpent","","Before removing this model from the battlefield: /   -> Roll one D6: on a 6+, each enemy unit within 6"" suffers D3 mortal wounds."
"aeldari","deadly-demise-d6","Deadly Demise D6","wraithknight","","Before removing this model from the battlefield: /   -> Roll one D6: on a 6+, each enemy unit within 6"" suffers D6 mortal wounds."
"aeldari","deadly-demise-d6-2","Deadly Demise D6+2","vampire-hunter","","Before removing this model from the battlefield: /   -> Roll one D6: on a 6+, each enemy unit within 6"" suffers D6+2 mortal wounds."
"aeldari","deadly-demise-d6-6","Deadly Demise D6+6","phantom-titan","","Before removing this model from the battlefield: /   -> Roll one D6: on a 6+, each enemy unit within 6"" suffers D6+6 mortal wounds."
"aeldari","death-is-not-enough","Death is Not Enough","death-jester","","During the Shooting phase, enemy units nearby must take a Battle-shock test."
"aeldari","deceptive-feint","Deceptive Feint","","","Modify the unit's characteristics."
"aeldari","deep-strike","Deep Strike","lhykhis","","The unit has the Deep Strike ability."
"aeldari","diviner-of-futures","Diviner of Futures","eldrad-ulthran","","You gain 1CP."
"aeldari","doom-psychic","Doom (Psychic)","eldrad-ulthran","","Until your next Command phase, the unit gets +1 to Wound rolls."
"aeldari","eldritch-suppression","Eldritch Suppression","","","Modify the unit's characteristics."
"aeldari","empowered-by-death","Empowered by Death","ynnari-succubus","","During the Fight phase, while the unit is below its starting strength, until the end of the phase, the unit has the Fights First ability."
"aeldari","empyric-ambush","Empyric Ambush","lhykhis","","While this model leads a unit, until the end of the turn, at flickerjump used this turn, the unit gains the Charge After Movement ability."
"aeldari","ethereal-form","Ethereal Form","the-yncarne","","Return D3 destroyed models to this model with full wounds."
"aeldari","eviscerating-fly-by","Eviscerating Fly-by","ynnari-reavers","","Your unit suffers 1 mortal wound."
"aeldari","extreme-mobility","Extreme Mobility","shining-spears","","The unit has the Ignore Vertical ability."
"aeldari","face-of-death","Face of Death","maugan-ra","","During the Shooting phase, enemy units nearby must take a Battle-shock test."
"aeldari","faolchu","Faolchú","corsair-voidscarred","","The unit's weapons gain [IGNORES COVER]."
"aeldari","far-reaching-doom","Far-reaching Doom","","","Modify the unit's characteristics."
"aeldari","fated-hero","Fated Hero","wraithlord","","Against A targets: /   -> You can re-roll a Hit roll of 1. /   -> You can re-roll a Wound roll of 1."
"aeldari","fateful-performance-exit-the-stage","Exit the Stage","","","Modify the unit's characteristics."
"aeldari","fateful-performance-heroes-fall","Heroes’ Fall","","","Modify the unit's characteristics."
"aeldari","fateful-performance-mistweave","Mistweave","","","Modify the unit's characteristics."
"aeldari","fights-first","Fights First","solitaire","","The unit has the Fights First ability."
"aeldari","fire-support","Fire Support","falcon","","During the Shooting phase, until the end of the turn, you can re-roll the Wound roll."
"aeldari","firing-deck-11","Firing Deck 11","ynnari-raider","","The unit gains the Firing Deck ability (11)."
"aeldari","firing-deck-6","Firing Deck 6","ynnari-venom","","The unit gains the Firing Deck ability (6)."
"aeldari","flawless-poise","Flawless Poise","phantom-titan","","The unit is eligible to shoot and declare a charge in a turn in which it Fell Back."
"aeldari","fleet-of-foot","Fleet of Foot","guardian-defenders","","Until the end of the battle round: / The unit gains the Fade Back Agile Manoeuvre Free ability. / The unit gains the Agile Manoeuvre Phase Limit Exemption ability."
"aeldari","flickerjump","Flickerjump","warp-spiders","","Until the end of the turn, your unit suffers 1 mortal wound."
"aeldari","flip-belt","Flip Belt","death-jester","","The unit has the Ignore Vertical ability."
"aeldari","fog-of-dreams-psychic","Fog of Dreams (Psychic)","shadowseer","","While this model leads a unit, for the rest of the battle, the unit: ranged attack only within range 18."
"aeldari","forceshield","Forceshield","wraithblades","","This model has a 4+ invulnerable save."
"aeldari","fury-of-the-void-psychic","Fury of the Void (Psychic)","kharseth","","During the Shooting phase, against RIVEN targets, until the end of the turn, add 1 to the unit's Strength characteristic."
"aeldari","grav-talon","Grav-talon","ynnari-reavers","","The unit's weapons gain [LANCE]."
"aeldari","grenade-pack-flyover","Grenade Pack Flyover","swooping-hawks","","Until the end of the turn, your unit suffers 1 mortal wound."
"aeldari","guide-psychic","Guide (Psychic)","farseer","","Until your next Command phase, the unit gets +1 to Hit rolls."
"aeldari","hallucinogen-grenades","Hallucinogen Grenades","starfangs","","Modify the unit's characteristics."
"aeldari","hand-of-asuryan","Hand of Asuryan","asurmen","","Until the end of the phase, the unit's weapons gain [DEVASTATING WOUNDS]."
"aeldari","harassment-fire","Harassment Fire","vyper","","During the Shooting phase, the attacking unit gets -1 to Hit rolls."
"aeldari","harvester-of-souls","Harvester of Souls","maugan-ra","","During the Shooting phase, after being attached to a unit, your unit suffers d3 mortal wounds."
"aeldari","herald-of-ynnead","Herald of Ynnead","yvraine","","During the Fight phase, until the end of the phase, you can re-roll a Wound roll of 1."
"aeldari","hover","Hover","vampire-hunter","","This model has the Hover ability."
"aeldari","indomitable-strength-of-will","Indomitable Strength of Will","autarch-wayleaper","","Modify the unit's characteristics."
"aeldari","inescapable-accuracy","Inescapable Accuracy","dark-reapers","","During the Shooting phase, ignore modifiers the unit's All rolls."
"aeldari","inevitable-death","Inevitable Death","the-yncarne","","In either player's turn, if engagement state, once per opponent's turn, if 1+ friendly units destroyed this turn, until the end of the turn: /   -> Destroy 1 model in this model. /   -> This model has the Deep Strike ability."
"aeldari","infiltrators","Infiltrators","striking-scorpions","","Once per battle, the unit has the Infiltrators ability."
"aeldari","into-the-foe","Into the Foe","vampire-raider","","Until the end of the turn, the unit gains the Transport Disembark Modifier ability."
"aeldari","leader","Leader","eldrad-ulthran","","The unit gains the Leader ability."
"aeldari","lithe-embarkation","Lithe Embarkation","ynnari-venom","","During the Fight phase, this model gains the Special Embark Rule ability."
"aeldari","lone-operative","Lone Operative","death-jester","","This model can only be targeted if it is the closest eligible target or within 12""."
"aeldari","malevolent-souls","Malevolent Souls","wraithblades","","During the Fight phase, each time this model is destroyed, it can fight before being removed from play."
"aeldari","mandiblasters","Mandiblasters","striking-scorpions","","During the Fight phase, if the unit charged this turn, the unit gets -5 to Hit rolls."
"aeldari","mindshock-pod-aura-psychic","Mindshock Pod (Aura, Psychic)","hemlock-wraithfighter","","For the rest of the battle, subtract 1 from the Leadership characteristic of enemy units nearby."
"aeldari","misfortune-psychic","Misfortune (Psychic)","farseer-skyrunner","","Until your next Command phase, the unit gets -1 to Wound rolls."
"aeldari","mistshield","Mistshield","corsair-voidscarred","","This model has a 4+ invulnerable save."
"aeldari","molten-form","Molten Form","avatar-of-khaine","","Each time an attack targets the unit, halve the Damage of that attack."
"aeldari","monofilament-snare","Monofilament Snare","shadow-weaver-platform","","During the Shooting phase, your unit suffers 1 mortal wound."
"aeldari","monofilament-web","Monofilament Web","night-spinner","","During the Shooting phase, after shot hits scored, while an enemy unit is within range of doomweaver, until the end of the turn: /   -> Your unit gains the Pinned ability. /   -> Subtract 2 from your unit's Move characteristic. /   -> Your unit gets -2 to Charge rolls."
"aeldari","no-escape","No Escape","ynnari-wyches","","Enemy units nearby: anti fallback."
"aeldari","nomads-of-the-hidden-way","Nomads of the Hidden Way","","","Modify the unit's characteristics."
"aeldari","overlord","Overlord","ynnari-archon","","While the unit is below its starting strength, after being attached to a unit, you can re-roll a Wound roll of 1."
"aeldari","path-of-command","Path of Command","autarch","","Once per battle, you can use one Stratagem on this model for 0CP."
"aeldari","path-of-damnation","Path of Damnation","solitaire","","This model cannot be your Warlord."
"aeldari","path-of-the-outcast","Path of the Outcast","rangers","","The unit has the Reactive Move ability."
"aeldari","phantasm-grenade-launcher","Phantasm grenade launcher","ynnari-kabalite-warriors","","The unit's weapons gain [GRENADES]."
"aeldari","phantasmal-mirage","Phantasmal Mirage","","","Modify the unit's characteristics."
"aeldari","piratical-hero","Piratical Hero","prince-yriel","","After being attached to a unit: /   -> The unit gets +1 to Hit rolls. /   -> The unit's weapons gain [SUSTAINED HITS 1]."
"aeldari","piratical-raiders","Piratical Raiders","corsair-voidscarred","","The unit's weapons gain [LETHAL HITS]. / The unit's weapons gain [PRECISION]."
"aeldari","point-blank-devastation","Point‐blank Devastation","wraithknight","","Modify the unit's characteristics."
"aeldari","polychromatic-camouflage","Polychromatic Camouflage","voidweaver","","The unit: can only be selected as ranged target if attacker within 18""."
"aeldari","prelude-performer","Prelude Performer","","","Modify the unit's characteristics."
"aeldari","presaged-rehearsal","Presaged Rehearsal","","","Modify the unit's characteristics."
"aeldari","prince-of-corsairs","Prince of Corsairs","prince-yriel","","After deployment, for the rest of the battle, if engagement state or after being attached to a unit, all friendly units gain the Post Deployment Redeploy ability."
"aeldari","protect-psychic","Protect (Psychic)","warlock-conclave","","After being attached to a unit, the attacking unit gets -1 to Wound rolls."
"aeldari","psychic-communion-psychic","Psychic Communion (Psychic)","warlock-skyrunners","","Until the end of the phase, add 1 to the unit's Strength characteristic."
"aeldari","psychic-guidance","Psychic Guidance","wraithlord","","Modify this model's Leadership characteristic to 6."
"aeldari","psytronome-shaper","Psytronome Shaper","bonesinger","","Return D3 destroyed models to this model with full wounds."
"aeldari","raid-and-run","Raid and Run","corsair-skyreavers","","During the Fight phase, the unit is eligible to shoot and declare a charge in a turn in which it Fell Back."
"aeldari","rapid-embarkation","Rapid Embarkation","starweaver","","During the Fight phase, this model gains the Special Embark Rule ability."
"aeldari","reaver-band","Reaver Band","corsair-reaver-band","","The unit has the Reactive Move ability."
"aeldari","reavers-of-the-void","Reavers of the Void","corsair-voidreavers","","You can re-roll a Hit roll of 1."
"aeldari","reborn-mastermind","Reborn Mastermind","ynnari-archon","","Once per battle, you can use one Stratagem on this model for 0CP."
"aeldari","reckless-abandon","Reckless Abandon","corsair-cloud-dancer-band","","You can use the Fire Overwatch or Heroic Stratagem on this model for 0CP."
"aeldari","revenant-jet-pack","Revenant Jet Pack","revenant-titan","","Until the end of the phase, add 8 to the unit's Move characteristic."
"aeldari","runes-of-battle-psychic","Runes of Battle (Psychic)","warlock-skyrunners","","The unit's weapons gain [IGNORES COVER]."
"aeldari","runes-of-fortune-psychic","Runes of Fortune (Psychic)","warlock","","If the unit charged this turn, until the end of the battle round, the attacking unit gets -2 to Charge rolls."
"aeldari","sadistic-raiders","Sadistic Raiders","ynnari-kabalite-warriors","","The unit retains control of objective markers even after no models remain in range, until the enemy retakes them (sticky objectives)."
"aeldari","scattershield","Scattershield","wraithknight","","Each time an attack targets the unit, reduce the Damage of that attack by 1."
"aeldari","scouts-7","Scouts 7""","striking-scorpions","","Once per battle, the unit has the Scouts 7"" ability."
"aeldari","scouts-9","Scouts 9""","war-walkers","","Once per battle, the unit has the Scouts 9"" ability."
"aeldari","serpent-shield","Serpent shield","storm-guardians","","This model has a 5+ invulnerable save."
"aeldari","servant-of-the-whispering-god","Servant of The Whispering God","yvraine","","This model gains the Army Composition Constraint ability."
"aeldari","shadow-field","Shadow Field","ynnari-archon","","This model has a 4+ invulnerable save."
"aeldari","shadowfall-masks","Shadowfall Masks","","","Modify the unit's characteristics."
"aeldari","shimmershield","Shimmershield","shining-spears","","This model has a 4+ invulnerable save."
"aeldari","skyfire","Skyfire","firestorm","","The unit has the Reactive Move ability."
"aeldari","skyhunter","Skyhunter","crimson-hunter","","During the Shooting phase, against A targets: /   -> The unit gets +1 to Hit rolls. /   -> The unit gets +1 to Wound rolls."
"aeldari","skyleap","Skyleap","corsair-skyreaver-band","","The unit has the Redeploy to Reserves ability."
"aeldari","sonic-destruction","Sonic Destruction","vibro-cannon-platform","","During the Shooting phase, subtract 1 from the unit's Armour Penetration characteristic."
"aeldari","spirit-mark","Spirit Mark","spiritseer","","The unit's weapons gain [SUSTAINED HITS 1]."
"aeldari","spiritseer","Spiritseer","spiritseer","","This model gains the Lone Operative ability."
"aeldari","stealth","Stealth","striking-scorpions","","The attacking unit gets -1 to Hit rolls."
"aeldari","storm-of-blades","Storm of Blades","ynnari-succubus","","After being attached to a unit, the unit's weapons gain [SUSTAINED HITS 1]."
"aeldari","storm-of-silence","Storm of Silence","jain-zar","","Against CHARACTER targets, you can re-roll the Wound roll."
"aeldari","stormblades","Stormblades","storm-guardians","","The unit retains control of objective markers even after no models remain in range, until the enemy retakes them (sticky objectives)."
"aeldari","strafing-run","Strafing Run","phoenix","","During the Shooting phase, against A targets, the unit gets +1 to Hit rolls."
"aeldari","structural-collapse","Structural Collapse","d-cannon-platform","","Against TITANIC targets, you can re-roll the Damage roll."
"aeldari","superlative-strategist","Superlative Strategist","autarch","","While this model leads a unit, until the end of the turn: /   -> You can re-roll the Advance roll. /   -> At agile manoeuvre, you can re-roll the Any roll."
"aeldari","support-artillery","Support Artillery","shadow-weaver-platform","","The unit gains the Forced Attachment ability."
"aeldari","support-weapon","Support Weapon","shadow-weaver-platform","","Modify this model's Toughness characteristic to 3."
"aeldari","swift-demise","Swift Demise","windriders","","During the Shooting phase, you can re-roll a Hit roll of 1."
"aeldari","tactical-acumen","Tactical Acumen","asurmen","","During the Shooting phase, after being attached to a unit, until the end of the turn, the unit has the Shoot and Scoot ability."
"aeldari","target-acquisition","Target Acquisition","shroud-runners","","During the Shooting phase, until the end of the phase, the unit gains the Benefit of Cover ability."
"aeldari","tears-of-isha-psychic","Tears of Isha (Psychic)","spiritseer","","Return D3 destroyed models to this model with full wounds."
"aeldari","the-bloody-handed-aura","The Bloody-Handed (Aura)","avatar-of-khaine","","Friendly units nearby get +1 to Charge rolls."
"aeldari","the-path-least-travelled","The Path Least Travelled","amallyn-shadowguide","","After deployment, if the unit has the Rangers keyword or if the unit has the Shroud Runners keyword, the unit gains the Redeploy to Strategic Reserves ability."
"aeldari","titan-hunter","Titan Hunter","vampire-hunter","","During the Shooting phase, you can re-roll the Damage roll."
"aeldari","titanic-advance","Titanic Advance","revenant-titan","","This model has the Move Over Terrain ability."
"aeldari","titanic-agility","Titanic Agility","wraithknight-with-ghostglaive","","This model has the Through Models and Terrain ability. / This model has the Within Engagement Range No End Position ability."
"aeldari","titanic-strides","Titanic Strides","wraithknight","","This model has the Through Non Titanic Models and Terrain Up to 4 ability. / This model has the Within Engagement Range No End Position ability. / After move through terrain over 4 inches: /   -> Roll one D6: on exactly 1, this model gains the Inflict Battle Shock ability."
"aeldari","tormentors","Tormentors","ynnari-incubi","","During the Fight phase, enemy units nearby must take a Battle-shock test."
"aeldari","towering-wraith-construct","Towering Wraith Construct","revenant-titan","","At stratagem targets self, for the rest of the battle, spend 2 CP."
"aeldari","travelling-players","Travelling Players","death-jester","","This model: army composition rule."
"aeldari","treacherous-illusion-psychic","Treacherous Illusion (Psychic)","shadowseer","","The unit's weapons gain [HAZARDOUS]."
"aeldari","unquenchable-resolve","Unquenchable Resolve","fuegan","","Return 1 destroyed model to this model with full wounds."
"aeldari","war-construct","War Construct","wraithguard","","The unit is eligible to shoot and declare a charge in a turn in which it Fell Back."
"aeldari","wave-serpent-shield","Wave Serpent Shield","wave-serpent","","During the Shooting phase, the attacking unit gets -1 to Wound rolls."
"aeldari","way-of-the-blade","Way of the Blade","the-visarch","","After being attached to a unit, the unit has the Fights First ability."
"aeldari","way-of-the-shaper-psychic","Way of the Shaper (Psychic)","bonesinger","","After being attached to a unit, the unit has the Feel No Pain 6+ ability."
"aeldari","whirling-death","Whirling Death","jain-zar","","After being attached to a unit, until the end of the phase, the unit has the Ignore Vertical ability."
"aeldari","whispering-web","Whispering Web","lhykhis","","During the Shooting phase, until the end of the turn, your unit gains the Post Attack Debuff ability."
"aeldari","word-of-the-phoenix-psychic","Word of the Phoenix (Psychic)","yvraine","","While this model leads a unit, during the Command phase, in either player's turn: /   -> Roll one D6: on a 2+, return D3+1 destroyed models to the unit this model leads with full wounds."
"aeldari","yvraine-s-champion","Yvraine’s Champion","the-visarch","","After being attached to a unit, the unit has the Feel No Pain 4+ ability."
"agents-of-the-imperium","a-weaponsmith-not-a-warlord","A Weaponsmith, Not a Warlord","jokaero-weaponsmith","","Modify the unit's characteristics."
"agents-of-the-imperium","abomination","Abomination","culexus-assassin","","The unit has the Feel No Pain 2+ ability."
"agents-of-the-imperium","acrobatic-escape","Acrobatic Escape","callidus-assassin","","During the Fight phase, the unit is eligible to shoot and declare a charge in a turn in which it Fell Back."
"agents-of-the-imperium","ancient-s-banner","Ancient’s Banner","grey-knights-terminator-squad","","The unit gets +1 to its Objective Control characteristic."
"agents-of-the-imperium","arbites-medi-kit","Arbites Medi-kit","exaction-squad","","While the unit is below its starting strength, return D3 destroyed models to the unit with full wounds."
"agents-of-the-imperium","assigned-agents","Assigned Agents","inquisitor-in-terminator-armour","","This model gains the Faction Metadata ability."
"agents-of-the-imperium","astartes-shield","Astartes shield","deathwatch-kill-team;aquila-kill-team","","This model has a 4+ invulnerable save."
"agents-of-the-imperium","attached-unit","Attached Unit","sanctifiers","","After being attached to a unit, the unit gains the Attached Unit Eligibility ability."
"agents-of-the-imperium","atttached-unit","Atttached Unit","sanctifiers","","After being attached to a unit, the unit gains the Attached Unit Eligibility ability."
"agents-of-the-imperium","auspex-array","Auspex Array","corvus-blackstar","","The unit's weapons gain [IGNORES COVER]."
"agents-of-the-imperium","authority-of-the-inquisition","Authority of the Inquisition","inquisitor-greyfax;inquisitor-in-terminator-armour;inquisitor-ostromandeus","","After being attached to a unit, this model gains the Special Embark Rule ability."
"agents-of-the-imperium","backroom-deals","Backroom Deals","rogue-trader-entourage;neyam-shai-murad;janus-draik","","Modify the unit's characteristics."
"agents-of-the-imperium","blackstar-cluster-launcher","Blackstar Cluster Launcher","corvus-blackstar","","Your unit suffers 1 mortal wound."
"agents-of-the-imperium","blessed-wardings","Blessed Wardings","inquisitor;inquisitor-in-terminator-armour","","After being attached to a unit, this model has a 6+ invulnerable save."
"agents-of-the-imperium","blind-grenades","Blind Grenades","","","Modify the unit's characteristics."
"agents-of-the-imperium","bound-daemon","Bound Daemon","daemonhost","","Modify the unit's characteristics."
"agents-of-the-imperium","breaching-team","Breaching Team","imperial-navy-breachers","","You can re-roll a Wound roll of 1."
"agents-of-the-imperium","cat-unit","CAT Unit","imperial-navy-breachers","","Until the end of the phase, the unit's weapons gain [IGNORES COVER]."
"agents-of-the-imperium","catechism-of-death","Catechism of Death","kill-team-cassius","","Modify the unit's characteristics."
"agents-of-the-imperium","cherub","Cherub","sanctifiers","","Once per battle, you gain 1CP."
"agents-of-the-imperium","dead-shot","Dead‐shot","vindicare-assassin","","With ranged attacks, until the end of the phase, this model gains the Ignores Lone Operative ability."
"agents-of-the-imperium","deadly-demise-d3","Deadly Demise D3","inquisitorial-chimera","","Before removing this model from the battlefield: /   -> Roll one D6: on a 6+, each enemy unit within 6"" suffers D3 mortal wounds."
"agents-of-the-imperium","deadly-demise-d6","Deadly Demise D6","corvus-blackstar","","Before removing this model from the battlefield: /   -> Roll one D6: on a 6+, each enemy unit within 6"" suffers D6 mortal wounds."
"agents-of-the-imperium","death-to-the-alien","Death to the Alien","deathwatch-kill-team;aquila-kill-team","","You can re-roll a Hit roll of 1."
"agents-of-the-imperium","decoy-targets","Decoy Targets","callidus-assassin","","Modify the unit's characteristics."
"agents-of-the-imperium","dedication-to-duty","Dedication to Duty","subductor-squad","","During the Fight phase, each time this model is destroyed, it can fight before being removed from play."
"agents-of-the-imperium","deep-strike","Deep Strike","callidus-assassin;inquisitor-in-terminator-armour","","The unit has the Deep Strike ability."
"agents-of-the-imperium","defenders-of-the-faith","Defenders of the Faith","sisters-of-battle-squad","","The unit retains control of objective markers even after no models remain in range, until the enemy retakes them (sticky objectives)."
"agents-of-the-imperium","dominate-will-psychic","Dominate Will (Psychic)","inquisitor-eisenhorn","","Modify the unit's characteristics."
"agents-of-the-imperium","endurant-shield","Endurant Shield","imperial-navy-breachers","","This model has a 4+ invulnerable save."
"agents-of-the-imperium","ensnaring-trap","Ensnaring Trap","","","Modify the unit's characteristics."
"agents-of-the-imperium","esoteric-explosives","Esoteric Explosives","culexus-assassin","","Modify the unit's characteristics."
"agents-of-the-imperium","etheric-emergence","Etheric Emergence","culexus-assassin","","During the Movement phase, if the unit has the Deep Strike keyword, until the end of the turn: /   Select one of the following (Etheric Emergence): /     - This model has the Deep Strike ability; this model gains the Charge Ineligible ability. /     - This model has the Deep Strike ability."
"agents-of-the-imperium","evade-and-survive","Evade and Survive","ur-025","","The unit has the Reactive Move ability."
"agents-of-the-imperium","extremis-sanction","Extremis Sanction","","","Modify the unit's characteristics."
"agents-of-the-imperium","feel-no-pain-6","Feel No Pain 6+","watch-captain-artemis","","The unit has the Feel No Pain 6+ ability."
"agents-of-the-imperium","fights-first","Fights First","callidus-assassin","","The unit has the Fights First ability."
"agents-of-the-imperium","firing-deck-2","Firing Deck 2","inquisitorial-chimera","","The unit gains the Firing Deck ability (2)."
"agents-of-the-imperium","fortis-doctrines","Fortis Doctrines","fortis-kill-team","","Modify the unit's characteristics."
"agents-of-the-imperium","frenzon","Frenzon","eversor-assassin","","If the unit Advanced this turn, until the end of the turn, this model gains the Action Eligibility ability."
"agents-of-the-imperium","gaze-into-the-empyrean-psychic","Gaze into the Empyrean  (Psychic)","navigator","","Enemy units cannot be set up from Reserves within 12"" of enemy units nearby."
"agents-of-the-imperium","gaze-into-the-immaterium-psychic","Gaze into the Immaterium (Psychic)","espern-locarno","","Enemy units cannot be set up from Reserves within 12"" of enemy units nearby."
"agents-of-the-imperium","gheistskull","Gheistskull","imperial-navy-breachers","","Once per battle, the unit gains the Once Per Battle Special ability."
"agents-of-the-imperium","glovodan-psyber-eagle","Glovodan Psyber‐eagle","inquisitor-coteaz","","Until your next Command phase, the unit gains the Benefit of Cover ability."
"agents-of-the-imperium","grim-spectres","Grim Spectres","damned-legionnaires","","During the Shooting phase, enemy units nearby must take a Battle-shock test."
"agents-of-the-imperium","hammerhand-psychic","Hammerhand (Psychic)","grey-knights-terminator-squad","","Until the end of the turn, the unit's weapons gain [LETHAL HITS]."
"agents-of-the-imperium","healing-serum","Healing serum","rogue-trader-entourage","","While the unit is below its starting strength, return D3 destroyed models to the unit with full wounds."
"agents-of-the-imperium","helix-gauntlet","Helix Gauntlet","spectrus-kill-team","","Modify the unit's characteristics."
"agents-of-the-imperium","holy-hatred","Holy Hatred","ministorum-priest","","After being attached to a unit, the unit's weapons gain [SUSTAINED HITS 1]."
"agents-of-the-imperium","holy-mission","Holy Mission","ministorum-priest","","After being attached to a unit, the unit gains the Attached Unit Eligibility ability."
"agents-of-the-imperium","holy-piety","Holy Piety","ministorum-priest","","During the Fight phase, you can re-roll the Hit roll."
"agents-of-the-imperium","hover","Hover","corvus-blackstar","","This model has the Hover ability."
"agents-of-the-imperium","hyperstimms","Hyperstimms","","","Modify the unit's characteristics."
"agents-of-the-imperium","imperial-law","Imperial Law","exaction-squad","","The unit's weapons gain [LETHAL HITS]. / The unit's weapons gain [PRECISION]."
"agents-of-the-imperium","incensor-cherub","Incensor Cherub","sisters-of-battle-squad","","Once per battle, you can use one Stratagem on this model for 0CP."
"agents-of-the-imperium","inconceivable-augmentation","Inconceivable Augmentation","jokaero-weaponsmith","","Modify the unit's characteristics."
"agents-of-the-imperium","indomitor-doctrines","Indomitor Doctrines","indomitor-kill-team","","Modify the unit's characteristics."
"agents-of-the-imperium","infernum-halo-launcher","Infernum Halo-launcher","corvus-blackstar","","This model's weapons gain [SMOKE]."
"agents-of-the-imperium","infiltrator-comms-array","Infiltrator Comms Array","spectrus-kill-team","","Modify the unit's characteristics."
"agents-of-the-imperium","infiltrators","Infiltrators","callidus-assassin","","Once per battle, the unit has the Infiltrators ability."
"agents-of-the-imperium","inquisitorial-henchmen","Inquisitorial Henchmen","inquisitorial-agents","","This model gains the Army List Allowance One Inquisitorial Agents Unit Per Inquisitor ability."
"agents-of-the-imperium","intraneural-biotech","Intraneural Biotech","eversor-assassin","","Modify the unit's characteristics."
"agents-of-the-imperium","jump-pack","Jump Pack","kill-team-cassius","","Modify the unit's characteristics."
"agents-of-the-imperium","kill-team","Kill Team","aquila-kill-team","","This model gains the Special Embark Rule ability."
"agents-of-the-imperium","leader","Leader","watch-captain-artemis;inquisitor-in-terminator-armour","","The unit gains the Leader ability."
"agents-of-the-imperium","lone-operative","Lone Operative","callidus-assassin","","This model can only be targeted if it is the closest eligible target or within 12""."
"agents-of-the-imperium","lord-of-deceit-aura","Lord of Deceit (Aura)","callidus-assassin","","Against A targets, you gain 1CP."
"agents-of-the-imperium","loyal-henchmen","Loyal Henchmen","inquisitorial-agents","","After being attached to a unit, the attacking unit gets -1 to Wound rolls."
"agents-of-the-imperium","malefic-warding","Malefic Warding","daemonhost","","Modify the unit's characteristics."
"agents-of-the-imperium","malefic-wardings-psychic","Malefic Wardings (Psychic)","inquisitor-coteaz","","After being attached to a unit, the unit has a 4+ invulnerable save."
"agents-of-the-imperium","malus-codicium","Malus Codicium","inquisitor-eisenhorn","","Modify the unit's characteristics."
"agents-of-the-imperium","masters-of-close-confines","Masters of Close Confines","voidsmen-at-arms","","During the Shooting phase, the unit's weapons gain [LETHAL HITS]."
"agents-of-the-imperium","merciless-judgement","Merciless Judgement","vigilant-squad","","During the Shooting phase, while the unit is below half strength, against A targets, the unit gets +1 to Wound rolls."
"agents-of-the-imperium","micromelta-rounds","Micromelta Rounds","vindicare-assassin","","Modify the unit's characteristics."
"agents-of-the-imperium","ministorum-sermon","Ministorum Sermon","sanctifiers","","The unit's weapons gain [SUSTAINED HITS 1]."
"agents-of-the-imperium","narthecium","Narthecium","grey-knights-terminator-squad","","Return 1 destroyed model to the unit with full wounds."
"agents-of-the-imperium","navy-bodyguard","Navy Bodyguard","voidsmen-at-arms","","This model gains the Army List Allowance One Voidsmen At Arms Unit Per Voidfarers Character ability."
"agents-of-the-imperium","no-mercy","No Mercy","inquisitor-greyfax","","While the unit is below half strength, after being attached to a unit, against A targets, the unit gets +1 to Hit rolls."
"agents-of-the-imperium","nuncio-acquila","Nuncio-acquila","exaction-squad","","Once per battle, enemy units nearby must take a Battle-shock test."
"agents-of-the-imperium","on-my-signal-fire","On My Signal, Fire!","inquisitor-kroyle","","Modify the unit's characteristics."
"agents-of-the-imperium","orbital-oversight","Orbital Oversight","","","Modify the unit's characteristics."
"agents-of-the-imperium","overkill","Overkill","eversor-assassin","","Until the end of the turn, add 3 to the unit's Attacks characteristic."
"agents-of-the-imperium","power-of-the-rosette","Power of the Rosette","inquisitor;inquisitor-in-terminator-armour","","You gain 1CP."
"agents-of-the-imperium","prime-target","Prime Target","","","Modify the unit's characteristics."
"agents-of-the-imperium","proteus-doctrines","Proteus Doctrines","proteus-kill-team","","Modify the unit's characteristics."
"agents-of-the-imperium","psychic-gifts","Psychic Gifts","inquisitor;inquisitor-in-terminator-armour","","This model's weapons gain [PSYKER]."
"agents-of-the-imperium","psychic-hood","Psychic Hood","kill-team-cassius","","Modify the unit's characteristics."
"agents-of-the-imperium","psychic-veil-psychic","Psychic Veil (Psychic)","inquisitor-draxus","","During the Shooting phase, until your next Command phase, your unit suffers d3 mortal wounds."
"agents-of-the-imperium","psyoculum","Psyoculum","inquisitor-greyfax","","After being attached to a unit, the unit's weapons gain [ANTI PSYKER 4+]."
"agents-of-the-imperium","purge-and-cleanse","Purge and Cleanse","sisters-of-battle-immolator","","Until the end of the phase, the unit gains the Benefit of Cover ability."
"agents-of-the-imperium","rapid-deployment","Rapid Deployment","inquisitorial-chimera","","The unit gains the Transport Disembark Modifier ability."
"agents-of-the-imperium","righteous-smiting","Righteous Smiting","ministorum-priest","","During the Fight phase, after being attached to a unit, the unit gets +1 to Wound rolls."
"agents-of-the-imperium","rites-of-battle","Rites of Battle","watch-master","","Once per battle, you can use one Stratagem on this model for 0CP."
"agents-of-the-imperium","rites-of-teleportation","Rites of Teleportation","grey-knights-terminator-squad","","After being attached to a unit, this model has the Deep Strike ability."
"agents-of-the-imperium","salvationist-medikit","Salvationist Medikit","sanctifiers","","Return D3 destroyed models to the unit with full wounds."
"agents-of-the-imperium","scouts-6","Scouts 6""","sanctifiers","","Once per battle, the unit has the Scouts 6"" ability."
"agents-of-the-imperium","scouts-9","Scouts 9""","eversor-assassin","","Once per battle, the unit has the Scouts 9"" ability."
"agents-of-the-imperium","self-repair","Self Repair","imperial-rhino;ur-025","","Return 1 destroyed model to this model with full wounds."
"agents-of-the-imperium","shadow-assignment","Shadow Assignment","callidus-assassin","","You can include only one of this unit in your army."
"agents-of-the-imperium","shieldbreaker","Shieldbreaker","vindicare-assassin","","Until the end of the phase, the unit gets +1 to Wound rolls."
"agents-of-the-imperium","simulacrum-imperialis","Simulacrum Imperialis","sanctifiers","","For the rest of the battle, add 1 to the unit's Leadership characteristic."
"agents-of-the-imperium","soulguilt-scanner","Soulguilt Scanner","exaction-squad","","The unit's weapons gain [IGNORES COVER]."
"agents-of-the-imperium","soulless-horror-aura","Soulless Horror (Aura)","culexus-assassin","","Once per battle, enemy units nearby must take a Battle-shock test."
"agents-of-the-imperium","spectrus-doctrines","Spectrus Doctrines","spectrus-kill-team","","Modify the unit's characteristics."
"agents-of-the-imperium","spy-network","Spy Network","inquisitor-coteaz","","You gain 1CP."
"agents-of-the-imperium","stealth","Stealth","vindicare-assassin","","The attacking unit gets -1 to Hit rolls."
"agents-of-the-imperium","storm-shield","Storm Shield","deathwatch-terminator-squad","","Modify the unit's characteristics."
"agents-of-the-imperium","strategic-knowledge","Strategic Knowledge","watch-master","","After being attached to a unit, the unit is eligible to shoot and declare a charge in a turn in which it Fell Back."
"agents-of-the-imperium","tactical-instinct","Tactical Instinct","watch-captain-artemis","","After being attached to a unit, the unit's weapons gain [LETHAL HITS]."
"agents-of-the-imperium","teleport-homer","Teleport Homer","deathwatch-terminator-squad","","Modify the unit's characteristics."
"agents-of-the-imperium","terminatus-assault","Terminatus Assault","deathwatch-terminator-squad","","Modify the unit's characteristics."
"agents-of-the-imperium","that-redeploy-units-roll-off","that redeploy units, roll off","janus-draik","","Until the end of the turn, this model gains the Roll Off Winner Chooses Redeploy Order ability."
"agents-of-the-imperium","the-third-eye-psychic","The Third Eye (Psychic)","espern-locarno","","During the Shooting phase, enemy units nearby must take a Battle-shock test."
"agents-of-the-imperium","third-eye-psychic","Third Eye (Psychic)","navigator","","During the Shooting phase, your unit suffers 3 mortal wounds."
"agents-of-the-imperium","throne-of-judgement-aura","Throne of Judgement (Aura)","inquisitor-karamazov","","Modify the unit's characteristics."
"agents-of-the-imperium","tome-skull","Tome‐skull","inquisitorial-agents","","Once per battle, enemy units nearby must take a Battle-shock test."
"agents-of-the-imperium","tox-cycler","Tox-cycler","inquisitor-kroyle","","Modify the unit's characteristics."
"agents-of-the-imperium","turbo-boost","Turbo-boost","veteran-bike-squad","","Modify the unit's characteristics."
"agents-of-the-imperium","unflinching","Unflinching","kill-team-cassius","","Modify the unit's characteristics."
"agents-of-the-imperium","unstoppable-champion","Unstoppable Champion","watch-captain-artemis","","At the end of the phase, once per battle, for the rest of the battle: /   -> Roll one D6: on a 2+, return 1 destroyed model to this model with 1 wounds."
"agents-of-the-imperium","unsubtle-crusader","Unsubtle Crusader","inquisitor-karamazov","","Modify the unit's characteristics."
"agents-of-the-imperium","vox-cast-proclamations-aura","Vox-cast Proclamations (Aura)","inquisitor-ostromandeus","","Modify the unit's characteristics."
"agents-of-the-imperium","vox-skull","Vox-skull","inquisitor-ostromandeus","","Modify the unit's characteristics."
"agents-of-the-imperium","war-hymns","War Hymns","ministorum-priest","","After being attached to a unit, the unit's weapons gain [SUSTAINED HITS 1]."
"agents-of-the-imperium","ward-against-the-malefic-arts","Ward Against the Malefic Arts","inquisitor-ostromandeus","","Modify the unit's characteristics."
"agents-of-the-imperium","warrant-of-trade","Warrant of Trade","rogue-trader-entourage;neyam-shai-murad;janus-draik","","Modify the unit's characteristics."
"agents-of-the-imperium","watch-master","Watch Master","watch-master","","Once per battle, you can use one Stratagem on this model for 0CP."
"agents-of-the-imperium","willsapping-salvo","Willsapping Salvo","","","Modify the unit's characteristics."
"agents-of-the-imperium","xenos-hunter","Xenos Hunter","inquisitor-draxus","","After being attached to a unit, the unit gets +1 to Hit rolls."
"agents-of-the-imperium","zealot","Zealot","ministorum-priest","","During the Fight phase, until the end of the phase: /   -> Add 3 to the unit's Attacks characteristic. /   -> Add 3 to the unit's Strength characteristic."
"astra-militarum","ablative-plating","Ablative Plating","rogal-dorn-battle-tank","","Once per battle, each time an attack targets this model, reduce the Damage of that attack to 0."
"astra-militarum","absolutist-principles","Absolutist Principles","","","For the rest of the battle: / All friendly units' weapons gain [ABHUMAN]. / All friendly units gain the Issue Extra Order to Abhuman Unit ability. / Applies to: units with Astra Militarum."
"astra-militarum","accuracy-under-pressure","Accuracy Under Pressure","","","Until the end of the phase, you can re-roll the Hit roll. / Applies to: units with Astra Militarum."
"astra-militarum","adamantine-behemoth","Adamantine Behemoth","","","Until the end of the phase, the unit has the Move Through Terrain ability. / Applies to: units with Astra Militarum, Vehicle."
"astra-militarum","aerial-deployment","Aerial Deployment","arvus-lighter;aquila-lander","","If the unit has the HOVER keyword, if disposition matches, during the Movement phase, in either player's turn or in either player's turn or in either player's turn, until the end of the turn: /   -> This model gains the Reinforcements Step Setup ability. /   -> This model gains the Ignore Mission Reserves Restrictions ability."
"astra-militarum","airborne-insertion","Airborne Insertion","valkyrie","","This model gains the Special Embark Rule ability."
"astra-militarum","alchemyk-counteragents","Alchemyk Counteragents","krieg-command-squad","","The unit has the Feel No Pain 6+ ability."
"astra-militarum","anti-armour-gunship","Anti-armour Gunship","vendetta-gunship","","During the Shooting phase, you can re-roll the Damage roll."
"astra-militarum","armour-obliteration","Armour Obliteration","banesword","","When this model is destroyed, enemy units nearby suffer mortal wounds (Deadly Demise)."
"astra-militarum","armoured-frontis","Armoured Frontis","minotaur","","Each time an attack targets the unit, reduce the Damage of that attack by 1."
"astra-militarum","armoured-spearhead","Armoured Spearhead","leman-russ-battle-tank","","You can re-roll a Hit roll of 1."
"astra-militarum","artillery-team","ARTILLERY TEAM","heavy-quad-launcher-team;heavy-mortar-team","","This model gains the Flavor Text ability."
"astra-militarum","assault-hatches","Assault Hatches","","","Until the end of the turn, the unit gains the Charge After Disembark ability. / Applies to: units with Astra Militarum, Titanic, Character, Transport."
"astra-militarum","auspex-surveyor","Auspex Surveyor","salamander-command-vehicle","","Until the end of the phase, the unit gains the Benefit of Cover ability."
"astra-militarum","battalion-commander","Battalion Commander","","","For the rest of the battle, this model gains the Issue Orders ability. / Applies to: units with Astra Militarum, Titanic, Character."
"astra-militarum","blistering-advance","Blistering Advance","centaur-light-carrier","","The unit gains the Transport Disembark Modifier ability."
"astra-militarum","bombast-class-vox-array","Bombast-class Vox-array","","","For the rest of the battle, this model gains the Issue Order to Multiple Units ability. / Applies to: units with Astra Militarum, Militarum Tempestus, Officer."
"astra-militarum","bring-it-down","Bring it Down!","catachan-heavy-weapons-squad","","During the Shooting phase: /   -> You can re-roll a Hit roll of 1. /   -> You can re-roll a Wound roll of 1."
"astra-militarum","brute-shield","Brute Shield","bullgryn-squad;ogryn-bodyguard","","This model has a 4+ invulnerable save."
"astra-militarum","burst-of-speed","Burst of Speed","","","Until the end of the phase, the unit has the Normal Move D6"" ability. / Applies to: units with Astra Militarum."
"astra-militarum","cadia-stands","Cadia Stands!","cadian-command-squad","","During the Shooting phase, the unit gains the Benefit of Cover ability."
"astra-militarum","called-shots","Called Shots","rogal-dorn-commander","","You can re-roll the Damage roll."
"astra-militarum","ceaseless-cannonade","Ceaseless Cannonade","","","For the rest of the battle, ignore engagement penalty all friendly units' Hit rolls (shooting). / Applies to: units with Astra Militarum."
"astra-militarum","close-quarters-warfare","Close-quarters Warfare","hellhammer","","During the Shooting phase, ignore engagement penalty this model's Hit rolls."
"astra-militarum","close-range-detection","Close-range Detection","","","Until the end of the phase, the unit gains the Detection Range Modifier ability. / Applies to: units with Astra Militarum Infantry."
"astra-militarum","close-range-titan-killer","Close-range Titan Killer","doomhammer","","Against MONSTER targets or against VEHICLE targets, until the end of the phase, this model gains the Half Range Consideration ability."
"astra-militarum","combined-fire","Combined Fire","","","Until the end of the phase: / All enemy units gain the Deny Benefit of Cover ability. / Add 2 to all friendly units' Strength characteristic. / Applies to: units with Armoured Skirmisher."
"astra-militarum","command-rod","Command Rod","militarum-tempestus-command-squad","","While this model leads a unit, until the end of the turn, the unit gains the Multiple Orders ability."
"astra-militarum","compact","Compact","cyclops-demolition-vehicle","","This model gains the Special Embark Rule ability."
"astra-militarum","concussive-wave","Concussive Wave","stormsword","","During the Shooting phase, your unit suffers d3 mortal wounds."
"astra-militarum","covering-fire","Covering Fire","cadian-heavy-weapons-squad","","The unit gets -4 to Hit rolls (overwatch)."
"astra-militarum","covert-stealth-team","Covert Stealth Team","gaunts-ghosts","","At the end of the turn, in either player's turn, unless engagement state, until the end of the turn, the unit has the Deep Strike ability."
"astra-militarum","daring-recon","Daring Recon","scout-sentinels","","During the Shooting phase, until the end of the phase, you can re-roll a Hit roll of 1."
"astra-militarum","deadly-demise-1","Deadly Demise 1","scout-sentinels;hydra-platform;manticore-platform;earthshaker-platform","","Before removing this model from the battlefield: /   -> Roll one D6: on a 6+, each enemy unit within 6"" suffers 1 mortal wound."
"astra-militarum","deadly-demise-d3","Deadly Demise D3","leman-russ-battle-tank;storm-chimera;aquila-lander;griffon-mortar-carrier","","Before removing this model from the battlefield: /   -> Roll one D6: on a 6+, each enemy unit within 6"" suffers D3 mortal wounds."
"astra-militarum","deadly-demise-d6","Deadly Demise D6","rogal-dorn-commander","","Before removing this model from the battlefield: /   -> Roll one D6: on a 6+, each enemy unit within 6"" suffers D6 mortal wounds."
"astra-militarum","deadly-demise-d6-2","Deadly Demise D6+2","stormsword;dominus-armoured-siege-bombard;gorgon-heavy-transport;arkurian-stormhammer","","Before removing this model from the battlefield: /   -> Roll one D6: on a 6+, each enemy unit within 6"" suffers D6+2 mortal wounds."
"astra-militarum","death-befitting-an-officer","Death Befitting An Officer","leman-russ-commander","","Until the end of the phase: / Roll one D6: on a 2+, each time this model is destroyed, it can shoot before being removed from play."
"astra-militarum","death-korps-medi-pack","Death Korps Medi-pack","death-korps-of-krieg","","While the unit is below its starting strength, return D3 destroyed models to the unit with full wounds."
"astra-militarum","deathstrike-missile","Deathstrike Missile","deathstrike","","During the Shooting phase, the first time this battle, for the rest of the battle: /   Select one of the following (Target Action): /     - This model gains the Designate Target Marker ability. /     - This model gains the Adjust Target Marker ability."
"astra-militarum","deep-strike","Deep Strike","militarum-tempestus-command-squad","","The unit has the Deep Strike ability."
"astra-militarum","defence-line","Defence Line","aegis-defence-line","","The unit gains the Benefit of Cover ability."
"astra-militarum","defence-searchlight","Defence Searchlight","sabre-weapons-battery","","During the Shooting phase, until the end of the phase, the unit gains the Benefit of Cover ability."
"astra-militarum","demolition-charges","Demolition Charges","cyclops-demolition-vehicle","","Your unit suffers d3 mortal wounds."
"astra-militarum","demolition-gear","Demolition Gear","ratlings","","The unit's weapons gain [GRENADES]."
"astra-militarum","deployment","Deployment","aegis-defence-line","","This model gains the Defence Line Section Assembly ability."
"astra-militarum","desert-riders","Desert Riders","mukaali-riders","","The unit is eligible to shoot and declare a charge in a turn in which it Fell Back."
"astra-militarum","designated-targets","Designated Targets","","","For the rest of the battle, all friendly units gain the Designate Enemy Detection Range Modifier ability. / Applies to: units with Astra Militarum."
"astra-militarum","earthshaker-rounds","Earthshaker Rounds","basilisk;earthshaker-platform","","During the Shooting phase, against INFANTRY targets, with ranged attacks, until the end of the turn: /   -> Your unit gains the Shaken Status ability. /   -> Your unit has the Move -2"" ability. /   -> Your unit gets -2 to Charge rolls."
"astra-militarum","embarking","Embarking","krieg-heavy-weapons-squad","","This model gains the Special Embark Rule ability."
"astra-militarum","emplacement-platform","Emplacement Platform","aegis-defence-line","","If the unit has the ASTRA MILITARUM keyword, if the unit has the INFANTRY keyword, for the rest of the battle, friendly units nearby gain the Platform Setup and Move Override ability."
"astra-militarum","engine-of-wrath","Engine of Wrath","","","Until the end of the phase: / Add 6 to the unit's Attacks characteristic (melee). / Add 2 to the unit's Armour Penetration characteristic (melee). / Applies to: units with Astra Militarum, Titanic."
"astra-militarum","engine-speaker","Engine Speaker","","","Until your next Command phase, add 3 to the unit's Move characteristic. / Applies to: units with Astra Militarum, Tech-Priest Enginseer."
"astra-militarum","enginseer","Enginseer","tech-priest-enginseer","","After being attached to a unit, this model gains the Lone Operative ability."
"astra-militarum","exemplar-of-duty","Exemplar of Duty","","","The unit has the Feel No Pain 4+ ability. / Applies to: units with Commissar."
"astra-militarum","exemplary-officer","Exemplary Officer","","","For the rest of the battle, this model gains the Issue Order to Extra Platoon Units ability. / Applies to: units with Astra Militarum, Officer, Infantry."
"astra-militarum","feel-no-pain-5","Feel No Pain 5+","nork-deddog","","The unit has the Feel No Pain 5+ ability."
"astra-militarum","feel-no-pain-6","Feel No Pain 6+","bullgryn-squad;ogryn-bodyguard","","The unit has the Feel No Pain 6+ ability."
"astra-militarum","fiery-vengeance","Fiery Vengeance","avenger-strike-fighter","","During the Shooting phase, the unit gains the Once Per Round Special ability."
"astra-militarum","fights-first","Fights First","gaunts-ghosts","","During the Fight phase, if the unit has the FIGHTS FIRST keyword, until the end of the phase, the unit has the Fights First ability."
"astra-militarum","final-duty","Final Duty","krieg-heavy-weapons-squad","","Each time this model is destroyed, it can shoot before being removed from play."
"astra-militarum","fire-support","Fire Support","valkyrie-sky-talon","","During the Shooting phase, until the end of the phase, you can re-roll the Wound roll."
"astra-militarum","fire-zone-purge","Fire Zone Purge","","","At set up this turn, for the rest of the battle, all friendly units get +1 to Hit rolls. / Applies to: units with Astra Militarum."
"astra-militarum","firing-deck-12","Firing Deck 12","stormlord","","The unit gains the Firing Deck ability (12)."
"astra-militarum","firing-deck-2","Firing Deck 2","chimera;storm-chimera","","The unit gains the Firing Deck ability (2)."
"astra-militarum","firing-deck-6","Firing Deck 6","banehammer","","The unit gains the Firing Deck ability (6)."
"astra-militarum","firing-hot","Firing Hot","","","Until the end of the phase: / Add 1 to the unit's Strength characteristic (ranged). / Add 1 to the unit's Armour Penetration characteristic (ranged). / Applies to: units with Astra Militarum."
"astra-militarum","flak-battery","Flak Battery","hydra;hydra-platform","","Against A targets, you can re-roll the Hit roll."
"astra-militarum","flush-them-out","Flush Them Out","hellhound","","During the Shooting phase, the unit gains the Benefit of Cover ability."
"astra-militarum","fortification","Fortification","aegis-defence-line;hydra-platform;manticore-platform;earthshaker-platform","","During the Shooting phase, the attacking unit gets -1 to Hit rolls."
"astra-militarum","furious-barrage","Furious Barrage","manticore;manticore-platform","","During the Shooting phase, your unit gains the Post Attack Debuff ability."
"astra-militarum","get-back-in-the-fight","Get Back in the Fight","cadian-castellan","","After being attached to a unit, the unit is eligible to shoot and declare a charge in a turn in which it Fell Back."
"astra-militarum","grand-strategist-armoured-infantry","Grand Strategist","","","For the rest of the battle, this model gains the Pregame Redeploy Up to Two Regiment or Squadron Units May Enter Strategic Reserves ability. / Applies to: units with Astra Militarum, Officer."
"astra-militarum","grenadiers","Grenadiers","krieg-combat-engineers","","You can use one Stratagem on this model for 0CP."
"astra-militarum","grim-demeanour","Grim Demeanour","death-korps-of-krieg","","While the unit is below its starting strength, while the unit is below half strength: /   -> The unit gets +1 to Hit rolls. /   -> The unit gets +1 to Wound rolls."
"astra-militarum","grim-determination","Grim Determination","krieg-command-squad","","If the unit has the OFFICER keyword, for the rest of the battle: /   -> The unit gains the Stratagem Targetable While Battle Shocked ability. /   -> The unit gains the Orders Persist During Battle Shock ability."
"astra-militarum","gung-ho-command","Gung-ho Command","catachan-command-squad","","The unit's weapons gain [ASSAULT]."
"astra-militarum","gung-ho-executioners","Gung-ho Executioners","leman-russ-executioner","","While the unit is below half strength, against A targets, the unit gets +1 to Hit rolls."
"astra-militarum","holy-hatred","Holy Hatred","ministorum-priest","","After being attached to a unit, the unit's weapons gain [SUSTAINED HITS 1]."
"astra-militarum","holy-mission","Holy Mission","ministorum-priest","","After being attached to a unit, the unit gains the Attached Unit Eligibility ability."
"astra-militarum","holy-piety","Holy Piety","ministorum-priest","","During the Fight phase, you can re-roll the Hit roll."
"astra-militarum","horsemasters","Horsemasters","attilan-rough-riders","","The unit is eligible to shoot and declare a charge in a turn in which it Fell Back."
"astra-militarum","hover","Hover","valkyrie;aquila-lander","","This model has the Hover ability."
"astra-militarum","imposing-arrival","Imposing Arrival","","","Until the end of the phase, the unit gains the Ingress Move ability. / Applies to: units with Astra Militarum, Titanic."
"astra-militarum","infiltrators","Infiltrators","ratlings;gaunts-ghosts","","Once per battle, the unit has the Infiltrators ability."
"astra-militarum","jungle-fighters","Jungle Fighters","catachan-jungle-fighters","","During the Fight phase, if the unit charged this turn, the unit gets +1 to Wound rolls."
"astra-militarum","leader","Leader","cadian-castellan;death-rider-commissar","","The unit gains the Leader ability."
"astra-militarum","leading-the-charge","Leading The Charge","lord-marshal-dreir","","Until the end of the turn, the unit's weapons gain [DEVASTATING WOUNDS]."
"astra-militarum","like-fighting-a-shadow","Like Fighting a Shadow","sly-marbo","","During the Shooting phase, until the end of the turn, the unit has the Shoot and Scoot ability."
"astra-militarum","line-breaker","Line-breaker","leman-russ-demolisher","","During the Shooting phase, this model gains the Target in Engagement ability."
"astra-militarum","lone-operative","Lone Operative","sly-marbo;gaunts-ghosts","","This model can only be targeted if it is the closest eligible target or within 12""."
"astra-militarum","loner","Loner","sly-marbo","","This model gains the Restricted From Warlord ability."
"astra-militarum","long-range-scout","Long-range Scout","","","Once per battle, the unit has the Infiltrate ability. / Applies to: units with Scout Sentinel."
"astra-militarum","lord-castellan","Lord Castellan","ursula-creed","","While this model leads a unit, for the rest of the battle, the unit this model leads gains the Multiple Orders Up to Two ability."
"astra-militarum","low-profile","Low Profile","","","Until the end of the phase, the unit gains the Remain Hidden After Shooting ability. / Applies to: units with Ratlings."
"astra-militarum","loyal-protector","Loyal Protector","nork-deddog;ogryn-bodyguard","","This model gains the Special Embark Rule ability."
"astra-militarum","malign-wardings-psychic","Malign Wardings (Psychic)","primaris-psyker","","After being attached to a unit, the unit has the Feel No Pain 4+ ability."
"astra-militarum","mark-the-target","Mark the Target","elysian-sniper-squad","","The unit's weapons gain [DEVASTATING WOUNDS]."
"astra-militarum","master-manoeuvrist","Master Manoeuvrist","","","Until the end of the turn, this model gains the Embark After Fight ability. / Applies to: units with Astra Militarum, Officer, Infantry."
"astra-militarum","master-vox","Master Vox","militarum-tempestus-command-squad","","For the rest of the battle, the unit gains the Extended Order Range ability."
"astra-militarum","medi-pack","Medi-pack","militarum-tempestus-command-squad","","While the unit is below its starting strength, return D3 destroyed models to the unit with full wounds."
"astra-militarum","medicae-medi-packs","Medicae Medi-packs","quartermaster-cadre-squad","","The unit has the Feel No Pain 5+ ability."
"astra-militarum","melta-mine","Melta Mine","kasrkin","","Once per battle, your unit suffers d3 mortal wounds."
"astra-militarum","meteoric-descent","Meteoric Descent","elysian-drop-sentinel","","When it is set up by Deep Strike, until the end of the turn: /   Select one of the following (Perform Meteoric Descent): /     - This model gains the Meteoric Descent Placement Beyond Three Inches ability; this model: cannot declare charge. /     - This model has the Deep Strike ability."
"astra-militarum","mindlock","Mindlock","quartermaster-cadre-squad","","After being attached to a unit, for the rest of the battle, add 1 to the unit's Weapon Skill characteristic (melee)."
"astra-militarum","mobile-command-vehicle","Mobile Command Vehicle","chimera;storm-chimera","","This model gains the Special Embark Rule ability."
"astra-militarum","mobile-firebase","Mobile Firebase","","","Until the end of the turn, the unit gains the Act After Move ability. / Applies to: units with Armoured Skirmisher."
"astra-militarum","mobile-hunter-killer","Mobile Hunter-killer","tauros-venator","","You can re-roll the Wound roll."
"astra-militarum","mobile-hunter-killers","Mobile Hunter-killers","armoured-sentinels","","You can re-roll the Wound roll."
"astra-militarum","mount-up","Mount Up!","stormlord;gorgon-heavy-transport","","This model gains the Special Embark Rule ability."
"astra-militarum","mow-down-the-enemy","Mow Down the Enemy","leman-russ-punisher","","The unit's weapons gain [DEVASTATING WOUNDS]."
"astra-militarum","ogryn-bodyguard","Ogryn Bodyguard","nork-deddog;ogryn-bodyguard","","The unit has the Feel No Pain 4+ ability."
"astra-militarum","omnissiah-s-blessing","Omnissiah’s Blessing","tech-priest-enginseer","","Until your next Command phase, the unit has the Feel No Pain 5+ ability."
"astra-militarum","omnissian-unguents","Omnissian Unguents","","","Friendly units within 3"" have the Feel No Pain 5+ ability. / Applies to: units with Astra Militarum, Tech-Priest Enginseer."
"astra-militarum","on-my-position","On My Position","","","Until the end of the phase: / Roll one D6: on a 2+, all enemy units suffer D6 mortal wounds. / This model suffers 3D3 mortal wounds. / Applies to: units with Astra Militarum, Regiment."
"astra-militarum","one-man-army","One-man Army","sly-marbo","","During the Shooting phase, the unit gains the Once Per Round Special ability."
"astra-militarum","opening-salvo","Opening Salvo","","","Until the end of the phase, the unit gets +1 to Wound rolls. / Applies to: units with Astra Militarum."
"astra-militarum","order-the-advance","Order the Advance","","","Until the end of the phase, you can re-roll the Advance roll. / Applies to: units with Astra Militarum."
"astra-militarum","orders","Orders","cadian-castellan;gaunts-ghosts;death-rider-commissar","","For the rest of the battle, this model gains the Issue Orders Regiment Up to 2 ability."
"astra-militarum","outflank","Outflank","salamander-scout-vehicle","","For the rest of the battle, this model gains the Strategic Reserves Placement ability."
"astra-militarum","overwhelming-short-range-firepower","Overwhelming Short-range Firepower","macharius-omega","","You can re-roll a Hit roll of 1."
"astra-militarum","pinning-bombardment","Pinning Bombardment","armageddon-pattern-medusa;dominus-armoured-siege-bombard","","During the Shooting phase, enemy units nearby must take a Battle-shock test."
"astra-militarum","point-blank-barrage","Point-blank Barrage","ogryn-squad","","During the Shooting phase, subtract 1 from the unit's Armour Penetration characteristic."
"astra-militarum","political-overwatch","Political Overwatch","commissar;death-rider-commissar","","If the unit has the OFFICER keyword, the unit can re-roll Battle-shock tests."
"astra-militarum","powerlifter-charge","Powerlifter Charge","sentinel-powerlifter","","Your unit suffers d3 mortal wounds."
"astra-militarum","precision-drop","Precision Drop","tempestus-aquilons","","During the Movement phase, until the end of the turn: /   -> This model has the Deep Strike ability. /   -> This model: charge blocked."
"astra-militarum","primed-and-ready","Primed and Ready","death-korps-grenadier-squad","","During the Shooting phase, unless at grenade stratagem used on unit this phase, until the end of the phase, the unit gains the Grenade Stratagem Free Use ability."
"astra-militarum","priority-drop-beacon","Priority-drop Beacon","","","Once per battle, this model gains the Ingress Move ability. / Applies to: units with Astra Militarum, Militarum Tempestus, Officer."
"astra-militarum","psychic-barrier-psychic","Psychic Barrier (Psychic)","primaris-psyker","","During the Shooting phase, until the end of the phase, your unit suffers d3 mortal wounds."
"astra-militarum","rapid-deployment","Rapid Deployment","taurox","","The unit gains the Transport Disembark Modifier ability."
"astra-militarum","ratling-battlemutt","Ratling Battlemutt","ratlings","","Until the end of the phase, the unit's weapons gain [LETHAL HITS]."
"astra-militarum","rearm-reload-fire","Rearm, Reload, Fire","field-ordnance-battery;heavy-mortar-team","","If the unit Remained Stationary, the unit's weapons gain [SUSTAINED HITS 1]."
"astra-militarum","recon-star","Recon Star","","","Once per battle, this model gains the Ingress Move ability. / Applies to: units with Astra Militarum Infantry Platoon."
"astra-militarum","recovery-vehicle","Recovery Vehicle","atlas-recovery-vehicle","","Return D3 destroyed models to this model with full wounds."
"astra-militarum","regimental-standard","Regimental Standard","militarum-tempestus-command-squad","","The unit gets +1 to its Objective Control characteristic."
"astra-militarum","reinforced-cover","Reinforced Cover","aegis-defence-line;hydra-platform;manticore-platform;earthshaker-platform","","During the Shooting phase, the unit gains the Benefit of Cover ability."
"astra-militarum","remorseless-barrage","Remorseless Barrage","artillery-team","","During the Shooting phase, enemy units nearby must take a Battle-shock test."
"astra-militarum","remote-mine","Remote Mine","krieg-combat-engineers","","Once per battle, during the Shooting phase, your unit suffers d3 mortal wounds."
"astra-militarum","righteous-smiting","Righteous Smiting","ministorum-priest","","During the Fight phase, after being attached to a unit, the unit gets +1 to Wound rolls."
"astra-militarum","rolling-fortress","Rolling Fortress","baneblade;arkurian-stormhammer","","During the Shooting phase, the unit gains the Benefit of Cover ability."
"astra-militarum","scouts-6","Scouts 6""","catachan-heavy-weapons-squad","","Once per battle, the unit has the Scouts 6"" ability."
"astra-militarum","scouts-9","Scouts 9""","scout-sentinels","","Once per battle, the unit has the Scouts 9"" ability."
"astra-militarum","screening-line","Screening Line","death-riders","","The unit has the Reactive Move ability."
"astra-militarum","senior-officer","Senior Officer","cadian-castellan","","After being attached to a unit, the unit's weapons gain [SUSTAINED HITS 1]."
"astra-militarum","sentinel-directives","Sentinel Directives","sabre-weapons-battery","","The unit gets -5 to Hit rolls (overwatch)."
"astra-militarum","servo-designators","Servo-designators","","","Until the end of the phase, all friendly units' weapons gain [IGNORES COVER]. / Applies to: units with Astra Militarum, Militarum Tempestus."
"astra-militarum","servo-scribes","Servo-scribes","krieg-command-squad","","Once per battle, the unit gains the Once Per Battle Special ability."
"astra-militarum","servo-sentry","Servo-sentry","tempestus-aquilons","","This model gains the Flavor Text ability."
"astra-militarum","sharp-eyes-light-fingers","Sharp Eyes, Light Fingers","","","During the Shooting phase, until the end of the phase, all enemy units gain the Detection Range Modifier ability. / Applies to: units with Ratlings."
"astra-militarum","shattering-salvo","Shattering Salvo","","","Until the end of the phase, all enemy units gain the Deny Benefit of Cover ability. / Applies to: units with Astra Militarum, Titanic."
"astra-militarum","shock-troops","Shock Troops","cadian-shock-troops","","The unit retains control of objective markers even after no models remain in range, until the enemy retakes them (sticky objectives)."
"astra-militarum","shoot-sharp-and-scarper","Shoot Sharp and Scarper","ratlings","","During the Shooting phase, until the end of the turn, the unit has the Shoot and Scoot ability."
"astra-militarum","slabshield","Slabshield","bullgryn-squad;ogryn-bodyguard","","Modify this model's Wounds characteristic to 4."
"astra-militarum","squadron-command","Squadron Command","","","For the rest of the battle, all friendly units gain the Add Order ability. / Applies to: units with Astra Militarum."
"astra-militarum","stealth","Stealth","ratlings;gaunts-ghosts","","The attacking unit gets -1 to Hit rolls."
"astra-militarum","stirred-to-action","Stirred to Action","","","Until the end of the phase, the unit has the Surge Move D6"" ability. / Applies to: units with Astra Militarum."
"astra-militarum","storm-troopers","Storm Troopers","tempestus-scions","","You can re-roll a Wound roll of 1."
"astra-militarum","summary-execution","Summary Execution","commissar;death-rider-commissar","","Once per battle, the unit gains the Once Per Battle Special ability."
"astra-militarum","sump-smog-screen","Sump-smog Screen","","","Until the end of the phase, the unit gains the Benefit of Cover ability. / Applies to: units with Astra Militarum Infantry."
"astra-militarum","supporting-ordnance","Supporting Ordnance","","","Against Monster targets or against Vehicle targets, until the end of the phase, you can re-roll the Hit roll. / Applies to: units with Armoured Skirmisher."
"astra-militarum","suppression-bombardment","Suppression Bombardment","wyvern;griffon-mortar-carrier","","During the Shooting phase, the attacking unit gets -1 to Hit rolls."
"astra-militarum","supreme-commander","Supreme Commander","lord-solar-leontus","","This model must be your Warlord."
"astra-militarum","tactical-genius","Tactical Genius","ursula-creed","","Once per battle, you can use one Stratagem on this model for 0CP."
"astra-militarum","tanith-camo-cloaks","Tanith Camo-cloaks","gaunts-ghosts","","For the rest of the battle, the unit's weapons gain [BENEFIT OF COVER]."
"astra-militarum","tank-hunter","Tank Hunter","stygies-destroyer-tank-hunter","","During the Shooting phase, against VEHICLE targets, the unit gets +1 to Wound rolls."
"astra-militarum","tank-killer","Tank-killer","leman-russ-vanquisher","","During the Shooting phase, you can re-roll the Wound roll."
"astra-militarum","tempestor-prime","Tempestor Prime","militarum-tempestus-command-squad","","The unit's weapons gain [SUSTAINED HITS 1]."
"astra-militarum","the-collegiate-astrolex","The Collegiate Astrolex","lord-solar-leontus","","After deployment, for the rest of the battle, this model gains the Redeploy Up to 3 Astra Militarum to Strategic Reserves Override ability."
"astra-militarum","the-lord-solar","The Lord Solar","lord-solar-leontus","","You gain 1CP."
"astra-militarum","the-ratling-twins","The Ratling Twins","rein-and-raus","","During the Shooting phase: /   -> You can re-roll the Hit roll. /   -> You can re-roll the Wound roll."
"astra-militarum","thick-skulled-obdurance","Thick-skulled Obdurance","","","Until the end of the phase, subtract 1 from the unit's Armour Penetration characteristic. / Applies to: units with Astra Militarum."
"astra-militarum","thunderous-head-butt","Thunderous Head-butt","nork-deddog","","Your unit suffers d3 mortal wounds."
"astra-militarum","titan-killer","Titan-killer","shadowsword","","During the Shooting phase, the unit's weapons gain [DEVASTATING WOUNDS]."
"astra-militarum","titan-killer-steel-hammer","Titan Killer","","","You can re-roll the Damage roll. / Applies to: units with Astra Militarum, Titanic, Character."
"astra-militarum","tough-to-kill","Tough To Kill","lord-marshal-dreir","","The first time this battle, when destroyed by a any attack, for the rest of the battle: /   -> Roll one D6: on a 2+, return 1 destroyed model to this model with full wounds."
"astra-militarum","transport-support","Transport Support","taurox-prime","","During the Shooting phase, until the end of the phase, you can re-roll the Hit roll."
"astra-militarum","tremor-quake","Tremor Quake","banehammer","","During the Shooting phase, enemy units nearby must take a Battle-shock test."
"astra-militarum","triggered-alerts","Triggered Alerts","","","Until the end of the phase, the unit has the Normal Move D3+3"" ability. / Applies to: units with Astra Militarum Infantry."
"astra-militarum","turbo-boost","Turbo-boost","tauros-assault-vehicle","","Until the end of the phase, add 6 to the unit's Move characteristic."
"astra-militarum","unstable-payload","Unstable Payload","cyclops-demolition-vehicle","","When this model is destroyed, enemy units nearby suffer mortal wounds (Deadly Demise)."
"astra-militarum","urban-warfare","Urban Warfare","leman-russ-eradicator","","During the Shooting phase, each time an attack targets the unit, reduce the Damage of that attack by 1."
"astra-militarum","vengeance-for-the-omnissiah","Vengeance for the Omnissiah","tech-priest-enginseer","","If 1+ friendly units destroyed battle, against VEHICLE targets, against ASTRA MILITARUM targets, for the rest of the battle, modify this model's Attacks characteristic to 6."
"astra-militarum","voice-of-command","Voice of Command","gaunts-ghosts;death-rider-commissar","","Until your next Command phase: / Select one of the following: /   - The unit gets +1 to Hit rolls. /   - Add 1 to the unit's Attacks characteristic. /   - Add 3 to the unit's Move characteristic."
"astra-militarum","vox-caster","Vox-caster","cadian-shock-troops","","You gain 1CP."
"astra-militarum","vox-net","Vox-net","rogal-dorn-commander","","For the rest of the battle, friendly units nearby gain the Extended Order Range ability."
"astra-militarum","wall-of-muscle","Wall of Muscle","bullgryn-squad","","Each time an attack targets the unit, reduce the Damage of that attack by 1."
"astra-militarum","war-hymns","War Hymns","ministorum-priest","","After being attached to a unit, the unit's weapons gain [SUSTAINED HITS 1]."
"astra-militarum","warrior-elite","Warrior Elite","kasrkin","","Until your next Command phase, the unit gains the Once Per Battle Special ability."
"astra-militarum","withering-firepower","Withering Firepower","","","Until the end of the phase, subtract 1 from the Battle-shock test of all enemy units. / Applies to: units with Astra Militarum, Vehicle."
"astra-militarum","withering-hail","Withering Hail","leman-russ-exterminator","","During the Shooting phase, until the end of the phase, subtract 1 from the unit's Armour Penetration characteristic."
"astra-militarum","zealot","Zealot","ministorum-priest","","During the Fight phase, until the end of the phase: /   -> Add 3 to the unit's Attacks characteristic. /   -> Add 3 to the unit's Strength characteristic."
"chaos-daemons","a-gory-path","A Gory Path","bloodmaster","","The unit has the Extended Consolidation 6"" ability."
"chaos-daemons","altered-reality-psychic","Altered Reality (Psychic)","fluxmaster","","Once per battle, this model gets -6 to Any rolls."
"chaos-daemons","apocalyptic-steeds","Apocalyptic Steeds","","","Add 1 to this model's Move characteristic. / Applies to: units with Legiones Daemonica, Mounted."
"chaos-daemons","bane-forged-weapons","Bane-Forged Weapons","","","Add 1 to this model's Strength characteristic. / Applies to: units with Legiones Daemonica, Battleline."
"chaos-daemons","bane-of-cowards","Bane of Cowards","bloodletters","","Enemy units nearby: anti fallback."
"chaos-daemons","beast-handler","Beast Handler","horticulous-slimux","","Once per battle, after being attached to a unit, you can re-roll the Charge roll."
"chaos-daemons","bilious-blessing","Bilious Blessing","","","Until the end of the phase, roll 7D6: for each 4+, each enemy unit within 8"" suffers 1 mortal wound. / Applies to: units with Legiones Daemonica, Character, Nurgle (excluding Monster)."
"chaos-daemons","blazing-warpfire-psychic","Blazing Warpfire (Psychic)","exalted-flamer","","After being attached to a unit, the unit's weapons gain [ASSAULT]."
"chaos-daemons","blessed-by-the-plague-god","Blessed by the Plague God","epidemius","","After being attached to a unit, this model has a 4+ invulnerable save."
"chaos-daemons","blood-throne","Blood Throne","rendmaster-on-blood-throne","","During the Fight phase, until the end of the phase, subtract 1 from the unit's Armour Penetration characteristic."
"chaos-daemons","bloodmaster","Bloodmaster","bloodmaster","","After being attached to a unit, the unit gets +1 to Wound rolls."
"chaos-daemons","bounding-assault","Bounding Assault","pox-riders","","If the unit charged this turn, until the end of the turn, the unit's weapons gain [LANCE]."
"chaos-daemons","bounding-leaps","Bounding Leaps","flamers","","The unit is eligible to shoot and declare a charge in a turn in which it Fell Back."
"chaos-daemons","brass-collar-of-bloody-vengeance","Brass Collar of Bloody Vengeance","karanak","","The unit has the Feel No Pain 3+ ability."
"chaos-daemons","brass-stampede","Brass Stampede","bloodcrushers","","Your unit suffers d3 mortal wounds."
"chaos-daemons","call-to-murder","Call to Murder","","","If the unit charged this turn, until the end of the phase, add 1 to the unit's Attacks characteristic (melee). / Applies to: units with Legiones Daemonica, Character, Khorne (excluding Monster)."
"chaos-daemons","carnival-of-excess","Carnival of Excess","","","Until the end of the phase, the unit has the Fights First ability. / Applies to: units with Legiones Daemonica, Character, Slaanesh (excluding Monster)."
"chaos-daemons","champion-slayer","Champion Slayer","rendmaster-on-blood-throne","","During the Fight phase, you can re-roll the Wound roll."
"chaos-daemons","changecaster","Changecaster","changecaster","","After being attached to a unit, the unit's weapons gain [SUSTAINED HITS 1]."
"chaos-daemons","collar-of-khorne","Collar of Khorne","flesh-hounds","","The unit has the Feel No Pain 3+ ability."
"chaos-daemons","cover","Cover","skull-altar","","During the Shooting phase, the unit gains the Benefit of Cover ability."
"chaos-daemons","cutting-down-the-foe","Cutting Down the Foe","hellflayers","","During the Fight phase, if the unit charged this turn: /   -> Add 1 to the unit's Strength characteristic. /   -> Add 1 to the unit's Damage characteristic."
"chaos-daemons","daemon-lord-of-khorne-aura","Daemon Lord of Khorne (Aura)","bloodthirster","","During the Fight phase, the unit gets +1 to Hit rolls."
"chaos-daemons","daemon-lord-of-nurgle-aura","Daemon Lord of Nurgle (Aura)","great-unclean-one","","Against nurgle targets, against legiones-daemonica targets, until the end of the battle round, add 1 to friendly units nearby's Toughness characteristic."
"chaos-daemons","daemon-lord-of-slaanesh-aura","Daemon Lord of Slaanesh (Aura)","keeper-of-secrets","","Subtract 1 from the unit's Armour Penetration characteristic."
"chaos-daemons","daemon-lord-of-tzeentch-aura","Daemon Lord of Tzeentch (Aura)","lord-of-change","","During the Shooting phase, add 1 to the unit's Strength characteristic."
"chaos-daemons","daemonic-allegiance","Daemonic Allegiance","soul-grinder","","You can re-roll the Hit roll."
"chaos-daemons","daemonic-icon","Daemonic Icon","daemonettes","","Modify this model's Leadership characteristic to 6."
"chaos-daemons","daemonic-infestation","Daemonic Infestation","","","Until the end of the phase, the unit gains the Heal Wounds ability. / Applies to: units with Legiones Daemonica, Battleline (excluding Pink Horrors)."
"chaos-daemons","daemonic-lord","Daemonic Lord","daemon-prince-of-chaos","","This model gains the Lone Operative ability."
"chaos-daemons","daemonic-pact","Daemonic Pact","","","This model gains the Faction Metadata ability."
"chaos-daemons","dazzling-acrobatics","Dazzling Acrobatics","the-masque-of-slaanesh","","The unit gains the Charge After Advance ability."
"chaos-daemons","deadly-demise-1","Deadly Demise 1","beasts-of-nurgle","","Before removing this model from the battlefield: /   -> Roll one D6: on a 6+, each enemy unit within 6"" suffers 1 mortal wound."
"chaos-daemons","deadly-demise-d3","Deadly Demise D3","soul-grinder","","Before removing this model from the battlefield: /   -> Roll one D6: on a 6+, each enemy unit within 6"" suffers D3 mortal wounds."
"chaos-daemons","deadly-demise-d6","Deadly Demise D6","rotigus;belakor;aetaosraukeres","","Before removing this model from the battlefield: /   -> Roll one D6: on a 6+, each enemy unit within 6"" suffers D6 mortal wounds."
"chaos-daemons","deadly-demise-d6-2","Deadly Demise D6+2","anggrath-the-unbound","","Before removing this model from the battlefield, until the end of the turn: /   -> Roll one D6: on a 6+, friendly units nearby suffer D6+2 mortal wounds; enemy units nearby suffer D6+2 mortal wounds."
"chaos-daemons","death-s-heads","Death’s Heads","plague-drones","","During the Shooting phase, until the end of the turn, you can re-roll the Wound roll."
"chaos-daemons","deep-strike","Deep Strike","soul-grinder;belakor;aetaosraukeres;anggrath-the-unbound","","The unit has the Deep Strike ability."
"chaos-daemons","deluge-of-nurgle-aura","Deluge of Nurgle (Aura)","rotigus","","Subtract 2 from enemy units nearby's Move characteristic. / Enemy units nearby get -1 to their Objective Control characteristic."
"chaos-daemons","devastating-charge","Devastating Charge","skullmaster","","Enemy units nearby must take a Battle-shock test."
"chaos-daemons","discordant-disruption-aura","Discordant Disruption (Aura)","infernal-enrapturess","","Against psyker targets, until the end of the turn, enemy units nearby's psychic gains [HAZARDOUS]."
"chaos-daemons","disease-of-mirth-aura","Disease of Mirth (Aura)","sloppity-bilepiper","","During the Fight phase, enemy units nearby must take a Battle-shock test."
"chaos-daemons","diseased-cover","Diseased Cover","feculent-gnarlmaw","","During the Shooting phase, the unit gains the Benefit of Cover ability."
"chaos-daemons","eldritch-flames-psychic","Eldritch Flames (Psychic)","burning-chariot","","During the Shooting phase, until the end of the phase, the unit gains the Benefit of Cover ability."
"chaos-daemons","emissary-of-the-blood-god-aura","Emissary of the Blood God (Aura)","anggrath-the-unbound","","Friendly units nearby can re-roll Battle-shock tests."
"chaos-daemons","emissary-of-the-great-mutator-aura","Emissary of the Great Mutator (Aura)","aetaosraukeres","","Friendly units nearby can re-roll Battle-shock tests."
"chaos-daemons","emissary-of-the-plague-god-aura","Emissary of the Plague God (Aura)","scabeiathrax-the-bloated","","Against nurgle targets, for the rest of the battle, friendly units nearby can re-roll Battle-shock tests."
"chaos-daemons","emissary-of-the-prince-of-excess-aura","Emissary of the Prince of Excess (Aura)","zarakynel","","Against slaanesh targets, for the rest of the battle, friendly units nearby can re-roll Battle-shock tests."
"chaos-daemons","exploding-horrors","Exploding Horrors","blue-horrors","","Your unit suffers 1 mortal wound."
"chaos-daemons","fateskimmer","Fateskimmer","fateskimmer","","After being attached to a unit, the unit's weapons gain [LETHAL HITS]."
"chaos-daemons","feculent-despair-aura-psychic","Feculent Despair (Aura, Psychic)","poxbringer","","For the rest of the battle, subtract 1 from the Leadership characteristic of enemy units nearby."
"chaos-daemons","feel-no-pain-5","Feel No Pain 5+","poxbringer","","The unit has the Feel No Pain 5+ ability."
"chaos-daemons","feel-no-pain-6","Feel No Pain 6+","rotigus","","The unit has the Feel No Pain 6+ ability."
"chaos-daemons","fights-first","Fights First","the-masque-of-slaanesh","","The unit has the Fights First ability."
"chaos-daemons","flames-of-change-psychic","Flames of Change (Psychic)","exalted-flamer","","During the Shooting phase, your unit gains the Post Attack Debuff ability."
"chaos-daemons","fluxmaster","Fluxmaster","fluxmaster","","After being attached to a unit, the attacking unit gets -1 to Hit rolls."
"chaos-daemons","formless-horror","Formless Horror","the-changeling","","Until the end of the phase: / Modify the attacking unit's Leadership characteristic. / While the unit is Battle-shocked, the attacking unit: cannot target bearer."
"chaos-daemons","fortification","Fortification","feculent-gnarlmaw","","During the Shooting phase, the attacking unit gets -1 to Hit rolls."
"chaos-daemons","from-beyond-the-veil","From Beyond the Veil","","","Until the end of the phase, the unit gains the Ingress Move ability. / Applies to: units with Legiones Daemonica, Mounted."
"chaos-daemons","grandfather-s-blessing","GRANDFATHER'S BLESSING","pox-riders","","After being attached to a unit, the unit gains the Attached Unit Eligibility ability."
"chaos-daemons","greater-daemon-of-khorne-aura","Greater Daemon of Khorne (Aura)","skarbrand","","If the unit has the khorne keyword, if the unit has the legiones-daemonica keyword, for the rest of the battle, friendly units nearby gain the Shadow of Chaos ability."
"chaos-daemons","greater-daemon-of-nurgle-aura","Greater Daemon of Nurgle (Aura)","rotigus","","If the unit has the nurgle keyword, if the unit has the legiones-daemonica keyword, for the rest of the battle, friendly units nearby gain the Shadow of Chaos ability."
"chaos-daemons","greater-daemon-of-slaanesh-aura","Greater Daemon of Slaanesh (Aura)","keeper-of-secrets","","If the unit has the slaanesh keyword, if the unit has the legiones-daemonica keyword, for the rest of the battle, friendly units nearby gain the Shadow of Chaos ability."
"chaos-daemons","greater-daemon-of-tzeentch-aura","Greater Daemon of Tzeentch (Aura)","lord-of-change","","If the unit has the tzeentch keyword, if the unit has the legiones-daemonica keyword, for the rest of the battle, friendly units nearby gain the Shadow of Chaos ability."
"chaos-daemons","grotesque-regeneration","Grotesque Regeneration","beasts-of-nurgle","","At the end of the phase, if the unit has the BEASTS-OF-NURGLE keyword, while the model has lost wounds, unless 1+ self units destroyed phase, until the end of the phase, modify this model's Wounds characteristic to 7."
"chaos-daemons","harbinger-of-death","Harbinger of Death","daemon-prince-of-chaos-with-wings","","Until the end of the phase: / The unit's weapons gain [LETHAL HITS]. / The unit's weapons gain [SUSTAINED HITS 1]. / The unit's weapons gain [PRECISION]."
"chaos-daemons","harmonic-alignment","Harmonic Alignment","infernal-enrapturess","","After being attached to a unit, return D3 destroyed models to the unit with full wounds."
"chaos-daemons","horrible-fascination-psychic","Horrible Fascination (Psychic)","contorted-epitome","","During the Shooting phase, until the end of the phase, your unit suffers d3 mortal wounds."
"chaos-daemons","horrifying-beauty","Horrifying Beauty","daemonettes","","During the Fight phase, while the unit is below half strength, enemy units nearby must take a Battle-shock test."
"chaos-daemons","horrors-are-pink-horrors-are-blue-where-once-there-was-one-now-there-are-two","HORRORS ARE PINK. HORRORS ARE BLUE. WHERE ONCE THERE WAS ONE, NOW THERE ARE TWO.","pink-horrors","","This model gains the Flavor Text ability."
"chaos-daemons","hunters-from-the-warp","Hunters from the Warp","flesh-hounds","","The unit has the Redeploy to Reserves ability."
"chaos-daemons","hysterical-frenzy","Hysterical Frenzy","tormentbringer","","Each time this model is destroyed, it can fight before being removed from play."
"chaos-daemons","incorporeal-entities","Incorporeal Entities","","","Until the end of the phase, the unit gets -1 to Wound rolls. / Applies to: units with Legiones Daemonica, Battleline."
"chaos-daemons","inescapable-manifestations","Inescapable Manifestations","","","Until the end of the phase, all enemy units gain the Force Desperate Escape ability."
"chaos-daemons","infected-outbreak","Infected Outbreak","plaguebearers","","The unit retains control of objective markers even after no models remain in range, until the enemy retakes them (sticky objectives)."
"chaos-daemons","infiltrators","Infiltrators","nurglings","","Once per battle, the unit has the Infiltrators ability."
"chaos-daemons","instrument-of-chaos","Instrument of Chaos","daemonettes","","For the rest of the battle, the unit gets +1 to Charge rolls."
"chaos-daemons","jolly-gutpipes","Jolly Gutpipes","sloppity-bilepiper","","After being attached to a unit, add 1 to the unit's Move characteristic."
"chaos-daemons","keep-counting","Keep Counting!","spoilpox-scrivener","","After being attached to a unit, the unit's weapons gain [SUSTAINED HITS 1]."
"chaos-daemons","leader","Leader","bloodmaster","","The unit gains the Leader ability."
"chaos-daemons","lethal-caress","Lethal Caress","herald-of-slaanesh-on-steed-of-slaanesh","","After being attached to a unit, subtract 1 from the unit's Armour Penetration characteristic."
"chaos-daemons","loci-of-power","Loci of Power","","","For the rest of the battle: / Add 1 to all friendly units' Leadership characteristic. / Add 1 to all friendly units' Objective Control characteristic. / Applies to: units with Legiones Daemonica, Character (excluding Monster)."
"chaos-daemons","lone-operative","Lone Operative","the-masque-of-slaanesh","","This model can only be targeted if it is the closest eligible target or within 12""."
"chaos-daemons","lord-of-decapitations","Lord of Decapitations","skulltaker","","After being attached to a unit, the unit's weapons gain [DEVASTATING WOUNDS]."
"chaos-daemons","malefic-destruction","Malefic Destruction","daemon-prince-of-chaos-with-wings","","During the Fight phase, until the end of the phase, add 3 to the unit's Attacks characteristic."
"chaos-daemons","manifestation-of-destruction","Manifestation of Destruction","exalted-flamer","","This model cannot be your Warlord."
"chaos-daemons","master-of-magicks-psychic","Master of Magicks (Psychic)","lord-of-change;aetaosraukeres","","During the Shooting phase, until the end of the phase: /   -> The unit's weapons gain [LETHAL HITS]. /   -> The unit's weapons gain [IGNORES COVER]."
"chaos-daemons","meet-your-quota","Meet Your Quota!","spoilpox-scrivener","","After being attached to a unit, the unit gets +1 to its Objective Control characteristic."
"chaos-daemons","mesmerising-form","Mesmerising Form","keeper-of-secrets","","The attacking unit gets -1 to Hit rolls."
"chaos-daemons","mischief-and-confusion","Mischief and Confusion","the-changeling","","During the Shooting phase, until the end of the phase, the attacking unit gets -1 to Hit rolls."
"chaos-daemons","mischief-makers","Mischief Makers","nurglings","","During the Fight phase, until the end of the phase, the attacking unit gets -1 to Hit rolls."
"chaos-daemons","monarch-of-the-hunt","Monarch of the Hunt","shalaxi-helbane","","During the Fight phase: /   -> You can re-roll the Hit roll. /   -> You can re-roll the Wound roll."
"chaos-daemons","murderlust","Murderlust","skarbrand","","The unit gains the Charge After Advance ability."
"chaos-daemons","no-prey-can-evade","No Prey Can Evade","shalaxi-helbane","","You can re-roll the Charge roll."
"chaos-daemons","nurgle-s-rot-psychic","Nurgle’s Rot (Psychic)","great-unclean-one","","Subtract 1 from enemy units nearby's Toughness characteristic."
"chaos-daemons","one-head-looks-back-aura","One Head Looks Back (Aura)","kairos-fateweaver","","Against A targets, you gain 1CP."
"chaos-daemons","one-head-looks-forward","One Head Looks Forward","kairos-fateweaver","","You gain 1CP."
"chaos-daemons","p-tarix-s-sorcerous-syphon-aura","P’tarix’s Sorcerous Syphon (Aura)","the-blue-scribes","","The unit gets -1 to Wound rolls."
"chaos-daemons","pack-leader","Pack Leader","karanak","","After being attached to a unit, you can re-roll the Charge roll."
"chaos-daemons","pouncing-leap","Pouncing Leap","plague-toads","","You can use the Fire Overwatch or Heroic Stratagem on this model for 0CP."
"chaos-daemons","poxbringer","Poxbringer","poxbringer","","After being attached to a unit, the unit gets -5 to Hit rolls."
"chaos-daemons","prey-of-the-blood-god","Prey of the Blood God","karanak","","During the Fight phase, you can re-roll the Wound roll."
"chaos-daemons","prey-on-the-weak","Prey on the Weak","furies","","The unit gets +1 to Wound rolls."
"chaos-daemons","prince-of-darkness-aura","Prince of Darkness (Aura)","daemon-prince-of-chaos","","Against legiones-daemonica targets, for the rest of the battle, friendly units nearby's weapons gain [STEALTH]."
"chaos-daemons","rage-embodied-aura","Rage Embodied (Aura)","skarbrand","","Add 1 to the unit's Attacks characteristic."
"chaos-daemons","regenerating-monstrosity","Regenerating Monstrosity","giant-chaos-spawn","","Return D3 destroyed models to this model with full wounds."
"chaos-daemons","relentless-carnage","Relentless Carnage","bloodthirster;anggrath-the-unbound","","During the Fight phase, your unit suffers 1 mortal wound."
"chaos-daemons","rider-of-the-immaterial-winds","Rider of the Immaterial Winds","fateskimmer","","Once per battle, the unit has the Redeploy to Reserves ability."
"chaos-daemons","scouts-6","Scouts 6""","beasts-of-nurgle","","Once per battle, the unit has the Scouts 6"" ability."
"chaos-daemons","scouts-9","Scouts 9""","seekers","","Once per battle, the unit has the Scouts 9"" ability."
"chaos-daemons","scuttling-walker","Scuttling Walker","soul-grinder","","When it makes a Normal move or when it Advances, until the end of the phase: /   -> This model has the Over Friendly Monster ability. /   -> This model has the Over Friendly Vehicle ability. /   -> This model has the Through Terrain Max 4 Inch ability."
"chaos-daemons","seed-the-garden-of-nurgle","Seed the Garden of Nurgle","horticulous-slimux","","During the Movement phase, in either player's turn, at the end of the turn, if within an area terrain feature, for the rest of the battle, the terrain area is marked as shadow of chaos."
"chaos-daemons","shadow-form-abilities","Shadow Form Abilities","belakor","","Modify the unit's characteristics."
"chaos-daemons","shadow-of-khorne-aura","Shadow of Khorne (Aura)","skull-altar","","The terrain area is marked as shadow of chaos. / If the unit has the KHORNE keyword, if the unit has the LEGIONES DAEMONICA keyword, friendly units nearby can re-roll Battle-shock tests."
"chaos-daemons","shining-aegis","Shining Aegis","keeper-of-secrets","","Modify this model's Save characteristic to 3."
"chaos-daemons","shroud-of-flies-aura","Shroud of Flies (Aura)","feculent-gnarlmaw","","Against nurgle targets, against legiones-daemonica targets, until the end of the battle round, friendly units nearby's weapons gain [STEALTH]."
"chaos-daemons","shudderblink","Shudderblink","","","If the unit Advanced this turn, until the end of the turn: /   -> All friendly units' weapons gain [ASSAULT]. /   -> All friendly units gain the Act After Move ability. / Applies to: units with Legiones Daemonica, Battleline."
"chaos-daemons","skirling-magicks","Skirling Magicks","","","Until the end of the phase, the unit's weapons gain [LETHAL HITS]. / Applies to: units with Legiones Daemonica, Character, Tzeentch (excluding Monster)."
"chaos-daemons","skullmaster-s-fury","Skullmaster’s Fury","skullmaster","","After being attached to a unit, until the end of the turn, the unit's weapons gain [DEVASTATING WOUNDS]."
"chaos-daemons","skulls-for-khorne","Skulls for Khorne","skulltaker","","Against CHARACTER targets: /   -> You can re-roll the Hit roll. /   -> You can re-roll the Wound roll."
"chaos-daemons","skulls-of-the-fallen","Skulls of the Fallen","skull-cannon","","During the Shooting phase, enemy units nearby must take a Battle-shock test."
"chaos-daemons","slashing-dive","Slashing Dive","screamers","","Your unit suffers 1 mortal wound."
"chaos-daemons","soporific-musk","Soporific Musk","fiends","","Enemy units nearby: anti fallback."
"chaos-daemons","soul-hungry-slaughterers","Soul-Hungry Slaughterers","","","For the rest of the battle, this model gains the Stratagem Cost Reduction ability. / Applies to: units with Legiones Daemonica, Battleline."
"chaos-daemons","soul-shattering-charge","Soul-Shattering Charge","","","If the unit charged this turn, until the end of the phase, this model gains the Extended Fight Eligibility ability. / Applies to: units with Legiones Daemonica, Mounted."
"chaos-daemons","soulseeing","Soulseeing","","","Until the end of the turn, all enemy units gain the Detection Range Modifier ability. / Applies to: units with Legiones Daemonica, Battleline."
"chaos-daemons","split","Split","pink-horrors","","After attacking unit finishes attacks, unless 1+ self units destroyed phase, until the end of the phase: /   -> Roll one D6: on a 4+, if the unit has the PINK-HORROR keyword, return 2 destroyed models to the unit with full wounds; if the unit has the BLUE-HORROR keyword, return 1 destroyed model to the unit with full wounds."
"chaos-daemons","stealth","Stealth","the-changeling;belakor","","The attacking unit gets -1 to Hit rolls."
"chaos-daemons","storm-of-mutating-sorcery-psychic","Storm of Mutating Sorcery (Psychic)","changecaster","","During the Shooting phase, enemy units nearby must take a Battle-shock test."
"chaos-daemons","sullen-malevolence-aura","Sullen Malevolence (Aura)","blue-horrors","","Subtract 1 from the Leadership characteristic of enemy units nearby."
"chaos-daemons","supreme-commander","Supreme Commander","belakor","","This model gains the Mandatory Warlord Designation ability."
"chaos-daemons","swallow-energy-psychic","Swallow Energy (Psychic)","contorted-epitome","","After being attached to a unit, the unit has the Feel No Pain 4+ ability."
"chaos-daemons","swollen-with-power","Swollen with Power","","","Add 2 to this model's Wounds characteristic. / Applies to: units with Legiones Daemonica, Character (excluding Monster)."
"chaos-daemons","symphony-of-pain-psychic","Symphony of Pain (Psychic)","tranceweaver","","Until the end of the turn: / You can re-roll the Hit roll. / You can re-roll the Wound roll."
"chaos-daemons","tally-of-pestilence","Tally of Pestilence","epidemius","","You gain 1CP."
"chaos-daemons","the-dark-master-aura","The Dark Master (Aura)","belakor","","The terrain area is marked as shadow of chaos."
"chaos-daemons","the-eternal-dance","The Eternal Dance","the-masque-of-slaanesh","","During the Fight phase, until the end of the phase: /   -> The unit gets +1 to Wound rolls. /   -> The unit gets -1 to Wound rolls."
"chaos-daemons","the-shadow-of-chaos","The Shadow of Chaos","belakor;aetaosraukeres;anggrath-the-unbound","","Your unit suffers d3 mortal wounds."
"chaos-daemons","tormentbringer-aura","Tormentbringer (Aura)","tormentbringer","","The unit's weapons gain [SUSTAINED HITS 1]."
"chaos-daemons","tranceweaver","Tranceweaver","tranceweaver","","You can re-roll a Hit roll of 1."
"chaos-daemons","unholy-avalanche","Unholy Avalanche","","","If the unit Advanced this turn, until the end of the turn, all friendly units gain the Act After Move ability. / Applies to: units with Legiones Daemonica, Mounted."
"chaos-daemons","unholy-speed","Unholy Speed","seekers","","You can re-roll the Charge roll."
"chaos-daemons","unholy-vigour","Unholy Vigour","daemon-prince-of-chaos","","Until the end of the phase, this model has a 3+ invulnerable save."
"chaos-daemons","virulent-blessing-psychic","Virulent Blessing (Psychic)","rotigus","","During the Fight phase, until the end of the phase, add 1 to the unit's Damage characteristic."
"chaos-daemons","warp-riders","Warp-Riders","","","Until the end of the phase, the unit gains the Mobile ability. / Applies to: units with Legiones Daemonica, Mounted."
"chaos-daemons","warp-spines","Warp Spines","spined-chaos-beast","","Your unit suffers d3 mortal wounds."
"chaos-daemons","xirat-p-s-sorcerous-barrages-psychic","Xirat’p’s Sorcerous Barrages (Psychic)","the-blue-scribes","","Your unit suffers 1 mortal wound."
"chaos-knights","a-long-leash","A Long Leash","","","Until your next Command phase, the unit gains an ability."
"chaos-knights","animalistic-rage","Animalistic Rage","","","Until the end of the phase: / Select one of the following (Rage Attack): /   - Each time a model in the unit is destroyed, it can shoot before being removed from play. /   - Each time a model in the unit is destroyed, it can fight before being removed from play."
"chaos-knights","annihilate-the-unworthy","Annihilate the Unworthy","","","While the unit is Battle-shocked, the unit gets +1 to Hit rolls. / Applies to: units with Knight Tyrant."
"chaos-knights","aspect-of-the-beast","Aspect of the Beast","","","Until your next Command phase, this model gains the Activate Dread Ability ability."
"chaos-knights","avenge-the-masters","Avenge the Masters!","","","For the rest of the battle: / All enemy units' weapons gain [MARKED]. / Against Marked targets, all friendly units' weapons gain [LETHAL HITS]."
"chaos-knights","bastion-of-corruption","Bastion of Corruption","knight-tyrant","","Enemy units cannot be set up from Reserves within 12"" of enemy units nearby."
"chaos-knights","bastion-of-firepower","Bastion of Firepower","chaos-acastus-knight-porphyrion","","Until the end of the turn, the unit's weapons gain [LETHAL HITS]."
"chaos-knights","beasthide-manifestation","Beasthide Manifestation","","","Until the end of the phase, subtract 1 from the attacking unit's Armour Penetration characteristic."
"chaos-knights","bestial-aspect","Bestial Aspect","","","This model's ranged weapons gain [ASSAULT]."
"chaos-knights","blade-of-celerity","Blade of Celerity","","","The unit's ranged weapons gain [ASSAULT]. / The unit has the Fights First ability."
"chaos-knights","blasphemous-engine","Blasphemous Engine","","","Add 2 to this model's Wounds characteristic."
"chaos-knights","blessing-of-the-dark-master","Blessing of the Dark Master","","","This model gains the Stealth ability."
"chaos-knights","bloodlust","Bloodlust","knight-rampager","","Until the end of the turn, the unit's weapons gain [DEVASTATING WOUNDS]."
"chaos-knights","brigand","Brigand","war-dog-brigand","","During the Shooting phase, against A targets, the unit's weapons gain [IGNORES COVER]."
"chaos-knights","claimed-for-the-dark-gods","Claimed for the Dark Gods","","","For the rest of the battle, the unit retains control of objective markers even after no models remain in range, until the enemy retakes them (sticky objectives)."
"chaos-knights","close-range-killers-aura","Close-range Killers (Aura)","knight-ruinator","","Subtract 1 from the unit's Armour Penetration characteristic."
"chaos-knights","conquerors-without-mercy","Conquerors Without Mercy","","","Until the end of the phase: / Add 1 to this model's Armour Penetration characteristic. / Enemy units nearby must take a Battle-shock test."
"chaos-knights","consumed-with-hunger-aura","Consumed with Hunger (Aura)","chaos-cerastus-knight-atrapos","","You can re-roll the Hit roll."
"chaos-knights","contemptuous-volleys","Contemptuous Volleys","","","Until the end of the turn, the unit is eligible to shoot and declare a charge in a turn in which it Fell Back."
"chaos-knights","corrupting-taint","Corrupting Taint","","","For the rest of the battle, the unit retains control of objective markers even after no models remain in range, until the enemy retakes them (sticky objectives)."
"chaos-knights","coursing-thralls","Coursing Thralls","","","During the Shooting phase, until the end of the phase, enemy units nearby's weapons gain [HUNTED]."
"chaos-knights","cruel-lashmaster","Cruel Lashmaster","","","Until the end of the phase, friendly units nearby have the Move Bonus 2"" ability."
"chaos-knights","crushed-like-vermin","Crushed Like Vermin","","","Until the end of the phase, all enemy units suffer 6D6 mortal wounds."
"chaos-knights","cunning-hunter","Cunning Hunter","","","Until the end of the turn, the unit is eligible to shoot and declare a charge in a turn in which it Fell Back."
"chaos-knights","dark-fervour-aura","Dark Fervour (Aura)","chaos-cerastus-knight-lancer","","The unit's weapons gain [ASSAULT]."
"chaos-knights","dark-sacrifice","Dark Sacrifice","","","Once per battle: / This model suffers D3+3 mortal wounds. / The unit gains the Heal Wounds ability."
"chaos-knights","deadly-demise-2d6","Deadly Demise 2D6","chaos-acastus-knight-porphyrion","","Before removing this model from the battlefield: /   -> Roll one D6: on a 6+, each enemy unit within 6"" suffers 2D6 mortal wounds."
"chaos-knights","deadly-demise-d3","Deadly Demise D3","war-dog-huntsman","","Before removing this model from the battlefield: /   -> Roll one D6: on a 6+, each enemy unit within 6"" suffers D3 mortal wounds."
"chaos-knights","deadly-demise-d6","Deadly Demise D6","knight-despoiler","","Before removing this model from the battlefield: /   -> Roll one D6: on a 6+, each enemy unit within 6"" suffers D6 mortal wounds."
"chaos-knights","deadly-demise-d6-2","Deadly Demise D6+2","chaos-cerastus-knight-acheron","","Before removing this model from the battlefield: /   -> Roll one D6: on a 6+, each enemy unit within 6"" suffers D6+2 mortal wounds."
"chaos-knights","diabolic-bulwark","Diabolic Bulwark","","","Until the end of the phase, the unit has a 4+ invulnerable save."
"chaos-knights","disdain-for-the-weak","Disdain for the Weak","","","Until the end of the phase: / The unit has the Feel No Pain 6+ ability. / While the unit is Battle-shocked, the unit has the Feel No Pain 5+ ability."
"chaos-knights","dread-dominion-aura","Dread Dominion (Aura)","knight-despoiler","","If the unit has the WAR DOG keyword: /   -> Add 1 to friendly units nearby's Leadership characteristic. /   -> Add 1 to friendly units nearby's Objective Control characteristic."
"chaos-knights","dreadblades","Dreadblades","","","This model: army composition rule."
"chaos-knights","encircling-pack","Encircling Pack","","","Until the end of the turn, the unit has the To Strategic Reserves ability."
"chaos-knights","executioner","Executioner","war-dog-executioner","","While the unit is below half strength, against A targets, the unit gets +1 to Hit rolls."
"chaos-knights","feral-arrogance","Feral Arrogance","","","Until the end of the phase, the unit has the Feel No Pain 5+ ability against mortal wounds."
"chaos-knights","final-howl-aura","Final Howl (Aura)","","","You can re-roll a Wound roll of 1."
"chaos-knights","fleshmetal-fusion","Fleshmetal Fusion","","","Add 1 to this model's Toughness characteristic."
"chaos-knights","flush-the-quarry","Flush the Quarry","","","Until the end of the phase, the unit can move through enemy models."
"chaos-knights","frenzied-rampage-aura","Frenzied Rampage (Aura)","knight-rampager","","During the Fight phase, you can re-roll a Hit roll of 1."
"chaos-knights","goaded-beast","Goaded Beast","","","Until the end of the phase, the unit has the Surge Move D6"" ability."
"chaos-knights","grav-pinned","Grav-pinned","chaos-questoris-knight-styrix","","Modify the unit's characteristics."
"chaos-knights","harbingers-of-dread","Harbingers of Dread","","","For the rest of the battle: / Subtract 1 from enemy units nearby's Leadership characteristic. / Select one of the following (Dread Ability): /   - Subtract 1 from enemy units nearby's Leadership characteristic. /   - While the unit is Battle-shocked, the unit gets +1 to Wound rolls. /   - This model gains the Stealth ability. /   - Enemy units nearby must take a Battle-shock test. /   - Each enemy unit within 9"" suffers D3 mortal wounds. /   - Add 3 to this model's Aura Range characteristic."
"chaos-knights","harrying-hounds","Harrying Hounds","","","Until the end of the phase, the unit has the Normal Move 6"" ability."
"chaos-knights","hate-filled-dominion","Hate-Filled Dominion","","","You can re-roll the Attacks Characteristic roll."
"chaos-knights","hellforged-construction","Hellforged Construction","","","Until the end of the phase, each time an attack targets the unit, worsen the Armour Penetration of that attack by 1."
"chaos-knights","hungry-for-combat","Hungry for Combat","","","Until the end of the phase, the unit gets -5 to Hit rolls."
"chaos-knights","hunters-helm","Hunter's Helm","","","You can re-roll the Advance roll. / You can re-roll the Charge roll."
"chaos-knights","huntmaster-aura","Huntmaster (Aura)","chaos-questoris-knight-magaera","","The unit's weapons gain [ASSAULT]."
"chaos-knights","huntsman","Huntsman","war-dog-huntsman","","You can re-roll the Wound roll."
"chaos-knights","iconoclast-idol","Iconoclast Idol","","","You can use one Stratagem on friendly units nearby for 0CP."
"chaos-knights","imperious-advance","Imperious Advance","","","Until the end of the phase, the unit can move through enemy models."
"chaos-knights","infernal-aegis-aura","Infernal Aegis (Aura)","knight-tyrant","","The unit gains the Benefit of Cover ability."
"chaos-knights","insensate-bloodthirst","Insensate Bloodthirst","","","Until the end of the phase, the unit has the Feel No Pain 5+ ability."
"chaos-knights","intimidating-reminder","Intimidating Reminder","","","Until your next Command phase: / Enemy units nearby's weapons gain [SUPPRESSED]. / Enemy units nearby get -1 to Hit rolls."
"chaos-knights","karnivore","Karnivore","war-dog-karnivore","","You can re-roll the Charge roll."
"chaos-knights","knight-diabolus","Knight Diabolus","","","Add 1 to this model's Weapon Skill characteristic. / This model's melee weapons gain [LANCE]."
"chaos-knights","leash-of-the-masters","Leash of the Masters","","","Until the end of the phase, the unit gains the Act After Shooting ability."
"chaos-knights","loping-predator","Loping Predator","","","This model's ranged weapons gain [ASSAULT]."
"chaos-knights","macro-extinction-protocols","Macro-extinction Protocols","chaos-cerastus-knight-atrapos","","The unit gets +1 to Hit rolls. / The unit gets +1 to Wound rolls."
"chaos-knights","malefic-surge","Malefic Surge","","","Until your next Command phase: / Select one of the following (Malefic Surge): /   - The unit has the Normal Advance Fallback ability. /   - Select one of the following (Diabolic Power): the unit's weapons gain [LETHAL HITS] / the unit's weapons gain [SUSTAINED HITS 1]. /   - Select one of the following (Unnatural Fortitude): the unit has a 5+ invulnerable save / the unit has the Feel No Pain 6+ ability."
"chaos-knights","malevolent-heraldry","Malevolent Heraldry","","","You can re-roll the Dread Ability Selection roll."
"chaos-knights","marked-prey","Marked Prey","","","Until your next Command phase, the unit's weapons gain [SUSTAINED HITS 1]."
"chaos-knights","masters-of-the-pack","Masters of the Pack","","","This model gains the Titanic Self Aura Inclusion ability."
"chaos-knights","merciless-fusillade","Merciless Fusillade","","","Until the end of the phase, the unit's weapons gain [SUSTAINED HITS 1]."
"chaos-knights","methodical-destruction","Methodical Destruction","knight-ruinator","","You can re-roll the Wound roll."
"chaos-knights","mirror-of-fates","Mirror of Fates","","","Until the end of the turn, you can use one Stratagem on this model for 0CP."
"chaos-knights","nightmares-master","Nightmare's Master","","","Enemy units nearby must take a Battle-shock test."
"chaos-knights","obsessive-ruthlessness","Obsessive Ruthlessness","knight-desecrator","","During the Shooting phase, the unit's weapons gain [DEVASTATING WOUNDS]."
"chaos-knights","octagram-of-conjuration","Octagram of Conjuration","","","Until the end of the phase, enemy units nearby must take a Battle-shock test."
"chaos-knights","offerings-for-the-dark-gods-aura","Offerings for the Dark Gods (Aura)","chaos-cerastus-knight-castigator","","The unit's weapons gain [SUSTAINED HITS 1]."
"chaos-knights","panoply-of-the-cursed-knights","Panoply of the Cursed Knights","","","Each time an attack targets this model, worsen the Armour Penetration of that attack by 1."
"chaos-knights","paragons-of-terror","Paragons of Terror","","","For the rest of the battle, all friendly units gain the Harbingers of Dread ability."
"chaos-knights","pitiless-focus","Pitiless Focus","","","Until the end of the phase, the unit is eligible to shoot and declare a charge in a turn in which it Fell Back."
"chaos-knights","preysight-aura","Preysight (Aura)","chaos-questoris-knight-styrix","","The unit's weapons gain [IGNORES COVER]."
"chaos-knights","preyslayers-mantle","Preyslayer's Mantle","","","This model gains the Super Heavy Walker ability."
"chaos-knights","profane-symbiosis","Profane Symbiosis","","","Until the end of the phase, the unit gains the Malefic Surge ability."
"chaos-knights","protection-protocols","Protection Protocols","war-dog-moirax","","You can use the Fire Overwatch or Heroic Stratagem on this model for 0CP."
"chaos-knights","pterrorshade-rookery","Pterrorshade Rookery","","","During the Shooting phase, until the end of the phase, enemy units nearby's weapons gain [SURVEILLED]."
"chaos-knights","pterrorshades","Pterrorshades","","","Until the end of the phase, all enemy units suffer 6D6 mortal wounds."
"chaos-knights","putrid-carapace","Putrid Carapace","","","Modify this model's Save characteristic to 2."
"chaos-knights","repair-auto-simulacra","Repair Auto-simulacra","chaos-questoris-knight-magaera","","Return D3 destroyed models to this model with full wounds."
"chaos-knights","rune-cursed-stronghold","Rune-Cursed Stronghold","","","Until the end of the phase, the unit has the Feel No Pain 5+ ability against mortal wounds."
"chaos-knights","runes-of-disdain","Runes of Disdain","","","Until the end of the phase, each time an attack targets the unit, reduce the Damage of that attack by 1."
"chaos-knights","scenting-fear","Scenting Fear","","","During the Shooting phase, until the end of the phase, enemy units nearby's weapons gain [SURVEILLED]."
"chaos-knights","scouts-6","Scouts 6""","war-dog-stalker","","Once per battle, the unit has the Scouts 6"" ability."
"chaos-knights","searing-flames","Searing Flames","chaos-cerastus-knight-acheron","","During the Shooting phase, until the end of the phase, the unit gains the Benefit of Cover ability."
"chaos-knights","seething-hatred","Seething Hatred","knight-despoiler","","You can re-roll the Hit roll."
"chaos-knights","shock-charge","Shock Charge","chaos-cerastus-knight-lancer","","This model gains the Tank Shock Zero Cp Unrestricted ability."
"chaos-knights","snarling-rivalry","Snarling Rivalry","","","This model's ranged weapons gain [IGNORES COVER]."
"chaos-knights","soul-spoor-auspicator","Soul-Spoor Auspicator","","","Add 6 to this model's Range characteristic (ranged)."
"chaos-knights","spiteful-demise","Spiteful Demise","","","Until the end of the phase, modify this model's Deadly Demise Threshold characteristic to 4."
"chaos-knights","stalker","Stalker","war-dog-stalker","","The unit gets +1 to Wound rolls."
"chaos-knights","stalking-focus","Stalking Focus","","","Until the end of the phase, subtract 1 from the attacking unit's Armour Penetration characteristic (ranged)."
"chaos-knights","storm-of-bolts","Storm of Bolts","chaos-cerastus-knight-castigator","","During the Shooting phase, the attacking unit gets -1 to Hit rolls."
"chaos-knights","storm-of-darkness","Storm of Darkness","","","Until the end of the phase: / The unit gains the Stealth ability. / The unit gains the Benefit of Cover ability."
"chaos-knights","sunderer-of-fortresses","Sunderer of Fortresses","chaos-acastus-knight-asterius","","Add 2 to the unit's Strength characteristic. / Add 2 to the unit's Damage characteristic."
"chaos-knights","super-heavy-walker","Super-heavy Walker","","","During the Movement phase, until the end of the phase: /   -> This model has the Through Non Titanic Models ability. /   -> This model has the Through Terrain 4 or Less ability. /   -> This model can move through enemy models. /   -> This model has the Through Terrain Over 4 Inches ability. /   After moving through tall terrain: /     -> Roll one D6: on exactly 1, modify this model's Leadership characteristic."
"chaos-knights","taskmaster-aura","Taskmaster (Aura)","knight-desecrator","","During the Shooting phase, you can re-roll a Hit roll of 1."
"chaos-knights","throne-mechanicum-of-skulls","Throne Mechanicum of Skulls","","","You can re-roll the Charge roll. / The unit has the Advance and Charge ability."
"chaos-knights","throne-tyrannicus","Throne Tyrannicus","","","Until your next Command phase, friendly units nearby gain the Share War Dog Auras ability."
"chaos-knights","titanic-duel","Titanic Duel","","","Until the end of the phase: / You can re-roll a Hit roll of 1. / You can re-roll a Wound roll of 1."
"chaos-knights","trophy-hunter","Trophy Hunter","","","Until the end of the phase, the unit has the Consolidate ability."
"chaos-knights","tyrannical-court","Tyrannical Court","","","All friendly units get +2 to their Objective Control characteristic."
"chaos-knights","tyrants-shadow","Tyrant's Shadow","","","The unit retains control of objective markers even after no models remain in range, until the enemy retakes them (sticky objectives)."
"chaos-knights","unleash-balefire","Unleash Balefire","","","Until the end of the turn: / All enemy units must take a Battle-shock test. / Subtract 2 from all enemy units' Move characteristic. / All enemy units get -2 to Charge rolls."
"chaos-knights","unrestrained-terror-aura","Unrestrained Terror (Aura)","chaos-cerastus-knight-acheron","","During the Fight phase, enemy units nearby must take a Battle-shock test."
"chaos-knights","veil-of-medrengard","Veil of Medrengard","","","This model has a 4+ invulnerable save. / This model has a 5+ invulnerable save."
"chaos-knights","vortex-terrors-psychic","Vortex Terrors (Psychic)","knight-abominant","","During the Shooting phase, enemy units within 24"" must take a Battle-shock test."
"chaos-knights","vox-howl","Vox-Howl","","","Until the end of the phase, enemy units nearby must take a Battle-shock test."
"chaos-knights","warp-borne-stalker","Warp-borne Stalker","","","This model has the Deep Strike ability."
"chaos-knights","warp-storms-psychic","Warp Storms (Psychic)","knight-abominant","","Until the end of the phase: / Roll one D6: on a 3+, each enemy unit within 9"" suffers D3 mortal wounds."
"chaos-knights","warp-vision","Warp Vision","","","Until the end of the phase, the unit's ranged weapons gain [IGNORES COVER]."
"chaos-knights","wretched-thralls","Wretched Thralls","","","You can re-roll the Leadership roll. / Applies to: units with Damned."
"chaos-space-marines","a-worthy-skull","A Worthy Skull","master-of-executions","","During the Fight phase, against CHARACTER targets: /   -> You can re-roll the Hit roll. /   -> You can re-roll the Wound roll."
"chaos-space-marines","aerial-assault","Aerial Assault","chaos-thunderhawk","","The unit gains the Transport Disembark Modifier ability."
"chaos-space-marines","agent-of-discord-aura","Agent of Discord (Aura)","cypher","","Against A targets, you gain 1CP."
"chaos-space-marines","airborne-predator","Airborne Predator","heldrake","","Against A targets, the unit gets +1 to Hit rolls."
"chaos-space-marines","akshurs-binding-runes","Akshur's Binding Runes","","","For the rest of the battle, this model has the Deep Strike ability. / Applies to: units with Heretic Astartes."
"chaos-space-marines","altered-reality-psychic","Altered Reality (Psychic)","sorcerer-on-disc-of-tzeentch","","Once per battle, this model gets -6 to Any rolls."
"chaos-space-marines","annihilator","Annihilator","chaos-predator-annihilator","","During the Shooting phase, you can re-roll the Damage roll."
"chaos-space-marines","armour-of-corruption","Armour of Corruption","","","Until the end of the turn, each time an attack targets the unit, reduce the Damage of that attack by 1. / Applies to: units with Heretic Astartes."
"chaos-space-marines","armoured-spearhead","Armoured Spearhead","chaos-deimos-predator","","You can re-roll a Hit roll of 1."
"chaos-space-marines","ascended-daemon","Ascended Daemon","heretic-astartes-daemon-prince","","You can re-roll the Hit roll."
"chaos-space-marines","assault-ramp","Assault Ramp","chaos-land-raider","","The unit gains the Transport Disembark Modifier ability."
"chaos-space-marines","assault-vehicle","Assault Vehicle","chaos-rhino","","The unit gains the Transport Disembark Modifier ability."
"chaos-space-marines","attached-unit","Attached Unit","nemesis-claw","","After being attached to a unit, the unit gains the Attached Unit Eligibility ability."
"chaos-space-marines","balefire-boon","Balefire Boon","","","Until the end of the phase, add 1 to the unit's Armour Penetration characteristic. / Applies to: units with Soul Forge."
"chaos-space-marines","barrage-of-filth","Barrage of Filth","defiler","","During the Shooting phase, until the end of the phase, the unit gains the Benefit of Cover ability."
"chaos-space-marines","beastmaster","Beastmaster","renegade-ogryn-beast-handler","","You can re-roll a Hit roll of 1. / You can re-roll the Charge roll."
"chaos-space-marines","bestial-raiders","Bestial Raiders","fellgor-beastmen","","For the rest of the battle: / If it begins the battle in Reserves, this model gains the Reinforcements First Three Movement Phases ability. / While it is in Reserves, this model gains the Treat Battle Round One Higher for Reserves ability."
"chaos-space-marines","biomechanoid-regeneration","Biomechanoid Regeneration","","","Until the end of the phase, the unit gains the Heal Wounds ability. / Applies to: units with Heretic Astartes."
"chaos-space-marines","blazing-salvoes","Blazing Salvoes","forgefiend","","During the Shooting phase, the attacking unit gets -1 to Hit rolls."
"chaos-space-marines","blood-hungry-annihilator","Blood-hungry Annihilator","chaos-predator-annihilator","","During the Shooting phase: /   -> You can re-roll the Wound roll. /   -> You can re-roll the Damage roll."
"chaos-space-marines","bloodlust","Bloodlust","kytan-ravager","","Until the end of the turn, the unit's weapons gain [SUSTAINED HITS 1]."
"chaos-space-marines","bloody-stampede","Bloody Stampede","chaos-lord-on-juggernaut","","Your unit suffers 1 mortal wound."
"chaos-space-marines","bomb-rack","Bomb Rack","hell-talon","","Your unit suffers 1 mortal wound."
"chaos-space-marines","brutal-example","Brutal Example","traitor-enforcer","","After being attached to a unit, you can use the Fire Overwatch or Heroic Stratagem on this model for 0CP."
"chaos-space-marines","brutal-raider","Brutal Raider","red-corsairs-reave-captain","","Until the end of the turn: / Add 1 to the unit's Strength characteristic. / Subtract 1 from the unit's Armour Penetration characteristic."
"chaos-space-marines","chance-for-glory","Chance for Glory","chaos-lord","","During the Fight phase, until the end of the phase, subtract 1 from the unit's Armour Penetration characteristic."
"chaos-space-marines","chaos-familiar","Chaos Familiar","sorcerer-in-terminator-armour","","Once per battle, each time an attack targets this model, reduce the Damage of that attack to 0."
"chaos-space-marines","chaos-icon","Chaos Icon","dark-commune","","At dark pacts leadership test, until the end of the phase, the unit can re-roll Dark Pacts tests."
"chaos-space-marines","chirurgeon","Chirurgeon","fabius-bile","","After being attached to a unit, the unit gains the Attached Unit Eligibility ability."
"chaos-space-marines","choice-samples","Choice Samples","masters-of-the-maelstrom","","While the unit is below its starting strength, return 1 destroyed model to the unit with full wounds."
"chaos-space-marines","chosen-marauders","Chosen Marauders","chosen","","The unit is eligible to shoot and declare a charge in a turn in which it Fell Back."
"chaos-space-marines","conduit-of-chaos","Conduit of Chaos","","","This model's weapons gain [LANCE]. / Applies to: units with Heretic Astartes, Daemon (excluding Khorne)."
"chaos-space-marines","corrupt-machine-spirits","Corrupt Machine Spirits","lord-discordant-on-helstalker","","During the Shooting phase, your unit suffers d3 mortal wounds."
"chaos-space-marines","covering-fire","Covering Fire","renegade-heavy-weapons-squad","","The unit gets -5 to Hit rolls (overwatch)."
"chaos-space-marines","crown-of-worms","Crown of Worms","","","This model gains the Ability Range Modifier ability. / Applies to: units with Warpsmith."
"chaos-space-marines","cruel-hunter","Cruel Hunter","chaos-lord-with-jump-pack","","After being attached to a unit, the unit has the Pile in Consolidation 6"" ability."
"chaos-space-marines","cult-of-destruction","CULT OF DESTRUCTION","mutilators","","This model gains the Special Embark Rule ability."
"chaos-space-marines","cults-of-the-dark-gods","Cults of the Dark Gods","","","This model gains the Faction Metadata ability."
"chaos-space-marines","cursed-flames","Cursed Flames","cultist-firebrand","","During the Shooting phase, enemy units nearby must take a Battle-shock test."
"chaos-space-marines","cursed-wardings-psychic","Cursed Wardings (Psychic)","rogue-psyker","","After being attached to a unit, the unit has the Feel No Pain 4+ ability."
"chaos-space-marines","cut-off-their-escape","Cut Off Their Escape","chaos-lord-on-steed-of-slaanesh","","Enemy units nearby: anti fallback."
"chaos-space-marines","cybinfernal-font","Cybinfernal Font","","","The unit's weapons gain [SOUL FORGE]. / Applies to: units with Heretic Astartes (excluding Damned)."
"chaos-space-marines","daemonforge","Daemonforge","defiler","","Modify the unit's characteristics."
"chaos-space-marines","daemonic-allegiance","Daemonic Allegiance","heretic-astartes-daemon-prince","","Add 3 to the unit's Attacks characteristic. / Add 2 to the unit's Strength characteristic."
"chaos-space-marines","daemonic-destruction","Daemonic Destruction","heretic-astartes-daemon-prince-with-wings","","Your unit suffers 1 mortal wound."
"chaos-space-marines","daemonic-ordnance","Daemonic Ordnance","forgefiend","","Until the end of the phase, the unit's weapons gain [DEVASTATING WOUNDS]."
"chaos-space-marines","daemonkin-psychic","Daemonkin (Psychic)","master-of-possession","","After being attached to a unit, friendly units nearby get +1 to Charge rolls."
"chaos-space-marines","dark-ascension-aura","Dark Ascension (Aura)","helbrute","","Against HERETIC ASTARTES targets, at dark pact, until the end of the phase, friendly units nearby gain the Pact Both Abilities ability."
"chaos-space-marines","dark-blessing-aura","Dark Blessing (Aura)","heretic-astartes-daemon-prince","","During the Shooting phase, the unit gains the Benefit of Cover ability."
"chaos-space-marines","dark-destiny","Dark Destiny","abaddon-the-despoiler","","You gain 1CP."
"chaos-space-marines","dark-favour-psychic","Dark Favour (Psychic)","sorcerer-on-steed-of-slaanesh","","After being attached to a unit, this model has a 4+ invulnerable save."
"chaos-space-marines","dark-pacts","Dark Pacts","gellerpox-infected","","Until the end of the phase: / Select one of the following (Dark Pact Ability): /   - The unit's weapons gain [LETHAL HITS]. /   - The unit's weapons gain [SUSTAINED HITS 1]."
"chaos-space-marines","dark-ritual","Dark Ritual","dark-commune","","Until the end of the turn: / The unit gets +1 to Hit rolls. / The unit gets +1 to Wound rolls."
"chaos-space-marines","dark-zealotry","Dark Zealotry","dark-apostle","","During the Fight phase, after being attached to a unit, the unit gets +1 to Wound rolls."
"chaos-space-marines","deadly-demise-1","Deadly Demise 1","chaos-spawn","","Before removing this model from the battlefield: /   -> Roll one D6: on a 6+, each enemy unit within 6"" suffers 1 mortal wound."
"chaos-space-marines","deadly-demise-d3","Deadly Demise D3","heretic-astartes-daemon-prince","","Before removing this model from the battlefield: /   -> Roll one D6: on a 6+, each enemy unit within 6"" suffers D3 mortal wounds."
"chaos-space-marines","deadly-demise-d6","Deadly Demise D6","chaos-land-raider","","Before removing this model from the battlefield: /   -> Roll one D6: on a 6+, each enemy unit within 6"" suffers D6 mortal wounds."
"chaos-space-marines","deadly-demise-d6-2","Deadly Demise D6+2","khorne-lord-of-skulls","","Before removing this model from the battlefield: /   -> Roll one D6: on a 6+, each enemy unit within 6"" suffers D6+2 mortal wounds."
"chaos-space-marines","death-frenzy","Death Frenzy","mutilators","","During the Fight phase, each time this model is destroyed, it can fight before being removed from play."
"chaos-space-marines","death-hex-psychic","Death Hex (Psychic)","sorcerer-in-terminator-armour","","During the Shooting phase: /   -> Subtract 1 from the unit's Armour Penetration characteristic. /   -> Your unit suffers d3 mortal wounds."
"chaos-space-marines","deep-strike","Deep Strike","heretic-astartes-daemon-prince-with-wings","","The unit has the Deep Strike ability."
"chaos-space-marines","demagogue","Demagogue","dark-apostle","","Once per battle, the unit gains the Once Per Battle Special ability."
"chaos-space-marines","despoilers","Despoilers","chaos-terminator-squad","","Until the end of the phase, you can re-roll the Hit roll."
"chaos-space-marines","destroyer-of-futures","Destroyer of Futures","defiler","","The unit gets -5 to Hit rolls (overwatch)."
"chaos-space-marines","destructor","Destructor","chaos-predator-destructor","","During the Shooting phase, subtract 1 from the unit's Armour Penetration characteristic."
"chaos-space-marines","devoted-to-destruction","Devoted to Destruction","helbrute","","Add 2 to the unit's Attacks characteristic."
"chaos-space-marines","diseased-malice","Diseased Malice","helbrute","","Against AFFLICTED targets, the unit gets +1 to Wound rolls."
"chaos-space-marines","dreadclaw-assault","Dreadclaw Assault","dreadclaw-drop-pod","","The unit has the Deep Strike ability."
"chaos-space-marines","empyric-dislocation","Empyric Dislocation","","","Until the end of the phase, subtract 1 from the unit's Armour Penetration characteristic. / Applies to: units with Heretic Astartes (excluding Damned)."
"chaos-space-marines","empyric-guidance-psychic","Empyric Guidance (Psychic)","sorcerer-in-terminator-armour","","After being attached to a unit, the unit's weapons gain [LETHAL HITS]."
"chaos-space-marines","empyric-wellspring","Empyric Wellspring","","","For the rest of the battle: / During the Shooting phase, add 1 to all friendly units' Strength characteristic (ranged). / During the Fight phase: /   -> Add 2 to all friendly units' Strength characteristic (melee). /   -> Add 1 to all friendly units' Armour Penetration characteristic (melee). / Applies to: units with Heretic Astartes (excluding Khorne)."
"chaos-space-marines","enforcer","Enforcer","renegade-enforcer","","Until the end of the turn, this model gains the Charge After Fallback ability."
"chaos-space-marines","enhanced-warriors","Enhanced Warriors","fabius-bile","","After being attached to a unit, add 1 to the unit's Strength characteristic."
"chaos-space-marines","enrage-machine-spirits","Enrage Machine Spirits","warpsmith","","Enemy units nearby must take a Battle-shock test."
"chaos-space-marines","ensorcelled-annihilation","Ensorcelled Annihilation","chaos-predator-annihilator","","During the Shooting phase: /   -> You can re-roll the Hit roll. /   -> You can re-roll the Damage roll."
"chaos-space-marines","ensorcelled-destruction","Ensorcelled Destruction","chaos-predator-destructor","","During the Shooting phase, against A targets, subtract 1 from the unit's Armour Penetration characteristic."
"chaos-space-marines","eye-of-oblivion","Eye of Oblivion","","","Until the end of the phase, all enemy units gain the Detection Range Modifier ability. / Applies to: units with Warpsmith."
"chaos-space-marines","eye-of-the-warp","Eye of the Warp","","","At unit set up, until the end of the turn, you can re-roll the Charge roll. / Applies to: units with Heretic Astartes."
"chaos-space-marines","faithful-flock","Faithful Flock","dark-commune","","After being attached to a unit, this model has a 5+ invulnerable save."
"chaos-space-marines","fearsome-aura","Fearsome (Aura)","raptors;gellerpox-infected","","At battle shock test or at leadership test, until the end of the turn, subtract 1 from the Leadership characteristic of enemy units nearby."
"chaos-space-marines","feculent-despair-aura-psychic","Feculent Despair (Aura, Psychic)","sorcerer-on-palanquin-of-nurgle","","For the rest of the battle, subtract 1 from the Leadership characteristic of enemy units nearby."
"chaos-space-marines","feel-no-pain-5","Feel No Pain 5+","chaos-spawn;gellerpox-infected","","The unit has the Feel No Pain 5+ ability."
"chaos-space-marines","feel-no-pain-6","Feel No Pain 6+","defiler","","The unit has the Feel No Pain 6+ ability."
"chaos-space-marines","fiery-faith","Fiery Faith","cultist-firebrand","","While this model leads a unit, for the rest of the battle, modify the unit's Leadership characteristic."
"chaos-space-marines","fire-support","Fire Support","chaos-rhino","","During the Shooting phase, until the end of the phase, you can re-roll the Wound roll."
"chaos-space-marines","firing-deck-2","Firing Deck 2","chaos-rhino","","The unit gains the Firing Deck ability (2)."
"chaos-space-marines","flame-wreathed","Flame-wreathed","heldrake","","Until the end of the turn, the unit gains the Benefit of Cover ability."
"chaos-space-marines","flames-of-change-psychic","Flames of Change (Psychic)","sorcerer-on-disc-of-tzeentch","","After being attached to a unit, the unit's weapons gain [IGNORES COVER]."
"chaos-space-marines","fleet-command","Fleet Command","masters-of-the-maelstrom","","After deployment, if engagement state or if engagement state, the unit gains the Redeploy Heretic Astartes to Reserves ability."
"chaos-space-marines","fleshy-curse","Fleshy Curse","","","Until the end of the phase, each enemy unit within 12"" suffers D6 mortal wounds. / Applies to: units with Heretic Astartes, Psyker."
"chaos-space-marines","flying-horror","Flying Horror","heretic-astartes-daemon-prince-with-wings","","Enemy units nearby must take a Battle-shock test."
"chaos-space-marines","for-the-dark-gods","For the Dark Gods","cultist-mob","","The unit retains control of objective markers even after no models remain in range, until the enemy retakes them (sticky objectives)."
"chaos-space-marines","forge-fire-surge","Forge-Fire Surge","","","Until the end of the turn, the unit gains the Act After Move ability. / Applies to: units with Heretic Astartes."
"chaos-space-marines","formidably-resilient","Formidably Resilient","chaos-lord-in-terminator-armour","","Each time an attack targets the unit, halve the Damage of that attack."
"chaos-space-marines","fortification","Fortification","noctilith-crown","","During the Shooting phase, the attacking unit gets -1 to Hit rolls."
"chaos-space-marines","forwards-for-blood","Forwards, for Blood!","master-of-executions","","After being attached to a unit: /   -> You can re-roll the Advance roll. /   -> You can re-roll the Blood Surge roll."
"chaos-space-marines","frenzy","Frenzy","helbrute","","Modify the unit's characteristics."
"chaos-space-marines","froth-spattered-frenzy","Froth-spattered Frenzy","helbrute","","Add 2 to the unit's Attacks characteristic."
"chaos-space-marines","furious-onslaught","Furious Onslaught","forgefiend","","During the Shooting phase, you can re-roll the Hit roll."
"chaos-space-marines","gift-of-chaos-psychic","Gift of Chaos (Psychic)","sorcerer","","Your unit suffers d3 mortal wounds."
"chaos-space-marines","gift-of-poxes-psychic","Gift of Poxes (Psychic)","sorcerer-on-palanquin-of-nurgle","","After being attached to a unit, the unit's weapons gain [SUSTAINED HITS 1]."
"chaos-space-marines","glutton-for-punishment","Glutton for Punishment","maulerfiend","","While the unit is below its starting strength, while the unit is below half strength: /   -> The unit gets +1 to Hit rolls. /   -> The unit gets +1 to Wound rolls."
"chaos-space-marines","guns-blazing","Guns Blazing","cypher","","During the Shooting phase, the unit gains the Once Per Round Special ability."
"chaos-space-marines","hail-of-corrosive-disease","Hail of Corrosive Disease","chaos-predator-destructor","","During the Shooting phase, until the end of the phase, subtract 1 from the unit's Armour Penetration characteristic."
"chaos-space-marines","hamadrya-s-knowledge-psychic","Hamadrya’s Knowledge (Psychic)","huron-blackheart","","Once per battle, the unit has the Reactive Move ability."
"chaos-space-marines","head-taker","Head Taker","haarken-worldclaimer","","After being attached to a unit, your unit suffers 1 mortal wound."
"chaos-space-marines","heavy-weapons-team","HEAVY WEAPONS TEAM","renegade-heavy-weapons-squad","","This model gains the Special Embark Rule ability."
"chaos-space-marines","herald-of-the-apocalypse-aura","Herald of the Apocalypse (Aura)","haarken-worldclaimer","","While the unit is below its starting strength, enemy units nearby must take a Battle-shock test."
"chaos-space-marines","hover","Hover","heldrake","","This model has the Hover ability."
"chaos-space-marines","hovering-death","Hovering Death","greater-blight-drone","","The unit is eligible to shoot and declare a charge in a turn in which it Fell Back."
"chaos-space-marines","howling-horde","Howling Horde","accursed-cultists","","During the Shooting phase, in the opponent's turn, when destroyed by a ranged attack, if not an enemy unit is within engagement range, until the end of the phase, the unit has the Horde Move D6"" ability."
"chaos-space-marines","idol-of-blessed-blood","Idol of Blessed Blood","khorne-lord-of-skulls","","Modify the unit's characteristics."
"chaos-space-marines","indentured-daemon-engines","Indentured Daemon Engines","vashtorr-the-arkifane","","This model gains the Lone Operative ability."
"chaos-space-marines","infernal-fulgurite","Infernal Fulgurite","","","For the rest of the battle, this model gains the Stratagem for 0cp ability. / Applies to: units with Heretic Astartes (excluding Damned)."
"chaos-space-marines","infernal-regeneration","Infernal Regeneration","decimator","","Return 1 destroyed model to this model with full wounds."
"chaos-space-marines","infernal-speed","Infernal Speed","sorcerer-on-steed-of-slaanesh","","After being attached to a unit, modify the unit's Move characteristic to 14."
"chaos-space-marines","infernal-vigour","Infernal Vigour","","","Until the end of the phase, the unit gains the Heal Wounds ability. / Applies to: units with Heretic Astartes (excluding Khorne)."
"chaos-space-marines","infiltrators","Infiltrators","red-corsairs-raiders","","Once per battle, the unit has the Infiltrators ability."
"chaos-space-marines","interceptor","Interceptor","hell-blade","","During the Shooting phase, against A targets, the unit gets +1 to Hit rolls."
"chaos-space-marines","kharybdis-assault","Kharybdis Assault","kharybdis-assault-claw","","The unit has the Deep Strike ability."
"chaos-space-marines","leader","Leader","sorcerer-in-terminator-armour","","The unit gains the Leader ability."
"chaos-space-marines","lethal-ichor","Lethal Ichor","chaos-spawn","","During the Fight phase, your unit suffers 1 mortal wound."
"chaos-space-marines","lone-operative","Lone Operative","cypher","","This model can only be targeted if it is the closest eligible target or within 12""."
"chaos-space-marines","lord-of-badab-aura","Lord of Badab (Aura)","huron-blackheart","","The unit gets +1 to its Objective Control characteristic."
"chaos-space-marines","lord-of-chaos","Lord of Chaos","heretic-astartes-daemon-prince","","This model gains the Lone Operative ability."
"chaos-space-marines","lord-of-fate","Lord of Fate","chaos-lord-on-disc-of-tzeentch","","After being attached to a unit, the unit has the Feel No Pain 5+ ability."
"chaos-space-marines","malevolent-locus-aura","Malevolent Locus (Aura)","noctilith-crown","","Against heretic-astartes targets, for the rest of the battle, add 1 to the Leadership characteristic of friendly units nearby."
"chaos-space-marines","malign-cover","Malign Cover","noctilith-crown","","During the Shooting phase, the unit gains the Benefit of Cover ability."
"chaos-space-marines","malign-sacrifice","Malign Sacrifice","dark-apostle","","During the Fight phase, your unit suffers 1 mortal wound."
"chaos-space-marines","mark-of-the-soul-forges","Mark of the Soul Forges","","","This model gains the Critical Hit on ability. / Applies to: units with Heretic Astartes (excluding Damned)."
"chaos-space-marines","marked-by-fate-psychic","Marked by Fate (Psychic)","sorcerer-in-terminator-armour","","During the Shooting phase, until the end of the phase, the unit gets +1 to Hit rolls."
"chaos-space-marines","master-of-mechanisms","Master of Mechanisms","warpsmith","","Until your next Command phase, the unit gets +1 to Hit rolls."
"chaos-space-marines","masters-of-the-maelstrom","Masters of the Maelstrom","masters-of-the-maelstrom","","The unit gains the Forced Attachment ability."
"chaos-space-marines","meet-any-challenge","Meet Any Challenge","chaos-rhino","","The unit has the Reactive Move ability."
"chaos-space-marines","metalophagic-infection","Metalophagic Infection","chaos-predator-annihilator","","During the Shooting phase, your unit suffers d3 mortal wounds."
"chaos-space-marines","mind-breaking-mutations-aura","Mind-breaking Mutations (Aura)","chaos-spawn","","Modify the unit's characteristics."
"chaos-space-marines","mischief-makers-aura","Mischief Makers (Aura)","mutoid-vermin","","During the Fight phase, the attacking unit gets -1 to Hit rolls."
"chaos-space-marines","mutated-bodyguard","Mutated Bodyguard","traitor-enforcer","","The unit has the Feel No Pain 4+ ability."
"chaos-space-marines","ogryn-combat-stimms","Ogryn Combat Stimms","renegade-ogryn-brutes","","During the Fight phase, each time this model is destroyed, it can fight before being removed from play."
"chaos-space-marines","ogryns","OGRYNS","renegade-plague-ogryns","","This model gains the Special Embark Rule ability."
"chaos-space-marines","pact-of-cursed-pinions","Pact of Cursed Pinions","","","This model's weapons gain [DAEMON]. / Add 1 to this model's Attacks characteristic (melee). / Applies to: units with Chaos Lord with Jump Pack."
"chaos-space-marines","pact-of-destruction","Pact of Destruction","","","You can re-roll the Leadership roll. / When destroyed by a ranged attack, the unit gains the Heal Wounds ability. / Applies to: units with Warpsmith."
"chaos-space-marines","plough-through-the-enemy","Plough Through the Enemy","khorne-lord-of-skulls","","During the Fight phase, each time this model is destroyed, it can fight before being removed from play."
"chaos-space-marines","plunder","Plunder","masters-of-the-maelstrom","","Once per battle, the unit gains the Once Per Battle Special ability."
"chaos-space-marines","plunging-talons","Plunging Talons","","","Until the end of the phase, the unit's weapons gain [LANCE]. / Applies to: units with Heretic Astartes, Infantry, Fly."
"chaos-space-marines","portal-of-spite","Portal of Spite","","","Until the end of the phase, the unit gets +2 to Charge rolls. / Applies to: units with Heretic Astartes."
"chaos-space-marines","prescience-psychic","Prescience (Psychic)","sorcerer","","After being attached to a unit, the attacking unit gets -1 to Hit rolls."
"chaos-space-marines","prey-on-the-weak-raiders","Prey on the Weak","","","For the rest of the battle: / Against battle-shocked-or-below-half targets, you can re-roll a Hit roll of 1. / All friendly units get -1 to Hit rolls. / Applies to: units with Heretic Astartes, Infantry, Fly."
"chaos-space-marines","psychic-barrier-psychic","Psychic Barrier (Psychic)","rogue-psyker","","During the Shooting phase, until the end of the phase, your unit suffers d3 mortal wounds."
"chaos-space-marines","punishing-suppression","Punishing Suppression","chaos-predator-destructor","","During the Shooting phase, the attacking unit gets -1 to Hit rolls."
"chaos-space-marines","raider-s-due","Raider’s Due","red-corsairs-reave-captain","","You can re-roll the Charge roll."
"chaos-space-marines","rain-of-ruin","Rain of Ruin","","","For the rest of the battle, all friendly units' weapons gain [HEAVY]. / Applies to: units with Heretic Astartes."
"chaos-space-marines","raking-pass","Raking Pass","","","Until the end of the phase, the unit gains the Act After Move ability. / Applies to: units with Heretic Astartes, Infantry, Fly."
"chaos-space-marines","rapid-assault","Rapid Assault","chaos-bikers","","During the Fight phase, if the unit charged this turn, add 1 to the unit's Strength characteristic."
"chaos-space-marines","regenerating-monstrosities","Regenerating Monstrosities","chaos-spawn","","Return 3 destroyed models to this model with full wounds."
"chaos-space-marines","reorder-reality","Reorder Reality","vashtorr-the-arkifane","","Until the end of the phase, the attacking unit gets -1 to Hit rolls."
"chaos-space-marines","revolting-regeneration","Revolting Regeneration","chaos-lord-on-palanquin-of-nurgle","","Return D3 destroyed models to this model with full wounds."
"chaos-space-marines","ruinations-bounty","Ruination's Bounty","","","Until the end of the phase, the unit's weapons gain [LETHAL HITS] and [SUSTAINED HITS 1]. / Applies to: units with Heretic Astartes."
"chaos-space-marines","runes-of-the-blood-god","Runes of the Blood God","greater-brass-scorpion","","The unit has the Feel No Pain 4+ ability."
"chaos-space-marines","sacrificial-dagger","Sacrificial Dagger","master-of-possession","","Until the end of the phase: / The unit gets +1 to Hit rolls. / The unit gets +1 to Wound rolls. / Your unit suffers 1 mortal wound."
"chaos-space-marines","savage-exaltation","Savage Exaltation","maulerfiend","","During the Fight phase, while the unit is below its starting strength, while the unit is below half strength: /   -> The unit gets +1 to Hit rolls. /   -> The unit gets +1 to Wound rolls."
"chaos-space-marines","scouts-6","Scouts 6""","chaos-spawn","","Once per battle, the unit has the Scouts 6"" ability."
"chaos-space-marines","scouts-8","Scouts 8""","chaos-spawn","","Once per battle, the unit has the Scouts 8"" ability."
"chaos-space-marines","scuttling-gait","Scuttling Gait","blood-slaughterer","","Until the end of the phase, add 6 to the unit's Move characteristic."
"chaos-space-marines","scuttling-horrors","Scuttling Horrors","chaos-spawn","","The unit has the Reactive Move ability."
"chaos-space-marines","scuttling-walker","Scuttling Walker","defiler","","This model has the Move Over Terrain ability."
"chaos-space-marines","self-repair","Self Repair","chaos-rhino","","Return 1 destroyed model to this model with full wounds."
"chaos-space-marines","servants-of-the-abyss","SERVANTS OF THE ABYSS","negavolt-cultists","","After being attached to a unit, the unit gains the Attached Unit Eligibility ability."
"chaos-space-marines","shadowcowl-talisman","Shadowcowl Talisman","","","The unit has a 5+ invulnerable save. / Applies to: units with Chaos Lord with Jump Pack."
"chaos-space-marines","siege-crawler","Siege Crawler","maulerfiend","","Ignore modifiers the unit's All rolls."
"chaos-space-marines","siege-shield","Siege Shield","chaos-vindicator","","During the Shooting phase, this model gains the Target in Engagement ability."
"chaos-space-marines","siegebreaker-strike","Siegebreaker Strike","","","Until the end of the phase, the unit's weapons gain [IGNORES COVER]. / Applies to: units with Heretic Astartes."
"chaos-space-marines","snare-of-fire","Snare of Fire","","","Until the end of the phase, the unit has the Normal D3+3"" ability. / Applies to: units with Havocs."
"chaos-space-marines","snarling-protector","Snarling Protector","maulerfiend","","You can re-roll the Charge roll."
"chaos-space-marines","sorcerous-support","Sorcerous Support","chaos-rhino","","During the Shooting phase, until the end of the phase: /   -> The unit gets +1 to Hit rolls. /   -> The unit gets +1 to Wound rolls."
"chaos-space-marines","soul-eater","Soul Eater","venomcrawler","","During the Fight phase, add 1 to the unit's Attacks characteristic."
"chaos-space-marines","soul-forge-boons","Soul Forge Boons","","","For the rest of the battle: / All friendly units' weapons gain [DAEMON]. / All friendly units' weapons gain [SOUL FORGE]. / All friendly units have a 5+ invulnerable save. / Applies to: units with Heretic Astartes."
"chaos-space-marines","soul-tally-offering","Soul-Tally Offering","","","Against character-monster-or-vehicle targets, until the end of the phase, you can re-roll the Wound roll. / Applies to: units with Soul Forge."
"chaos-space-marines","spirit-thief","Spirit Thief","lord-discordant-on-helstalker","","During the Shooting phase, until the end of the phase, you can re-roll a Wound roll of 1."
"chaos-space-marines","stabilisation-talons","Stabilisation Talons","havocs","","Ignore modifiers the unit's All rolls."
"chaos-space-marines","stealth","Stealth","nemesis-claw","","The attacking unit gets -1 to Hit rolls."
"chaos-space-marines","super-heavy-walker","Super-heavy Walker","kytan-ravager","","This model gains the Super Heavy Walker ability."
"chaos-space-marines","super-heavy-war-engine","Super-heavy War Engine","khorne-lord-of-skulls","","Modify the unit's characteristics."
"chaos-space-marines","supreme-commander","Supreme Commander","abaddon-the-despoiler","","This model must be your Warlord."
"chaos-space-marines","surgeon-acolyte","Surgeon Acolyte","fabius-bile","","Each time an attack targets this model, reduce the Damage of that attack to 0."
"chaos-space-marines","swift-assault","Swift Assault","chaos-lord-on-bike","","After being attached to a unit, the unit's weapons gain [ASSAULT]."
"chaos-space-marines","terrifying-assault","Terrifying Assault","raptors","","During the Fight phase, enemy units nearby must take a Battle-shock test."
"chaos-space-marines","the-scent-of-blood","The Scent of Blood","maulerfiend","","Modify the unit's characteristics."
"chaos-space-marines","thunderhawk-cluster-bombs","Thunderhawk Cluster Bombs","chaos-thunderhawk","","Your unit suffers 1 mortal wound."
"chaos-space-marines","to-slake-its-rage","To Slake its Rage","chaos-spawn","","The unit gains the Charge After Advance ability."
"chaos-space-marines","touch-of-the-arkifane","Touch of the Arkifane","","","Until the end of the phase, the unit gains the Dark Pact Both Abilities ability. / Applies to: units with Heretic Astartes (excluding Damned)."
"chaos-space-marines","touched-by-the-warp","Touched by the Warp","","","This model's weapons gain [PSYKER]. / This model's weapons gain [PSYCHIC]. / Applies to: units with Heretic Astartes (excluding Khorne)."
"chaos-space-marines","trophy-taker","Trophy Taker","master-of-executions","","You gain 1CP."
"chaos-space-marines","trophy-takers","Trophy Takers","red-corsairs-raiders","","The unit gets +1 to its Objective Control characteristic."
"chaos-space-marines","twisted-defence-force","Twisted Defence Force","traitor-guardsmen-squad","","During the Shooting phase, the unit gains the Benefit of Cover ability."
"chaos-space-marines","twisted-sorceries-psychic","Twisted Sorceries (Psychic)","sorcerer","","During the Fight phase, until the end of the phase, add 1 to the unit's Strength characteristic."
"chaos-space-marines","tzagulla","Tzagulla","","","Add 1 to this model's Attacks characteristic. / Add 1 to this model's Strength characteristic. / Add 1 to this model's Armour Penetration characteristic. / When it arrives from Reserves, add 1 to this model's Damage characteristic. / Applies to: units with Heretic Astartes."
"chaos-space-marines","undying-hatred-devotees","Undying Hatred","","","Until the end of the phase, the unit gets -1 to Wound rolls. / Applies to: units with Heretic Astartes."
"chaos-space-marines","unholy-bloodshed","Unholy Bloodshed","possessed","","Until the end of the phase, the unit's weapons gain [DEVASTATING WOUNDS]."
"chaos-space-marines","unholy-fortitude","Unholy Fortitude","","","Until the end of the phase, add 1 to the unit's Toughness characteristic. / Applies to: units with Soul Forge."
"chaos-space-marines","unholy-mechanisms-aura","Unholy Mechanisms (Aura)","vashtorr-the-arkifane","","Add 2 to the unit's Strength characteristic."
"chaos-space-marines","unholy-power","Unholy Power","sorcerer-on-bike","","Until the end of the phase, the unit gets +1 to Wound rolls."
"chaos-space-marines","unleash-wrath","Unleash Wrath","defiler","","This model gains the Reactive Overwatch ability."
"chaos-space-marines","veterans-of-the-long-war","Veterans of the Long War","legionaries","","During the Fight phase, you can re-roll a Wound roll of 1."
"chaos-space-marines","visions-of-suffering-psychic","Visions of Suffering (Psychic)","nemesis-claw","","While the unit is below its starting strength, while the unit is below half strength: /   -> The unit gets +1 to Hit rolls. /   -> The unit gets +1 to Wound rolls."
"chaos-space-marines","voice-eater","Voice Eater","nemesis-claw","","This model gains the Target in Engagement ability."
"chaos-space-marines","voltagheist-field","Voltagheist Field","negavolt-cultists","","Your unit suffers 1 mortal wound."
"chaos-space-marines","wall-of-muscle","Wall of Muscle","renegade-plague-ogryns","","Each time an attack targets the unit, reduce the Damage of that attack by 1."
"chaos-space-marines","warmaster","Warmaster","abaddon-the-despoiler","","During the Command phase, in either player's turn, until the end of the battle round, this model gains the Warmaster Selection ability."
"chaos-space-marines","warp-flicker","Warp Flicker","","","Until the end of the turn, the unit gains the Act After Move ability. / Applies to: units with Heretic Astartes."
"chaos-space-marines","warp-portals","Warp Portals","","","For the rest of the battle, all friendly units gain the Redeploy to Reserves ability. / Applies to: units with Heretic Astartes."
"chaos-space-marines","warp-rift-firepower","Warp Rift Firepower","obliterators","","During the Shooting phase, until the end of the phase, the unit's weapons gain [INDIRECT FIRE]."
"chaos-space-marines","warp-sighted-butcher","Warp-sighted Butcher","master-of-executions","","During the Fight phase, while the unit is below its starting strength, while the unit is below half strength, after being attached to a unit, against A targets: /   -> You can re-roll the Hit roll. /   -> You can re-roll the Wound roll."
"chaos-space-marines","warp-strike","Warp Strike","warp-talons","","During the Fight phase, at the end of the phase, if 1+ enemy units destroyed this phase, unless while an enemy unit is within engagement range, for the rest of the battle, this model gains the Place Into Strategic Reserves ability."
"chaos-space-marines","warp-tainted","Warp-Tainted","","","For the rest of the battle, the objective is marked as held. / Applies to: units with Heretic Astartes."
"chaos-space-marines","warp-twisted-terrors","Warp-Twisted Terrors","","","Until the end of the phase, enemy units within 9"" must take a Battle-shock test. / Applies to: units with Warp Talons."
"chaos-space-marines","warped-interference-psychic","Warped Interference (Psychic)","sorcerer","","During the Shooting phase, after being attached to a unit, the unit gains the Benefit of Cover ability."
"chaos-space-marines","warpsmith","Warpsmith","warpsmith","","This model gains the Lone Operative ability."
"chaos-space-marines","warptime-psychic","Warptime (Psychic)","sorcerer-in-terminator-armour","","After being attached to a unit, you can re-roll the Charge roll."
"chaos-space-marines","wracking-agonies-psychic","Wracking Agonies (Psychic)","sorcerer","","Modify the unit's characteristics."
"chaos-space-marines","wreathed-in-warpflame","Wreathed in Warpflame","","","Until the end of the phase, the unit's weapons gain [IGNORES COVER]. / Applies to: units with Heretic Astartes, Psyker."
"chaos-space-marines","wyredjinn","Wyredjinn","","","During the Command phase, for the rest of the battle: /   -> Roll one D6: on a 4+, you gain 1CP. / Applies to: units with Heretic Astartes (excluding Damned)."
"death-guard","aggravus-spasms","Aggravus Spasms","","","Until the end of the turn, all enemy units gain the Detection Range Modifier ability. / Applies to: units with Death Guard, Character."
"death-guard","annihilator","Annihilator","chaos-predator-annihilator","","During the Shooting phase, you can re-roll the Damage roll."
"death-guard","assault-ramp","Assault Ramp","chaos-land-raider","","The unit gains the Transport Disembark Modifier ability."
"death-guard","assault-vehicle","Assault Vehicle","chaos-rhino","","The unit gains the Transport Disembark Modifier ability."
"death-guard","barrage-of-filth","Barrage of Filth","defiler","","During the Shooting phase, until the end of the phase, the unit gains the Benefit of Cover ability."
"death-guard","blessed-icon-of-disease","Blessed Icon of Disease","icon-bearer","","Once per battle, the unit gains the Once Per Battle Special ability."
"death-guard","blight-bombardment","Blight Bombardment","lord-of-virulence","","During the Shooting phase, until the end of the phase, you can re-roll a Hit roll of 1."
"death-guard","blinding-spray","Blinding Spray","foul-blightspawn","","During the Fight phase, until the end of the phase, the unit has the Fights First ability."
"death-guard","blistering-fusillade","Blistering Fusillade","blightlord-terminators","","During the Shooting phase, after being attached to a unit, against AFFLICTED targets, subtract 1 from the unit's Armour Penetration characteristic."
"death-guard","blood-hungry-annihilator","Blood-hungry Annihilator","chaos-predator-annihilator","","During the Shooting phase: /   -> You can re-roll the Wound roll. /   -> You can re-roll the Damage roll."
"death-guard","bloodrust-deluge","Bloodrust Deluge","","","Until the end of the phase, the unit is marked as afflicted. / Applies to: units with Contagion Engine."
"death-guard","chaos-lord","Chaos Lord","death-guard-chaos-lord;death-guard-chaos-lord-in-terminator-armour","","While this model leads a unit, you can re-roll a Hit roll of 1."
"death-guard","curse-of-the-walking-pox","Curse of the Walking Pox","poxwalkers","","After unit resolves attacks, unless against MONSTER targets, unless against VEHICLE targets, when destroyed by a melee attack or if the unit has the TYPHUS keyword, when destroyed by a eater-plague attack, until the end of the phase, return 1 destroyed model to this model with full wounds."
"death-guard","daemonforge","Daemonforge","defiler","","Modify the unit's characteristics."
"death-guard","damaged-1-6-wounds-remaining","Damaged: 1-6 Wounds Remaining","defiler","","Modify the unit's characteristics."
"death-guard","dark-ascension-aura","Dark Ascension (Aura)","helbrute","","Modify the unit's characteristics."
"death-guard","deadly-demise-1","Deadly Demise 1","chaos-spawn","","Before removing this model from the battlefield: /   -> Roll one D6: on a 6+, each enemy unit within 6"" suffers 1 mortal wound."
"death-guard","deadly-demise-d3","Deadly Demise D3","defiler","","Before removing this model from the battlefield: /   -> Roll one D6: on a 6+, each enemy unit within 6"" suffers D3 mortal wounds."
"death-guard","deadly-demise-d6","Deadly Demise D6","mortarion;defiler","","Before removing this model from the battlefield: /   -> Roll one D6: on a 6+, each enemy unit within 6"" suffers D6 mortal wounds."
"death-guard","death-approaches","Death Approaches","deathshroud-terminators","","When it is set up by Deep Strike, for the rest of the battle, this model has the Deep Strike ability."
"death-guard","death-guard-defenders","Death Guard Defenders","daemon-prince-of-nurgle","","This model gains the Lone Operative ability."
"death-guard","deep-strike","Deep Strike","lord-of-contagion;death-guard-chaos-lord-in-terminator-armour;death-guard-sorcerer-in-terminator-armour","","The unit has the Deep Strike ability."
"death-guard","desiccation-conduit-aura","Desiccation Conduit (Aura)","death-guard-chaos-lord;death-guard-chaos-lord-in-terminator-armour","","Modify the unit's characteristics."
"death-guard","destroyer-hive","Destroyer Hive","typhus","","During the Fight phase, after being attached to a unit, the attacking unit gets -1 to Hit rolls."
"death-guard","destroyer-of-futures","Destroyer of Futures","defiler","","The unit gets -5 to Hit rolls (overwatch)."
"death-guard","destructor","Destructor","chaos-predator-destructor","","During the Shooting phase, subtract 1 from the unit's Armour Penetration characteristic."
"death-guard","devoted-to-destruction","Devoted to Destruction","helbrute","","Add 2 to the unit's Attacks characteristic."
"death-guard","diseased-cover","Diseased Cover","miasmic-malignifier","","During the Shooting phase, the unit gains the Benefit of Cover ability."
"death-guard","diseased-icon","Diseased Icon","death-guard-possessed","","The unit's weapons gain [LETHAL HITS]."
"death-guard","diseased-malice","Diseased Malice","helbrute","","Against AFFLICTED targets, the unit gets +1 to Wound rolls."
"death-guard","droning-horror","Droning Horror","","","Until the end of the phase: / You can re-roll a Hit roll of 1. / You can re-roll a Wound roll of 1. / Applies to: units with Plague Marines."
"death-guard","eater-plague-psychic","Eater Plague (Psychic)","typhus","","During the Shooting phase, your unit suffers d3 mortal wounds."
"death-guard","enfeebling-miasma","Enfeebling Miasma","daemon-prince-of-nurgle-with-wings","","Unless against MONSTER targets, unless against VEHICLE targets: /   -> Enemy units nearby gain the Forced Desperate Escape on Fall Back ability. /   -> While the unit is Battle-shocked, subtract 1 from the Desperate Escape test of enemy units nearby."
"death-guard","ensorcelled-annihilation","Ensorcelled Annihilation","chaos-predator-annihilator","","During the Shooting phase: /   -> You can re-roll the Hit roll. /   -> You can re-roll the Damage roll."
"death-guard","ensorcelled-destruction","Ensorcelled Destruction","chaos-predator-destructor","","During the Shooting phase, against A targets, subtract 1 from the unit's Armour Penetration characteristic."
"death-guard","explosive-blight","Explosive Blight","foetid-bloat-drone-with-heavy-blight-launcher","","During the Shooting phase, until the end of the turn, when destroyed by a ranged attack, against AFFLICTED targets, roll one D6: on a 4+, enemy units nearby's weapons gain [AFFLICTED]; unless against AFFLICTED targets, roll one D6: on a 5+, enemy units nearby's weapons gain [AFFLICTED]."
"death-guard","extraction-of-fresh-disease","Extraction of Fresh Disease","biologus-putrifier","","During the Fight phase, the unit gets +6 to its Objective Control characteristic."
"death-guard","eye-of-the-swarm","Eye of the Swarm","","","Until the end of the phase, the unit's weapons gain [CLOSE QUARTERS]. / Applies to: units with Plague Marines."
"death-guard","feel-no-pain-5","Feel No Pain 5+","chaos-spawn","","The unit has the Feel No Pain 5+ ability."
"death-guard","feel-no-pain-6","Feel No Pain 6+","defiler","","The unit has the Feel No Pain 6+ ability."
"death-guard","fevered-strategist","Fevered Strategist","daemon-prince-of-nurgle","","Once per battle, you can use one Stratagem on this model for 0CP."
"death-guard","fire-support","Fire Support","chaos-rhino","","During the Shooting phase, until the end of the phase, you can re-roll the Wound roll."
"death-guard","firing-deck-2","Firing Deck 2","chaos-rhino","","The unit gains the Firing Deck ability (2)."
"death-guard","fortification","Fortification","miasmic-malignifier","","During the Shooting phase, the attacking unit gets -1 to Hit rolls."
"death-guard","foul-infusion","Foul Infusion","biologus-putrifier","","After being attached to a unit, the unit's weapons gain [LETHAL HITS]."
"death-guard","frenzy","Frenzy","helbrute","","Modify the unit's characteristics."
"death-guard","fresh-vectors","Fresh Vectors","","","Until the end of the phase, you can re-roll a Wound roll of 1. / Applies to: units with Contagion Engine."
"death-guard","froth-spattered-frenzy","Froth-spattered Frenzy","helbrute","","Add 2 to the unit's Attacks characteristic."
"death-guard","gift-of-contagion-psychic","Gift of Contagion (Psychic)","malignant-plaguecaster","","After being attached to a unit, against A targets, the unit's weapons gain [SUSTAINED HITS 1]."
"death-guard","gift-of-poxes","Gift of Poxes","lord-of-poxes","","This model has the Contagion Range 3"" ability."
"death-guard","hail-of-corrosive-disease","Hail of Corrosive Disease","chaos-predator-destructor","","During the Shooting phase, until the end of the phase, subtract 1 from the unit's Armour Penetration characteristic."
"death-guard","horrifying-visage","Horrifying Visage","daemon-prince-of-nurgle-with-wings","","Enemy units nearby must take a Battle-shock test."
"death-guard","host-of-plagues","Host of Plagues","mortarion","","Your unit suffers d3 mortal wounds."
"death-guard","host-of-the-hybridised-pox","Host of the Hybridised Pox","","","For the rest of the battle, enemy units nearby gain the Apply Additional Plague ability. / Applies to: units with Death Guard, Infantry."
"death-guard","hovering-death","Hovering Death","foetid-bloat-drone","","The unit is eligible to shoot and declare a charge in a turn in which it Fell Back."
"death-guard","hypervirulent-strains","Hypervirulent Strains","","","For the rest of the battle, all friendly units gain the Contagion Range Modifier ability. / Applies to: units with Death Guard, Character."
"death-guard","icon-of-despair-aura","Icon of Despair (Aura)","plague-marines","","Subtract 1 from the Leadership characteristic of enemy units nearby."
"death-guard","infectious-bloodshed","Infectious Bloodshed","death-guard-possessed","","Until the end of the turn, the unit's weapons gain [SUSTAINED HITS 1]."
"death-guard","infiltrators","Infiltrators","poxwalkers","","Once per battle, the unit has the Infiltrators ability."
"death-guard","inflamed-infections","Inflamed Infections","plague-surgeon","","During the Fight phase, while the unit is below half strength, until the end of the phase, the unit gets -5 to Hit rolls."
"death-guard","infused-with-the-blessings-of-nurgle","Infused with the Blessings of Nurgle","plague-marines","","During the Shooting phase, your unit gains the Post Attack Debuff ability."
"death-guard","insectile-murmuration","Insectile Murmuration","","","You can re-roll a Wound roll of 1. / Applies to: units with Plague Marines."
"death-guard","lancet-of-the-worldsore","Lancet of the Worldsore","","","The unit gains the Mobile ability. / Applies to: units with Helbrute."
"death-guard","leader","Leader","lord-of-poxes;death-guard-chaos-lord;death-guard-chaos-lord-in-terminator-armour;death-guard-sorcerer-in-terminator-armour","","The unit gains the Leader ability."
"death-guard","lethal-ichor","Lethal Ichor","chaos-spawn","","During the Fight phase, your unit suffers 1 mortal wound."
"death-guard","lord-of-the-death-guard","Lord of the Death Guard","mortarion","","The unit gains the Once Per Round Special ability."
"death-guard","malicious-calculations","Malicious Calculations","tallyman","","After being attached to a unit, ignore modifiers the unit's All rolls."
"death-guard","meet-any-challenge","Meet Any Challenge","chaos-rhino","","The unit has the Reactive Move ability."
"death-guard","metalophagic-infection","Metalophagic Infection","chaos-predator-annihilator","","During the Shooting phase, your unit suffers d3 mortal wounds."
"death-guard","miasma-of-pestilence-aura","Miasma of Pestilence (Aura)","daemon-prince-of-nurgle","","During the Shooting phase, the unit gains the Benefit of Cover ability."
"death-guard","mind-breaking-mutations-aura","Mind-breaking Mutations (Aura)","chaos-spawn","","Modify the unit's characteristics."
"death-guard","nauseating-paroxysms","Nauseating Paroxysms","","","Until the end of the phase, enemy units nearby must take a Battle-shock test. / Applies to: units with Plague Marines."
"death-guard","nurgles-gift","Nurgle’s Gift (Aura)","","","Subtract 1 from enemy units nearby's Toughness characteristic. / Select one of the following: /   - Enemy units nearby get -1 to Hit rolls. /   - Subtract 1 from enemy units nearby's Save characteristic. /   - Subtract 1 from enemy units nearby's Move characteristic."
"death-guard","nurgles-gift-aura","Nurgle's Gift (Aura)","","","Modify the unit's characteristics."
"death-guard","pact-of-decay","Pact of Decay","","","This model: army composition rule."
"death-guard","parasitic-woe-reaper","Parasitic Woe-Reaper","","","If has fought this phase, this model gains the Heal Wounds ability. / Applies to: units with Contagion Engine."
"death-guard","pestilent-fallout-psychic","Pestilent Fallout (Psychic)","malignant-plaguecaster","","During the Shooting phase, after this model has shot, with plague-wind attacks, against INFANTRY targets, until the end of the battle round, subtract 2 from your unit's Move characteristic."
"death-guard","pestilent-familiar-psychic","Pestilent Familiar (Psychic)","death-guard-sorcerer-in-terminator-armour","","Modify the unit's characteristics."
"death-guard","plagueveil","Plagueveil","","","The unit gains the Detection Range Modifier ability. / Applies to: units with Plague Marines."
"death-guard","possessed","POSSESSED","death-guard-possessed","","This model gains the Special Embark Rule ability."
"death-guard","punishing-suppression","Punishing Suppression","chaos-predator-destructor","","During the Shooting phase, the attacking unit gets -1 to Hit rolls."
"death-guard","putrefying-stink","Putrefying Stink","foul-blightspawn","","Enemy units nearby: no advance (within 9"")."
"death-guard","putrescent-fog","Putrescent Fog","miasmic-malignifier","","Enemy units cannot be set up from Reserves within 12"" of enemy units nearby."
"death-guard","putrescent-vitality-psychic","Putrescent Vitality (Psychic)","death-guard-sorcerer-in-terminator-armour","","Modify the unit's characteristics."
"death-guard","regenerating-monstrosities","Regenerating Monstrosities","chaos-spawn","","Return 3 destroyed models to this model with full wounds."
"death-guard","rejuvenating-swarm","Rejuvenating Swarm","","","The unit gets -1 to Wound rolls. / Applies to: units with Death Guard, Infantry (excluding Terminator)."
"death-guard","scouts-6","Scouts 6""","chaos-spawn;death-guard-cultists","","Once per battle, the unit has the Scouts 6"" ability."
"death-guard","scouts-8","Scouts 8""","chaos-spawn","","Once per battle, the unit has the Scouts 8"" ability."
"death-guard","scuttling-horrors","Scuttling Horrors","chaos-spawn","","The unit has the Reactive Move ability."
"death-guard","scuttling-walker","Scuttling Walker","defiler","","This model has the Move Over Terrain ability."
"death-guard","self-repair","Self Repair","chaos-rhino","","Return 1 destroyed model to this model with full wounds."
"death-guard","sevenfold-chant","Sevenfold Chant","tallyman","","You gain 1CP."
"death-guard","shroud-of-disease","Shroud of Disease","lord-of-poxes","","During the Shooting phase, after being attached to a unit, this model can only target enemy units within 18""."
"death-guard","sickening-vitality","Sickening Vitality","noxious-blightbringer","","After being attached to a unit, you can re-roll the Charge roll."
"death-guard","silent-bodyguard","Silent Bodyguard","deathshroud-terminators","","After being attached to a unit, the unit has the Feel No Pain 4+ ability."
"death-guard","simultaneous-contamination","Simultaneous Contamination","","","Until the end of the phase, the unit gains the Shoot After Action ability. / Applies to: units with Death Guard, Character."
"death-guard","sorcerous-support","Sorcerous Support","chaos-rhino","","During the Shooting phase, until the end of the phase: /   -> The unit gets +1 to Hit rolls. /   -> The unit gets +1 to Wound rolls."
"death-guard","soulrot-flux","Soulrot Flux","","","Until the end of the phase, enemy units nearby suffer D6 mortal wounds."
"death-guard","spore-laced-shock-waves","Spore-laced Shock Waves","plagueburst-crawler","","During the Shooting phase, your unit suffers d3 mortal wounds."
"death-guard","supreme-commander","Supreme Commander","mortarion","","This model must be your Warlord."
"death-guard","tainted-narthecium","Tainted Narthecium","plague-surgeon","","After being attached to a unit, return 1 destroyed model to the unit with full wounds."
"death-guard","tank-hunters","Tank Hunters","myphitic-blight-haulers","","During the Shooting phase: /   -> The unit gets +1 to Hit rolls. /   -> The unit gets +1 to Wound rolls."
"death-guard","terrifying-assault","Terrifying Assault","helbrute","","During the Fight phase, enemy units nearby must take a Battle-shock test."
"death-guard","territorial-infection","Territorial Infection","","","Until the end of the turn, the unit gets +1 to its Objective Control characteristic. / Applies to: units with Death Guard, Character."
"death-guard","to-slake-its-rage","To Slake its Rage","chaos-spawn","","The unit gains the Charge After Advance ability."
"death-guard","tocsin-of-misery-aura","Tocsin of Misery (Aura)","noxious-blightbringer","","While the unit is below its starting strength, enemy units nearby must take a Battle-shock test."
"death-guard","unclean-icon","Unclean Icon","icon-bearer","","After being attached to a unit, the unit gets +1 to its Objective Control characteristic."
"death-guard","unholy-resilience","Unholy Resilience","lord-of-contagion","","Once per battle, the unit gains the Once Per Battle Special ability."
"death-guard","unleash-wrath","Unleash Wrath","defiler","","This model gains the Reactive Overwatch ability."
"death-guard","vector-of-disease","Vector of Disease","lord-of-contagion","","After being attached to a unit, the unit's weapons gain [SUSTAINED HITS 1]."
"death-guard","verminous-haze","Verminous Haze","","","For the rest of the battle, all friendly units gain the Infiltrators ability. / Applies to: units with Death Guard, Plague Marines."
"death-guard","virulent-aura","Virulent Aura","lord-of-virulence","","During the Shooting phase, after being attached to a unit, you can re-roll the Wound roll."
"death-guard","warped-and-rusted-animus","Warped and Rusted Animus","","","For the rest of the battle: / All friendly units' weapons gain [CONTAGION ENGINE]. / All friendly units' weapons gain [ASSAULT]. / Applies to: units with Death Guard."
"drukhari","acrobatic-gladiators","Acrobatic Gladiators","wyches","","The unit gains the Charge After Advance ability."
"drukhari","aerialists","Aerialists","venom","","During the Fight phase, this model: army composition rule."
"drukhari","agonising-suppression","Agonising Suppression","ravager","","During the Shooting phase, the attacking unit gets -1 to Hit rolls."
"drukhari","airborne-evasion","Airborne Evasion","scourges-with-heavy-weapons","","During the Shooting phase, until the end of the turn, the unit has the Shoot and Scoot ability."
"drukhari","archon-of-the-poisoned-tongue","Archon of the Poisoned Tongue","lady-malys","","During the Fight phase, until the end of the phase: /   -> The unit's weapons gain [LETHAL HITS]. /   -> The unit's weapons gain [SUSTAINED HITS 1]."
"drukhari","archon-s-retinue","Archon’s Retinue","hand-of-the-archon","","After being attached to a unit, for the rest of the battle, the unit this model leads gains the Scouts 7 ability."
"drukhari","archon-s-will","Archon’s Will","hand-of-the-archon","","This model has a 5+ invulnerable save."
"drukhari","assassins-poisons","Assassins’ Poisons","hand-of-the-archon","","During the Fight phase: /   -> The unit's weapons gain [LETHAL HITS]. /   -> The unit's weapons gain [PRECISION]."
"drukhari","battlefield-butchery","Battlefield Butchery","hellions","","During the Fight phase, add 1 to the unit's Strength characteristic."
"drukhari","bloody-spectacle","Bloody Spectacle","succubus","","During the Fight phase, against CHARACTER targets: /   -> You can re-roll the Hit roll. /   -> You can re-roll the Wound roll."
"drukhari","blur-of-blades","Blur of Blades","lelith-hesperax","","After being attached to a unit, the unit has the Fights First ability."
"drukhari","brides-of-death","Brides of Death","lelith-hesperax","","During the Fight phase, subtract 1 from the unit's Armour Penetration characteristic."
"drukhari","cluster-caltrops","Cluster caltrops","reavers","","Modify the unit's characteristics."
"drukhari","contempt-for-rivals","Contempt for Rivals","","","Modify the unit's characteristics."
"drukhari","contracted-harvest","Contracted Harvest","","","Modify the unit's characteristics."
"drukhari","corsairs-and-travelling-players","Corsairs and Travelling Players","","","This model gains the Faction Metadata ability."
"drukhari","cruel-enforcers","Cruel Enforcers","kabalite-warriors","","The unit retains control of objective markers even after no models remain in range, until the enemy retakes them (sticky objectives)."
"drukhari","darkest-artifice","Darkest Artifice","","","Modify the unit's characteristics."
"drukhari","deadly-demise-1","Deadly Demise 1","cronos","","Before removing this model from the battlefield: /   -> Roll one D6: on a 6+, each enemy unit within 6"" suffers 1 mortal wound."
"drukhari","deadly-demise-d3","Deadly Demise D3","raider;reaper","","Before removing this model from the battlefield: /   -> Roll one D6: on a 6+, each enemy unit within 6"" suffers D3 mortal wounds."
"drukhari","decapitating-strikes","Decapitating Strikes","incubi","","During the Fight phase, against INFANTRY targets, the unit's weapons gain [DEVASTATING WOUNDS]."
"drukhari","deep-strike","Deep Strike","hellions;reaper","","The unit has the Deep Strike ability."
"drukhari","devious-mastermind","Devious Mastermind","archon","","Once per battle, you can use one Stratagem on this model for 0CP."
"drukhari","devoted-to-pain","Devoted to Pain","talos","","This model's weapons gain [TWIN LINKED]."
"drukhari","dividends-of-agony","Dividends of Agony","","","Modify the unit's characteristics."
"drukhari","elixir-of-the-corpse-courts","Elixir of the Corpse Courts","","","Modify the unit's characteristics."
"drukhari","eradicate-the-foe","Eradicate the Foe","ravager;reaper","","You can re-roll the Hit roll."
"drukhari","eviscerating-fly-by","Eviscerating Fly‑by","reavers","","Your unit suffers 1 mortal wound."
"drukhari","exacting-cruelty","Exacting Cruelty","","","Modify the unit's characteristics."
"drukhari","exhibition-of-slaughter-acrobatic-display","Acrobatic Display","","","Modify the unit's characteristics."
"drukhari","exhibition-of-slaughter-periapt-of-torments","Periapt of Torments","","","Modify the unit's characteristics."
"drukhari","experimental-enhancements","Experimental Enhancements","wracks","","During the Fight phase, until the end of the phase: /   -> Spend 1 Pain Token Pool. /   Select one of the following (Empower Melee Attacks): /     - Unless the unit has the CHARACTER keyword, modify the unit's Attacks characteristic to 3. /     - Unless the unit has the CHARACTER keyword, modify the unit's Attacks characteristic to 4; the unit's melee weapons gain [HAZARDOUS]."
"drukhari","fade-away","Fade Away","mandrakes","","At the end of the phase, during the Fight phase, in either player's turn, unless engagement state, until the end of the turn: /   -> Spend 1 Pain Token Pool. /   -> This model has the Into Strategic Reserves ability."
"drukhari","fear-incarnate-aura","Fear Incarnate (Aura)","haemonculus","","While the unit is below its starting strength, enemy units nearby must take a Battle-shock test."
"drukhari","feel-no-pain-5","Feel No Pain 5+","cronos","","The unit has the Feel No Pain 5+ ability."
"drukhari","fights-first","Fights First","lelith-hesperax","","The unit has the Fights First ability."
"drukhari","firing-deck-11","Firing Deck 11","raider","","The unit gains the Firing Deck ability (11)."
"drukhari","firing-deck-6","Firing Deck 6","venom","","The unit gains the Firing Deck ability (6)."
"drukhari","fleshcraft","Fleshcraft","haemonculus","","Return D3 destroyed models to the unit with full wounds."
"drukhari","gnarlskin-experimentor","Gnarlskin Experimentor","","","Modify the unit's characteristics."
"drukhari","grav-talon","Grav-talon","reavers","","The unit's weapons gain [LETHAL HITS]."
"drukhari","ground-attack-craft","Ground-attack Craft","razorwing-jetfighter","","During the Shooting phase, the unit gets +1 to Hit rolls."
"drukhari","hatred-eternal","Hatred Eternal","archon","","You can re-roll the Hit roll."
"drukhari","hyperstimm-trafficker","Hyperstimm Trafficker","","","Modify the unit's characteristics."
"drukhari","incubi-shrine-token","Incubi Shrine Token","incubi","","Once per battle, the unit gets -1 to Hit rolls."
"drukhari","infiltrators","Infiltrators","mandrakes","","Once per battle, the unit has the Infiltrators ability."
"drukhari","kabalite-agonysts-towering-arrogance","Towering Arrogance","","","Modify the unit's characteristics."
"drukhari","kabalite-icon","Kabalite Icon","kabalite-warriors","","Unless while the unit is Battle-shocked, until the end of the turn, the unit gets +1 to its Objective Control characteristic."
"drukhari","killers-from-the-dark-spires","Killers From the Dark Spires","","","Modify the unit's characteristics."
"drukhari","leader","Leader","succubus","","The unit gains the Leader ability."
"drukhari","lithe-agility","Lithe Agility","succubus","","You can re-roll the Charge roll."
"drukhari","master-of-blades","Master of Blades","drazhar","","During the Fight phase, the unit gets +1 to Wound rolls."
"drukhari","matchless-swiftness","Matchless Swiftness","reavers","","Until the end of the phase, add 8 to the unit's Move characteristic."
"drukhari","mind-like-a-steel-trap-aura","Mind like a Steel Trap (Aura)","lady-malys","","Against A targets, you gain 1CP."
"drukhari","mindless-killing-machines","Mindless Killing Machines","talos","","During the Fight phase, each time this model is destroyed, it can fight before being removed from play."
"drukhari","murderous-crossfire","Murderous Crossfire","scourges-with-shardcarbines","","During the Shooting phase, until the end of the phase, subtract 1 from the unit's Armour Penetration characteristic."
"drukhari","no-escape","No Escape","wyches","","Enemy units nearby: anti fallback."
"drukhari","nowhere-to-hide","Nowhere to Hide","voidraven-bomber","","During the Shooting phase, until the end of the phase, the unit gains the Benefit of Cover ability."
"drukhari","nowhere-to-run","Nowhere to Run","razorwing-jetfighter","","During the Shooting phase, your unit gains the Post Attack Debuff ability."
"drukhari","onslaught","Onslaught","drazhar","","After being attached to a unit, the unit has the Pile in Consolidation 6"" ability."
"drukhari","overlord","Overlord","archon","","Once per battle, the unit gains the Once Per Battle Special ability."
"drukhari","pain-adept","Pain Adept","haemonculus","","During the Command phase, in either player's turn, until the end of the turn: /   -> Roll one D6: on a 4+, you gain 1 Pain Token Pool."
"drukhari","pain-engine-aura","Pain Engine (Aura)","cronos","","This model gains the Flavor Text ability."
"drukhari","pain-parasite","Pain Parasite","cronos","","During the Fight phase, while the unit is below its starting strength: /   -> Each time this model is destroyed, it can fight before being removed from play. /   -> Each time this model is destroyed, it can shoot before being removed from play."
"drukhari","phantasm-grenade-launcher","Phantasm Grenade Launcher","hellions","","The unit's weapons gain [SMOKE] and [GRENADES]."
"drukhari","planned-strikes","Planned Strikes","","","Modify the unit's characteristics."
"drukhari","power-from-pain","Power From Pain","reaper","","After being attached to a unit, until the end of the phase, this model gains the Flavor Text ability."
"drukhari","precognisant","Precognisant","lady-malys","","Modify the unit's characteristics."
"drukhari","prioritised-victim","Prioritised Victim","","","Modify the unit's characteristics."
"drukhari","rapid-deployment","Rapid Deployment","venom","","The unit gains the Transport Disembark Modifier ability."
"drukhari","sadistic-raiders","Sadistic Raiders","kabalite-warriors","","You can re-roll a Wound roll of 1."
"drukhari","salting-the-wound","Salting the Wound","","","Modify the unit's characteristics."
"drukhari","scouts-7","Scouts 7""","hand-of-the-archon","","Once per battle, the unit has the Scouts 7"" ability."
"drukhari","sculpting-the-stage","Sculpting the Stage","","","Modify the unit's characteristics."
"drukhari","shade-weavers","Shade Weavers","mandrakes","","During the Shooting phase, this model can only target enemy units within 18""."
"drukhari","shadowfield","Shadowfield","archon","","This model has a 4+ invulnerable save."
"drukhari","shadows-reach","Shadows’ Reach","","","Modify the unit's characteristics."
"drukhari","silent-executioner","Silent Executioner","drazhar","","While the unit is below its starting strength, while the unit is below half strength, against A targets: /   -> You can re-roll the Hit roll. /   -> You can re-roll the Wound roll."
"drukhari","skyboard-evasion","Skyboard Evasion","hellions","","The unit has the Reactive Move ability."
"drukhari","soul-trap","Soul Trap","archon","","During the Fight phase, add 1 to the unit's Strength characteristic."
"drukhari","splinter-racks","Splinter Racks","raider","","During the Shooting phase, you can re-roll the Hit roll."
"drukhari","stealth","Stealth","venom","","The attacking unit gets -1 to Hit rolls."
"drukhari","stimm-needler","Stimm-needler","hand-of-the-archon","","Each time an attack targets this model, reduce the Damage of that attack to 0."
"drukhari","storm-of-blades","Storm of Blades","succubus","","After being attached to a unit, the unit's weapons gain [SUSTAINED HITS 1]."
"drukhari","strafing-run","Strafing Run","raven-strike-fighter","","During the Shooting phase, against A targets, the unit gets +1 to Hit rolls."
"drukhari","swooping-descent","Swooping Descent","scourges-with-shardcarbines","","During the Movement phase, until the end of the turn: /   -> Spend 1 Pain Token Pool. /   -> The unit has the Deep Strike Min Distance 6"" ability. /   -> While an enemy unit is within 9"", the unit cannot charge."
"drukhari","thrilling-spectacle","Thrilling Spectacle","lelith-hesperax","","During the Fight phase, until the end of the phase, this model has a 3+ invulnerable save."
"drukhari","tormentors","Tormentors","incubi","","During the Fight phase, the unit gets +1 to Hit rolls."
"drukhari","torture-device","Torture Device","talos","","If 1+ enemy units destroyed this attack, for the rest of the battle, you gain 1 Pain Token Pool."
"drukhari","torturer-s-craft","Torturer’s Craft","wracks","","During the Fight phase, enemy units nearby must take a Battle-shock test."
"drukhari","urgent-metamorphosis","Urgent Metamorphosis","","","Modify the unit's characteristics."
"drukhari","vanguard-of-the-dark-city","Vanguard of the Dark City","raider","","During the Command phase, until the end of the battle round, this model gains the Vanguard Selection ability."
"drukhari","void-mine","Void Mine","voidraven-bomber","","Once per battle, your unit suffers d6 mortal wounds."
"drukhari","winged-strike","Winged Strike","scourges-with-heavy-weapons","","During the Shooting phase, you can re-roll the Hit roll."
"emperors-children","a-challenge-worthy-of-skill","A Challenge Worthy of Skill","lucius-the-eternal","","You can re-roll the Hit roll. / You can re-roll the Wound roll."
"emperors-children","absolute-sensory-overload","Absolute Sensory Overload","","","Until the end of the phase, the unit gains the Remain Hidden After Shooting ability. / Applies to: units with Emperor's Children, Battleline."
"emperors-children","agonised-cacophony","Agonised Cacophony","","","Until the end of the turn, all enemy units gain the Detection Range Modifier ability. / Applies to: units with Emperor's Children, Battleline."
"emperors-children","airborne-predator","Airborne Predator","heldrake","","Against A targets, the unit gets +1 to Hit rolls."
"emperors-children","assault-ramp","Assault Ramp","chaos-land-raider","","The unit gains the Transport Disembark Modifier ability."
"emperors-children","assault-vehicle","Assault Vehicle","chaos-rhino","","The unit gains the Transport Disembark Modifier ability."
"emperors-children","beguiling-grotesquerie","Beguiling Grotesquerie","","","This model: cannot be targeted. / Applies to: units with Emperor's Children, Flawless Blades."
"emperors-children","bloody-fury","Bloody Fury","chaos-terminators","","During the Shooting phase: /   -> You can re-roll the Hit roll. /   -> You can re-roll the Charge roll."
"emperors-children","cacophonic-accompaniment","Cacophonic Accompaniment","","","This model has the Deep Strike ability. / This model's weapons gain [IGNORES COVER]. / Applies to: units with Emperor's Children, Lord Kakophonist."
"emperors-children","daemon-primarch-of-slaanesh","Daemon Primarch of Slaanesh","fulgrim","","During the Command phase, in either player's turn, at the start of the turn, until the end of the battle round, this model gains the Daemon Primarch of Slaanesh Selection ability."
"emperors-children","daemonic-destruction","Daemonic Destruction","daemon-prince-of-slaanesh-with-wings","","Your unit suffers 1 mortal wound."
"emperors-children","daemonic-patrons","Daemonic Patrons","flawless-blades","","Until the end of the phase: / The unit's weapons gain [CRITICAL WOUNDS 3+]. / During the Fight phase, at the end of the phase, unless 1+ enemy units destroyed phase, destroy 1 model in the unit."
"emperors-children","daemonic-poisons","Daemonic Poisons","fulgrim","","During the Fight phase, your unit suffers d3 mortal wounds."
"emperors-children","deadly-demise-1","Deadly Demise 1","chaos-spawn","","Before removing this model from the battlefield: /   -> Roll one D6: on a 6+, each enemy unit within 6"" suffers 1 mortal wound."
"emperors-children","deadly-demise-d3","Deadly Demise D3","daemon-prince-of-slaanesh","","Before removing this model from the battlefield: /   -> Roll one D6: on a 6+, each enemy unit within 6"" suffers D3 mortal wounds."
"emperors-children","deadly-demise-d6","Deadly Demise D6","chaos-land-raider","","Before removing this model from the battlefield: /   -> Roll one D6: on a 6+, each enemy unit within 6"" suffers D6 mortal wounds."
"emperors-children","deep-strike","Deep Strike","chaos-terminators","","The unit has the Deep Strike ability."
"emperors-children","delight-in-agony","Delight in Agony","","","Until the end of the phase, the unit gets -1 to Wound rolls. / Applies to: units with Emperor's Children, Terminator."
"emperors-children","doom-siren","Doom Siren","lord-kakophonist","","During the Shooting phase, your unit suffers 1 mortal wound."
"emperors-children","duellist-s-hubris","Duellist’s Hubris","lucius-the-eternal","","During the Fight phase, until the end of the phase, the unit has the Fights First ability."
"emperors-children","eager-patrons","Eager Patrons","","","Add 2 to this model's Move characteristic. / Applies to: units with Emperor's Children, Flawless Blades."
"emperors-children","eager-to-kill","Eager to Kill","","","At unit set up, until the end of the turn, the unit gets +1 to Charge rolls. / Applies to: units with Emperor's Children, Terminator."
"emperors-children","ecstatic-death","Ecstatic Death","daemon-prince-of-slaanesh","","During the Fight phase, each time this model is destroyed, it can fight before being removed from play."
"emperors-children","empyric-guidance-psychic","Empyric Guidance (Psychic)","sorcerer","","After being attached to a unit, the unit's weapons gain [LETHAL HITS]."
"emperors-children","entitled-to-victory","Entitled to Victory","","","For the rest of the battle, all friendly units have the Fights First ability. / Applies to: units with Emperor's Children, Flawless Blades."
"emperors-children","euphoric-crown","Euphoric Crown","","","Add 1 to this model's Strength characteristic (melee). / Applies to: units with Emperor's Children, Lord Exultant."
"emperors-children","euphoric-strikes","Euphoric Strikes","lord-exultant","","During the Fight phase, until the end of the phase: /   -> Add 3 to the unit's Attacks characteristic. /   -> Subtract 1 from the unit's Armour Penetration characteristic."
"emperors-children","excessive-assault","Excessive Assault","infractors","","During the Fight phase, you can re-roll a Wound roll of 1."
"emperors-children","excessive-vigour-aura","Excessive Vigour (Aura)","daemon-prince-of-slaanesh","","If the unit charged this turn, subtract 1 from the unit's Armour Penetration characteristic."
"emperors-children","feel-no-pain-5","Feel No Pain 5+","chaos-spawn","","The unit has the Feel No Pain 5+ ability."
"emperors-children","fire-support","Fire Support","chaos-rhino","","During the Shooting phase, until the end of the phase, you can re-roll the Wound roll."
"emperors-children","firing-deck-2","Firing Deck 2","chaos-rhino","","The unit gains the Firing Deck ability (2)."
"emperors-children","flame-wreathed","Flame-wreathed","heldrake","","Until the end of the turn, the unit gains the Benefit of Cover ability."
"emperors-children","frantic-focus","Frantic Focus","","","If the unit Advanced this turn, until the end of the turn, add 1 to all friendly units' Strength characteristic. / Applies to: units with Emperor's Children, Battleline."
"emperors-children","frenzied-ferocity","Frenzied Ferocity","","","This model's weapons gain [SUSTAINED HITS 1]. / Applies to: units with Emperor's Children, Terminator Squad."
"emperors-children","gift-of-chaos-psychic","Gift of Chaos (Psychic)","sorcerer","","Your unit suffers d3 mortal wounds."
"emperors-children","glutton-for-punishment","Glutton for Punishment","maulerfiend","","While the unit is below its starting strength, while the unit is below half strength: /   -> The unit gets +1 to Hit rolls. /   -> The unit gets +1 to Wound rolls."
"emperors-children","honour-is-for-fools","Honour is for Fools","","","Until the end of the phase, the unit's weapons gain [PRECISION]. / Applies to: units with Flawless Blades."
"emperors-children","hover","Hover","heldrake","","This model has the Hover ability."
"emperors-children","howling-plate","Howling Plate","","","Add 1 to the unit's Armour Penetration characteristic (ranged). / Applies to: units with Emperor's Children, Lord Exultant."
"emperors-children","icon-of-excess","Icon of Excess","tormentors","","During the Fight phase, you gain 1CP."
"emperors-children","infiltrators","Infiltrators","tormentors","","Once per battle, the unit has the Infiltrators ability."
"emperors-children","intoxicated-by-triumph","Intoxicated by Triumph","","","Until the end of the phase, the unit has the Normal D3+3"" ability. / Applies to: units with Flawless Blades."
"emperors-children","leader","Leader","sorcerer","","The unit gains the Leader ability."
"emperors-children","lethal-ichor","Lethal Ichor","chaos-spawn","","During the Fight phase, your unit suffers 1 mortal wound."
"emperors-children","lethal-obsession","Lethal Obsession","chaos-terminators","","During the Shooting phase, until the end of the turn, you can re-roll the Charge roll."
"emperors-children","lone-operative","Lone Operative","lucius-the-eternal","","This model can only be targeted if it is the closest eligible target or within 12""."
"emperors-children","lord-of-excess","Lord of Excess","daemon-prince-of-slaanesh","","This model gains the Lone Operative ability."
"emperors-children","lord-of-the-host","Lord of the Host","lord-exultant","","After being attached to a unit, the unit gains the Attached Unit Eligibility ability."
"emperors-children","meet-any-challenge","Meet Any Challenge","chaos-rhino","","The unit has the Reactive Move ability."
"emperors-children","mind-breaking-mutations-aura","Mind-breaking Mutations (Aura)","chaos-spawn","","Modify the unit's characteristics."
"emperors-children","objective-defiled","Objective Defiled","tormentors","","The unit retains control of objective markers even after no models remain in range, until the enemy retakes them (sticky objectives)."
"emperors-children","obsessive-annunciation","Obsessive Annunciation","lord-kakophonist","","After being attached to a unit, the unit's weapons gain [SUSTAINED HITS 1]."
"emperors-children","pact-of-excess","Pact of Excess","","","This model: army composition rule."
"emperors-children","perfectionists","Perfectionists","lord-exultant","","After being attached to a unit, the unit's weapons gain [LETHAL HITS]."
"emperors-children","possessive-mania","Possessive Mania","","","Until the end of the phase, subtract 1 from the unit's Armour Penetration characteristic. / Applies to: units with Emperor's Children, Battleline."
"emperors-children","prescience-psychic","Prescience (Psychic)","sorcerer","","After being attached to a unit, the attacking unit gets -1 to Hit rolls."
"emperors-children","psychedelic-soulflame","Psychedelic Soulflame","","","Until the end of the phase, add 2 to the unit's Strength characteristic. / Applies to: units with Emperor's Children, Terminator."
"emperors-children","regenerating-monstrosities","Regenerating Monstrosities","chaos-spawn","","Return 3 destroyed models to this model with full wounds."
"emperors-children","savage-exaltation","Savage Exaltation","maulerfiend","","During the Fight phase, while the unit is below its starting strength, while the unit is below half strength: /   -> The unit gets +1 to Hit rolls. /   -> The unit gets +1 to Wound rolls."
"emperors-children","scouts-6","Scouts 6""","chaos-spawn","","Once per battle, the unit has the Scouts 6"" ability."
"emperors-children","scouts-8","Scouts 8""","chaos-spawn","","Once per battle, the unit has the Scouts 8"" ability."
"emperors-children","scuttling-horrors","Scuttling Horrors","chaos-spawn","","The unit has the Reactive Move ability."
"emperors-children","self-repair","Self Repair","chaos-rhino","","Return 1 destroyed model to this model with full wounds."
"emperors-children","serpentine","Serpentine","fulgrim","","This model has the Terrain Crossing ability."
"emperors-children","siege-crawler","Siege Crawler","maulerfiend","","Ignore modifiers the unit's All rolls."
"emperors-children","single-minded-strike","Single-Minded Strike","","","Until the end of the phase, the unit gains the Move Through Models ability. / Applies to: units with Flawless Blades."
"emperors-children","snarling-protector","Snarling Protector","maulerfiend","","You can re-roll the Charge roll."
"emperors-children","sorcerous-support","Sorcerous Support","chaos-rhino","","During the Shooting phase, until the end of the phase: /   -> The unit gets +1 to Hit rolls. /   -> The unit gets +1 to Wound rolls."
"emperors-children","stimulated-by-pain","Stimulated by Pain","daemon-prince-of-slaanesh-with-wings","","Each time an attack targets the unit, reduce the Damage of that attack by 1."
"emperors-children","supreme-commander","Supreme Commander","fulgrim","","This model must be your Warlord."
"emperors-children","terrifying-crescendo","Terrifying Crescendo","noise-marines","","During the Shooting phase, your unit gains the Post Attack Debuff ability."
"emperors-children","the-scent-of-blood","The Scent of Blood","maulerfiend","","Modify the unit's characteristics."
"emperors-children","thrill-seekers","Thrill Seekers","","","Against A targets, against A targets, the unit is eligible to shoot and declare a charge in a turn in which it Fell Back."
"emperors-children","to-slake-its-rage","To Slake its Rage","chaos-spawn","","The unit gains the Charge After Advance ability."
"emperors-children","twisted-sorceries-psychic","Twisted Sorceries (Psychic)","sorcerer","","During the Fight phase, until the end of the phase, add 1 to the unit's Strength characteristic."
"emperors-children","warp-plunge","Warp Plunge","","","Until the end of the phase, the unit gains the Place in Strategic Reserves ability. / Applies to: units with Emperor's Children, Terminator."
"emperors-children","warped-interference-psychic","Warped Interference (Psychic)","sorcerer","","During the Shooting phase, after being attached to a unit, the unit gains the Benefit of Cover ability."
"emperors-children","wracking-agonies-psychic","Wracking Agonies (Psychic)","sorcerer","","After shooting, against INFANTRY targets, until the end of the turn: /   -> Subtract 2 from your unit's Move characteristic. /   -> Your unit gets -2 to Charge rolls."
"genestealer-cults","a-plan-generations-in-the-making","A Plan Generations in the Making","neophyte-hybrids","","The unit retains control of objective markers even after no models remain in range, until the enemy retakes them (sticky objectives)."
"genestealer-cults","alchemicus-familiar","Alchemicus Familiar","biophagus","","Against INFANTRY targets, until the end of the phase, the unit gets +1 to Wound rolls."
"genestealer-cults","battlefield-analysis","Battlefield Analysis","nexos","","Once per battle, you can use one Stratagem on this model for 0CP."
"genestealer-cults","bio-horror-disruption-psychic","Bio‐horror Disruption (Psychic)","benefictus","","After being attached to a unit, the unit's weapons gain [LETHAL HITS]."
"genestealer-cults","biological-warfare","Biological Warfare","biophagus","","Until the end of the phase, the unit gains the Once Per Battle Special ability."
"genestealer-cults","bodyguard","Bodyguard","locus","","After being attached to a unit, the unit has the Feel No Pain 4+ ability."
"genestealer-cults","brood-surge","Brood Surge","hybrid-metamorphs","","Each time this model is destroyed, it can shoot before being removed from play."
"genestealer-cults","claimed-for-the-cult","Claimed for the Cult","acolyte-hybrids-with-autopistols","","You gain 1CP."
"genestealer-cults","cloaked-assassin","Cloaked Assassin","sanctus","","After being attached to a unit, for the rest of the battle, this model: fire overwatch."
"genestealer-cults","contraband-munitions","Contraband Munitions","","","Modify the unit's characteristics."
"genestealer-cults","cosmic-horror-psychic","Cosmic Horror (Psychic)","patriarch","","During the Fight phase, enemy units nearby must take a Battle-shock test."
"genestealer-cults","crawling-horror","Crawling Horror","","","Modify the unit's characteristics."
"genestealer-cults","creeping-shadow","Creeping Shadow","sanctus","","The unit has the Reactive Move ability."
"genestealer-cults","crossfire","Crossfire","achilles-ridgerunners","","During the Shooting phase, until the end of the turn, subtract 1 from the unit's Armour Penetration characteristic."
"genestealer-cults","cult-ambush","Cult Ambush","","","This model gains the Reactive Overwatch ability."
"genestealer-cults","cult-demagogue","Cult Demagogue","primus","","After being attached to a unit, the unit gets +1 to Hit rolls."
"genestealer-cults","cult-icon","Cult Icon","neophyte-hybrids","","Return 3 destroyed models to the unit with full wounds."
"genestealer-cults","cult-infiltration","Cult Infiltration","nexos","","During the Command phase, until the end of the turn, this model gains a movement ability."
"genestealer-cults","deadly-demise-1","Deadly Demise 1","achilles-ridgerunners","","Before removing this model from the battlefield: /   -> Roll one D6: on a 6+, each enemy unit within 6"" suffers 1 mortal wound."
"genestealer-cults","deadly-demise-d3","Deadly Demise D3","goliath-truck","","Before removing this model from the battlefield: /   -> Roll one D6: on a 6+, each enemy unit within 6"" suffers D3 mortal wounds."
"genestealer-cults","decoys-and-misdirection","Decoys and Misdirection","primus","","Modify the unit's characteristics."
"genestealer-cults","deep-strike","Deep Strike","kelermorph","","The unit has the Deep Strike ability."
"genestealer-cults","demolition-run","Demolition Run","atalan-jackals","","Your unit suffers 1 mortal wound."
"genestealer-cults","devious-disguises","Devious Disguises","","","Modify the unit's characteristics."
"genestealer-cults","enemy-within","Enemy Within","","","Modify the unit's characteristics."
"genestealer-cults","eyes-of-the-cult","Eyes of the Cult","","","Modify the unit's characteristics."
"genestealer-cults","fanatical-hail","Fanatical Hail","","","Modify the unit's characteristics."
"genestealer-cults","feel-no-pain-5","Feel No Pain 5+","abominant","","The unit has the Feel No Pain 5+ ability."
"genestealer-cults","fights-first","Fights First","locus","","The unit has the Fights First ability."
"genestealer-cults","fire-support","Fire Support","goliath-truck","","During the Shooting phase, until the end of the phase, you can re-roll the Wound roll."
"genestealer-cults","firing-deck-6","Firing Deck 6","goliath-truck","","The unit gains the Firing Deck ability (6)."
"genestealer-cults","flare-launcher","Flare launcher","achilles-ridgerunners","","For the rest of the battle: / The unit's weapons gain [SMOKE]. / At smokescreen stratagem activated, you can use one Stratagem on this model for 0CP."
"genestealer-cults","gene-tailored-toxins","Gene-tailored Toxins","","","Modify the unit's characteristics."
"genestealer-cults","grinding-line-breaker","Grinding Line-breaker","goliath-rockgrinder","","Enemy units nearby: anti fallback."
"genestealer-cults","heroic-fusillade","Heroic Fusillade","kelermorph","","Enemy units nearby must take a Battle-shock test."
"genestealer-cults","hordes-of-the-faithful","Hordes of the Faithful","","","Modify the unit's characteristics."
"genestealer-cults","hulking-bodyguards","Hulking Bodyguards","aberrants","","After being attached to a unit, the attacking unit gets -1 to Wound rolls."
"genestealer-cults","hypersensory-abilities","Hypersensory Abilities","kelermorph","","During the Shooting phase, the unit has the Reactive Move ability."
"genestealer-cults","industrialised-destruction","Industrialised Destruction","acolyte-hybrids-with-hand-flamers","","You can re-roll a Wound roll of 1."
"genestealer-cults","infiltrators","Infiltrators","reductus-saboteur","","Once per battle, the unit has the Infiltrators ability."
"genestealer-cults","inhuman-reactions","Inhuman Reactions","","","Modify the unit's characteristics."
"genestealer-cults","inspired-to-greatness","Inspired to Greatness","","","Modify the unit's characteristics."
"genestealer-cults","killer-reputation","Killer Reputation","","","Modify the unit's characteristics."
"genestealer-cults","leader","Leader","clamavus","","The unit gains the Leader ability."
"genestealer-cults","living-up-to-legend","Living Up to Legend","","","Modify the unit's characteristics."
"genestealer-cults","lone-operative","Lone Operative","kelermorph","","This model can only be targeted if it is the closest eligible target or within 12""."
"genestealer-cults","loyal-to-the-end","Loyal to the End","","","Modify the unit's characteristics."
"genestealer-cults","lurk-and-strike","Lurk and Strike","","","Modify the unit's characteristics."
"genestealer-cults","manufactorum-cover","Manufactorum Cover","tectonic-fragdrill","","During the Shooting phase, the unit gains the Benefit of Cover ability."
"genestealer-cults","mark-of-the-star-children","Mark of the Star Children","","","Modify the unit's characteristics."
"genestealer-cults","master-outrider","Master Outrider","jackal-alphus","","During the Shooting phase, until the end of the turn, the unit has the Shoot and Scoot ability."
"genestealer-cults","might-from-beyond","Might From Beyond","patriarch","","After being attached to a unit, the unit's weapons gain [DEVASTATING WOUNDS]."
"genestealer-cults","mind-control-psychic","Mind Control (Psychic)","magus","","During the Shooting phase, until the end of the phase, your unit suffers d3 mortal wounds."
"genestealer-cults","nexus-of-devotion","Nexus of Devotion","acolyte-iconward","","After being attached to a unit, the unit has the Feel No Pain 5+ ability."
"genestealer-cults","outrider-gangs","Outrider Gangs","atalan-jackals","zero_inch","At cult ambush redeployment, if within 0"" of cult ambush marker, for the rest of the battle: /   -> This model has the Redeploy Within Distance 9"" ability. /   -> Spend 1 Cult Ambush Marker."
"genestealer-cults","planted-explosives","Planted Explosives","reductus-saboteur","","Once per battle, the unit has the Reactive Move ability."
"genestealer-cults","primed-and-ready","Primed and Ready","reductus-saboteur","","During the Shooting phase, until the end of the phase, you can use the Grenade Stratagem on this model for 0CP."
"genestealer-cults","priority-target","Priority Target","jackal-alphus","","During the Shooting phase, until the end of the phase, you can re-roll a Hit roll of 1."
"genestealer-cults","psionic-shield-psychic","Psionic Shield (Psychic)","benefictus","","Until the end of the phase, this model has a 4+ invulnerable save."
"genestealer-cults","psychic-familiar","Psychic Familiar","patriarch","","During the Fight phase, until the end of the phase, the unit gains the Once Per Battle Special ability."
"genestealer-cults","psychic-spoor","Psychic Spoor","sanctus","","You can re-roll the Hit roll. / You can re-roll the Wound roll."
"genestealer-cults","regenerating-gene-mass","Regenerating Gene-mass","abominant","","For the rest of the battle, return 1 destroyed model to this model with full wounds."
"genestealer-cults","scouts-6","Scouts 6""","acolyte-iconward","","Once per battle, the unit has the Scouts 6"" ability."
"genestealer-cults","scouts-9","Scouts 9""","atalan-jackals","","Once per battle, the unit has the Scouts 9"" ability."
"genestealer-cults","scrambler-array","Scrambler Array","clamavus","","Enemy units cannot be set up from Reserves within 12"" of enemy units nearby."
"genestealer-cults","slunk-from-the-underbelly","Slunk From the Underbelly","","","Modify the unit's characteristics."
"genestealer-cults","spiritual-leader","Spiritual Leader","magus","","Once per battle, the unit gains the Once Per Battle Special ability."
"genestealer-cults","spotter","Spotter","achilles-ridgerunners","","Modify this model's Ballistic Skill characteristic to 3 (ranged)."
"genestealer-cults","stealth","Stealth","atalan-jackals","","The attacking unit gets -1 to Hit rolls."
"genestealer-cults","sudden-assault","Sudden Assault","locus","","After being attached to a unit, the unit has the Fights First ability."
"genestealer-cults","summon-the-cult","Summon the Cult","acolyte-iconward","","Once per battle, the unit gains the Once Per Battle Special ability."
"genestealer-cults","supreme-commander","Supreme Commander","patriarch","","This model must be your Warlord."
"genestealer-cults","surging-broodworship","Surging Broodworship","","","Modify the unit's characteristics."
"genestealer-cults","survey-augur","Survey Augur","achilles-ridgerunners","","Until the end of the phase, the unit's weapons gain [IGNORES COVER]."
"genestealer-cults","swift-and-deadly","Swift and Deadly","purestrain-genestealers","","The unit gains the Charge After Advance ability."
"genestealer-cults","talons-of-the-sire","Talons of the Sire","","","Modify the unit's characteristics."
"genestealer-cults","tectonic-fragdrill","Tectonic Fragdrill","tectonic-fragdrill","","Friendly units nearby gain a movement ability."
"genestealer-cults","the-chosen-one","The Chosen One","abominant","","During the Fight phase, after being attached to a unit, each time this model is destroyed, it can fight before being removed from play."
"genestealer-cults","twisted-science","Twisted Science","biophagus","","After being attached to a unit, the unit's weapons gain [LETHAL HITS]."
"genestealer-cults","underground-egress","Underground Egress","tectonic-fragdrill","","At cult ambush marker removed by enemy movement, for the rest of the battle: /   Select one of the following (Reposition Marker): /     - If within 9"" of fortification, unless while an enemy unit is within 9"", this model has the Reposition ability. /     - Destroy 1 model in this model."
"genestealer-cults","voice-of-new-truths","Voice of New Truths","clamavus","","Enemy units within 18"" must take a Battle-shock test."
"grey-knights","aerial-assault","Aerial Assault","grey-knights-thunderhawk-gunship","","The unit gains the Transport Disembark Modifier ability."
"grey-knights","ancient-s-banner","Ancient’s Banner","paladin-squad","","The unit gets +1 to its Objective Control characteristic."
"grey-knights","apothecary-s-narthecium","Apothecary’s Narthecium","paladin-squad","","Return 1 destroyed model to the unit with full wounds."
"grey-knights","armoured-resilience","Armoured Resilience","stormraven-gunship","","Each time an attack targets the unit, reduce the Damage of that attack by 1."
"grey-knights","assault-ramp","Assault Ramp","land-raider-redeemer;land-raider","","The unit gains the Transport Disembark Modifier ability."
"grey-knights","attuned-onslaught-psychic","Attuned Onslaught (Psychic)","paladin-squad","","Until the end of the turn, add 1 to the unit's Damage characteristic."
"grey-knights","blessing-of-the-omnissiah","Blessing of the Omnissiah","brotherhood-techmarine","","Until your next Command phase, the unit gets +1 to Hit rolls."
"grey-knights","blizzard-shield","Blizzard Shield","venerable-dreadnought","","This model has a 4+ invulnerable save."
"grey-knights","champion-of-the-order-of-purifiers-psychic","Champion of the Order of Purifiers (Psychic)","castellan-crowe","","After being attached to a unit, add 1 to the unit's Attacks characteristic."
"grey-knights","clarion-of-haste-psychic","Clarion of Haste (Psychic)","brotherhood-champion","","After being attached to a unit, the unit gains the Charge After Advance ability."
"grey-knights","deadly-demise-1","Deadly Demise 1","venerable-dreadnought;grey-knights-dreadnought","","Before removing this model from the battlefield: /   -> Roll one D6: on a 6+, each enemy unit within 6"" suffers 1 mortal wound."
"grey-knights","deadly-demise-d3","Deadly Demise D3","grand-master-in-nemesis-dreadknight;grey-knights-relic-razorback","","Before removing this model from the battlefield: /   -> Roll one D6: on a 6+, each enemy unit within 6"" suffers D3 mortal wounds."
"grey-knights","deadly-demise-d6","Deadly Demise D6","land-raider-redeemer;land-raider","","Before removing this model from the battlefield: /   -> Roll one D6: on a 6+, each enemy unit within 6"" suffers D6 mortal wounds."
"grey-knights","deadly-demise-d6-2","Deadly Demise D6+2","grey-knights-thunderhawk-gunship","","Before removing this model from the battlefield: /   -> Roll one D6: on a 6+, each enemy unit within 6"" suffers D6+2 mortal wounds."
"grey-knights","deep-strike","Deep Strike","grand-master-in-nemesis-dreadknight","","The unit has the Deep Strike ability."
"grey-knights","eye-of-judgement-psychic","Eye of Judgement (Psychic)","brother-captain","","You can re-roll the Wound roll."
"grey-knights","fervour-of-the-ancients-aura","Fervour of the Ancients (Aura)","venerable-dreadnought","","Friendly units nearby get +1 to Charge rolls."
"grey-knights","fire-focus","Fire Focus","razorback","","During the Shooting phase, until the end of the turn, subtract 1 from the unit's Armour Penetration characteristic."
"grey-knights","fire-support","Fire Support","razorback;grey-knights-relic-razorback","","During the Shooting phase, until the end of the phase, you can re-roll the Wound roll."
"grey-knights","firing-deck-2","Firing Deck 2","rhino","","The unit gains the Firing Deck ability (2)."
"grey-knights","foesight-psychic","Foesight (Psychic)","castellan-crowe","","Against CHARACTER targets, you can re-roll the Hit roll."
"grey-knights","force-edge-psychic","Force Edge (Psychic)","brotherhood-terminator-squad","","During the Fight phase, against A targets, subtract 1 from the unit's Armour Penetration characteristic."
"grey-knights","gate-of-infinity","Gate of Infinity","","","Modify the unit's characteristics."
"grey-knights","guardians-of-the-machine","Guardians of the Machine","brotherhood-techmarine","","You can use the Fire Overwatch or Heroic Stratagem on this model for 0CP."
"grey-knights","guidance-of-the-ancients-psychic","Guidance of the Ancients (Psychic)","venerable-dreadnought","","During the Shooting phase, until the end of the phase, the unit gets +1 to Hit rolls."
"grey-knights","haloed-in-soulfire-psychic","Haloed in Soulfire (Psychic)","brotherhood-librarian","","While this model leads a unit, for the rest of the battle, the unit: within 18 inches."
"grey-knights","hammer-aflame-psychic","Hammer Aflame (Psychic)","grand-master-voldus","","Your unit suffers 1 mortal wound."
"grey-knights","hammerhand-psychic","Hammerhand (Psychic)","brother-captain","","After being attached to a unit, the unit's weapons gain [LETHAL HITS]."
"grey-knights","hover","Hover","grey-knights-thunderhawk-gunship","","This model has the Hover ability."
"grey-knights","indomitable-spirit-psychic","Indomitable Spirit (Psychic)","nemesis-dreadknight","","The unit is eligible to shoot and declare a charge in a turn in which it Fell Back."
"grey-knights","inspiring-exemplar","Inspiring Exemplar","brotherhood-champion","","During the Fight phase, add 1 to the unit's Attacks characteristic."
"grey-knights","interceptor","Interceptor","stormhawk-interceptor","","During the Shooting phase, against A targets, the unit gets +1 to Hit rolls."
"grey-knights","leader","Leader","grand-master","","The unit gains the Leader ability."
"grey-knights","legacy-of-jerulas","Legacy of Jerulas","land-raider-crusader","","During the Shooting phase, until the end of the turn: /   -> You can re-roll a Hit roll of 1. /   -> You can re-roll a Wound roll of 1."
"grey-knights","litanies-of-sanctity","Litanies of Sanctity","brotherhood-chaplain","","Once per battle, the unit gains the Once Per Battle Special ability."
"grey-knights","might-of-titan-psychic","Might of Titan (Psychic)","grand-master","","During the Fight phase, until the end of the phase, add 3 to the unit's Strength characteristic."
"grey-knights","personal-teleporters","Personal Teleporters","interceptor-squad","","During the Shooting phase, until the end of the turn, the unit has the Shoot and Scoot ability."
"grey-knights","righteous-persecution","Righteous Persecution","purgation-squad","","During the Shooting phase, your unit gains the Post Attack Debuff ability."
"grey-knights","sanctic-hood","Sanctic Hood","brotherhood-librarian","","After being attached to a unit, the unit has the Feel No Pain 4+ ability."
"grey-knights","sanctifying-ritual-psychic","Sanctifying Ritual (Psychic)","strike-squad","","The unit retains control of objective markers even after no models remain in range, until the enemy retakes them (sticky objectives)."
"grey-knights","sanctity-of-purpose","Sanctity of Purpose","purifier-squad","","You can re-roll a Wound roll of 1."
"grey-knights","sanctuary-psychic","Sanctuary (Psychic)","grand-master-voldus","","After being attached to a unit, the attacking unit gets -1 to Hit rolls."
"grey-knights","scouts-6","Scouts 6""","strike-squad","","Once per battle, the unit has the Scouts 6"" ability."
"grey-knights","self-repair","Self Repair","rhino","","Return 1 destroyed model to this model with full wounds."
"grey-knights","strafing-run","Strafing Run","stormtalon-gunship","","During the Shooting phase, against A targets, the unit gets +1 to Hit rolls."
"grey-knights","surge-of-wrath-psychic","Surge of Wrath (Psychic)","grand-master-in-nemesis-dreadknight","","During the Fight phase: /   -> You can re-roll the Hit roll. /   -> You can re-roll the Wound roll. /   -> You can re-roll the Damage roll."
"grey-knights","techmarine","Techmarine","brotherhood-techmarine","","This model gains the Lone Operative ability."
"grey-knights","thunderhawk-cluster-bombs","Thunderhawk Cluster Bombs","grey-knights-thunderhawk-gunship","","Your unit suffers 1 mortal wound."
"grey-knights","truesilver-aegis-aura","Truesilver Aegis (Aura)","rhino","","The unit has the Feel No Pain 6+ ability."
"grey-knights","warrior-strategist","Warrior Strategist","grand-master-in-nemesis-dreadknight","","Once per battle, you can use one Stratagem on this model for 0CP."
"grey-knights","wisdom-of-the-ancients-aura","Wisdom of the Ancients (Aura)","venerable-dreadnought;grey-knights-dreadnought","","You can re-roll a Hit roll of 1."
"grey-knights","zealous-path","Zealous Path","brotherhood-chaplain","","After being attached to a unit, you can re-roll the Charge roll."
"imperial-knights","acheron-s-duty-bondsman","Acheron’s Duty (Bondsman)","cerastus-knight-acheron","","During the Fight phase, enemy units nearby must take a Battle-shock test."
"imperial-knights","aggressive-assault","Aggressive Assault","knight-errant","","During the Shooting phase, the unit gets +1 to Hit rolls."
"imperial-knights","ancestral-overbleed","Ancestral Overbleed","","","You can use the Fire Overwatch or Heroic Stratagem on this model for 0CP. / Applies to: units with Imperial Knights, Armiger."
"imperial-knights","archeotech-autoloaders","Archeotech Autoloaders","","","You can re-roll the Weapon Attacks roll. / Applies to: units with Imperial Knights, Dominus."
"imperial-knights","atrapos-duty-bondsman","Atrapos’ Duty (Bondsman)","cerastus-knight-atrapos","","You can re-roll the Hit roll. / You can re-roll the Wound roll."
"imperial-knights","bastion-of-firepower","Bastion of Firepower","acastus-knight-porphyrion","","Until the end of the turn, the unit's weapons gain [LETHAL HITS]."
"imperial-knights","blessed-plate","Blessed Plate","","","Add 1 to this model's Toughness characteristic. / Applies to: units with Imperial Knights, Dominus."
"imperial-knights","bringer-of-justice","Bringer of Justice","","","Add 2 to this model's Attacks characteristic (melee). / This model gets +1 to Hit rolls. / Applies to: units with Imperial Knights."
"imperial-knights","castigator-s-duty-bondsman","Castigator’s Duty (Bondsman)","cerastus-knight-castigator","","The unit's weapons gain [SUSTAINED HITS 1]."
"imperial-knights","chainbreaker","Chainbreaker","canis-rex","","Once per battle, the unit gains the Once Per Battle Special ability."
"imperial-knights","crusader-s-duty-bondsman","Crusader’s Duty (Bondsman)","knight-crusader","","During the Shooting phase, the unit gets +1 to Hit rolls."
"imperial-knights","deadly-demise-2d6","Deadly Demise 2D6","acastus-knight-asterius","","Before removing this model from the battlefield: /   -> Roll one D6: on a 6+, each enemy unit within 6"" suffers 2D6 mortal wounds."
"imperial-knights","deadly-demise-d3","Deadly Demise D3","armiger-moirax","","Before removing this model from the battlefield: /   -> Roll one D6: on a 6+, each enemy unit within 6"" suffers D3 mortal wounds."
"imperial-knights","deadly-demise-d6","Deadly Demise D6","knight-defender","","Before removing this model from the battlefield: /   -> Roll one D6: on a 6+, each enemy unit within 6"" suffers D6 mortal wounds."
"imperial-knights","deadly-demise-d6-2","Deadly Demise D6+2","cerastus-knight-acheron","","Before removing this model from the battlefield: /   -> Roll one D6: on a 6+, each enemy unit within 6"" suffers D6+2 mortal wounds."
"imperial-knights","defender-s-duty-bondsman","Defender’s Duty (Bondsman)","knight-defender","","Each time an attack targets the unit, reduce the Damage of that attack by 1."
"imperial-knights","dreadblades","Dreadblades","","","This model gains the Faction Metadata ability."
"imperial-knights","driven-from-their-lairs","Driven from Their Lairs","","","For the rest of the battle, the unit's weapons gain [IGNORES COVER]. / Applies to: units with Imperial Knights, Armiger."
"imperial-knights","errant-s-duty-bondsman","Errant’s Duty (Bondsman)","knight-errant","","The unit's weapons gain [ASSAULT]."
"imperial-knights","exemplar-of-the-code","Exemplar of the Code","knight-preceptor","","You can re-roll the Wound roll."
"imperial-knights","fire-shocked","Fire Shocked","","","Until the end of the phase, subtract 1 from the Battle-shock test of enemy units nearby."
"imperial-knights","flanking-manoeuvres","Flanking Manoeuvres","","","Once per battle, the unit gains the Into Strategic Reserves ability. / Applies to: units with Imperial Knights, Armiger."
"imperial-knights","foebreaker-firestorm","Foebreaker Firestorm","","","Until the end of the phase, add 1 to the unit's Attacks characteristic. / Applies to: units with Imperial Knights, Dominus."
"imperial-knights","full-tilt-freeblade","Full Tilt","","","Until the end of the phase, the unit has the Advance Bonus 6"" ability. / Applies to: units with Imperial Knights."
"imperial-knights","gallant-s-duty-bondsman","Gallant’s Duty (Bondsman)","knight-gallant","","During the Fight phase: /   -> You can re-roll the Hit roll. /   -> You can re-roll the Charge roll."
"imperial-knights","grav-pinned","Grav-pinned","questoris-knight-styrix","","During the Shooting phase, after scoring hit, against INFANTRY targets, with graviton-crusher attacks, until the end of the battle round: /   -> Subtract 2 from your unit's Move characteristic. /   -> Your unit gets -2 to Charge rolls."
"imperial-knights","ground-shaking-strides","Ground-shaking Strides","","","Until the end of the phase, add 2 to the unit's Move characteristic. / Applies to: units with Imperial Knights, Dominus."
"imperial-knights","gyro-optimised-actuators","Gyro-optimised Actuators","","","This model's weapons gain [MOBILE]. / Applies to: units with Imperial Knights, Armiger."
"imperial-knights","helm-conditioning","Helm Conditioning","","","Until the end of the phase, the unit gains the Extend Bondsman Range ability. / Applies to: units with Imperial Knights."
"imperial-knights","honoured-to-serve","Honoured to Serve","","","Until the end of the phase, the unit gains the Act After Move ability. / Applies to: units with Imperial Knights, Armiger."
"imperial-knights","hunters-eye","Hunter’s Eye","","","This model's weapons gain [IGNORES COVER]. / Applies to: units with Imperial Knights."
"imperial-knights","impetuous-glory","Impetuous Glory","armiger-warglaive","","Until the end of the turn, add 1 to the unit's Attacks characteristic."
"imperial-knights","ion-aegis-aura","Ion Aegis (Aura)","knight-valiant","","During the Shooting phase, the unit gains the Benefit of Cover ability."
"imperial-knights","knights-of-legend","Knights of Legend","","","For the rest of the battle: / All friendly units have the Feel No Pain 6+ ability. / All friendly units gain the Heal Wounds ability. / Applies to: units with Imperial Knights."
"imperial-knights","lancer-s-duty-bondsman","Lancer’s Duty (Bondsman)","cerastus-knight-lancer","","The unit gains the Charge After Advance ability."
"imperial-knights","legendary-freeblade","Legendary Freeblade","canis-rex","","You can use one Stratagem on this model for 0CP."
"imperial-knights","lone-operative","Lone Operative","sir-hekhtur","","This model can only be targeted if it is the closest eligible target or within 12""."
"imperial-knights","macro-extinction-protocols","Macro-extinction Protocols","cerastus-knight-atrapos","","The unit gets +1 to Hit rolls. / The unit gets +1 to Wound rolls."
"imperial-knights","magaera-s-duty-bondsman","Magaera’s Duty (Bondsman)","questoris-knight-magaera","","During the Shooting phase, subtract 1 from the unit's Armour Penetration characteristic."
"imperial-knights","martial-pride","Martial Pride","knight-gallant","","The unit has the Extended Consolidation 6"" ability."
"imperial-knights","mentor-bondsman","Mentor (Bondsman)","knight-preceptor","","You can re-roll the Wound roll."
"imperial-knights","mysterious-guardian","Mysterious Guardian","","","This model has the Deep Strike ability. / Applies to: units with Imperial Knights."
"imperial-knights","neural-lash","Neural Lash","","","Once per battle, the unit gains the Remove Battle Shock ability."
"imperial-knights","noble-sacrifice","Noble Sacrifice","","","Once per battle, the unit gains the Deadly Demise Threshold ability. / Applies to: units with Imperial Knights."
"imperial-knights","paladin-s-duty-bondsman","Paladin’s Duty (Bondsman)","knight-paladin","","The unit's weapons gain [LETHAL HITS]."
"imperial-knights","point-blank-barrage-freeblade","Point-blank Barrage","","","Until the end of the phase, the unit: may target into engagement with blast. / Applies to: units with Imperial Knights."
"imperial-knights","protection-protocols","Protection Protocols","armiger-moirax","","You can use the Fire Overwatch or Heroic Stratagem on this model for 0CP."
"imperial-knights","punishing-salvoes","Punishing Salvoes","knight-crusader","","Until the end of the turn, the unit's weapons gain [SUSTAINED HITS 1]."
"imperial-knights","rain-of-devastation","Rain of Devastation","","","During the Shooting phase, for the rest of the battle, the unit gets +1 to Hit rolls. / Applies to: units with Imperial Knights, Dominus."
"imperial-knights","repair-auto-simulacra","Repair Auto-simulacra","questoris-knight-magaera","","Return D3 destroyed models to this model with full wounds."
"imperial-knights","sanctuary","Sanctuary","","","This model has a 5+ invulnerable save. / Applies to: units with Imperial Knights."
"imperial-knights","searing-flames","Searing Flames","cerastus-knight-acheron","","During the Shooting phase, until the end of the phase, the unit gains the Benefit of Cover ability."
"imperial-knights","seasoned-noble","Seasoned Noble","knight-paladin","","During the Shooting phase, subtract 1 from the unit's Armour Penetration characteristic."
"imperial-knights","selfless-protector","Selfless Protector","knight-defender","","During the Shooting phase, the unit gains the Benefit of Cover ability."
"imperial-knights","shock-charge","Shock Charge","cerastus-knight-lancer","","For the rest of the battle, this model gains the Free Tank Shock ability."
"imperial-knights","storm-of-bolts","Storm of Bolts","cerastus-knight-castigator","","During the Shooting phase, the attacking unit gets -1 to Hit rolls."
"imperial-knights","strength-from-exile","Strength from Exile","","","Until the end of the phase: / You can re-roll a Hit roll of 1. / You can re-roll a Wound roll of 1. / Applies to: units with Imperial Knights."
"imperial-knights","styrix-s-duty-bondsman","Styrix’s Duty (Bondsman)","questoris-knight-styrix","","Enemy units nearby must take a Battle-shock test."
"imperial-knights","sunderer-of-fortresses","Sunderer of Fortresses","acastus-knight-asterius","","Add 2 to the unit's Strength characteristic. / Add 2 to the unit's Damage characteristic."
"imperial-knights","super-heavy-walker","Super-heavy Walker","","","During the Movement phase: /   -> This model has the Through Non Titanic Models ability. /   -> This model has the Through Terrain Max 4 Inches ability. /   -> This model can move through enemy models. /   -> This model has the Through Terrain Over 4 Inches ability. /   -> Roll one D6: on exactly 1, this model gains the Battle Shocked ability."
"imperial-knights","suppression-protocols","Suppression Protocols","armiger-helverin","","During the Shooting phase, the attacking unit gets -1 to Hit rolls."
"imperial-knights","survivor-of-strife","Survivor of Strife","","","Until the end of the phase, the attacking unit gets -1 to Wound rolls. / Applies to: units with Imperial Knights."
"imperial-knights","thin-their-ranks","Thin Their Ranks","knight-warden","","During the Shooting phase, the unit's weapons gain [DEVASTATING WOUNDS]."
"imperial-knights","thundershock","Thundershock","knight-valiant","","During the Shooting phase, your unit suffers d3 mortal wounds."
"imperial-knights","titan-hunter","Titan Hunter","knight-castellan","","During the Shooting phase, you can re-roll the Damage roll."
"imperial-knights","using-sir-hekhtur","Using Sir Hekhtur","sir-hekhtur","","This model gains the Special Embark Rule ability."
"imperial-knights","warden-s-duty-bondsman","Warden’s Duty (Bondsman)","knight-warden","","The unit's weapons gain [SUSTAINED HITS 1]. / The unit's weapons gain [IGNORES COVER]."
"leagues-of-votann","ancestral-fortune","Ancestral Fortune","uthar-the-destined","","The unit gains the Once Per Round Special ability."
"leagues-of-votann","avatars-of-the-ancestors","Avatars of the Ancestors","","","Modify the unit's characteristics."
"leagues-of-votann","blistering-advance","Blistering Advance","sagitaur","","The unit gains the Transport Disembark Modifier ability."
"leagues-of-votann","breaching-fire","Breaching Fire","brokhyr-thunderkyn","","During the Shooting phase, the unit gains the Benefit of Cover ability."
"leagues-of-votann","break-the-foe","Break the Foe","berehk-stornbrow","","The unit's weapons gain [SUSTAINED HITS 1]."
"leagues-of-votann","brokhyr-guild-support","Brôkhyr Guild Support","brokhyr-iron-master","","This model gains the Lone Operative ability."
"leagues-of-votann","built-to-last","Built to Last","","","Modify the unit's characteristics."
"leagues-of-votann","computational-mastermind","Computational Mastermind","memnyr-strategist","","During the Command phase, if within range of an objective, if you control 1+ objectives, until the end of the phase: /   Select one of the following (Spend or Gain Yp): /     - Spend 1 Yp Pool. /     - You gain 1 Yp Pool."
"leagues-of-votann","coordinated-crossfire","Coordinated Crossfire","","","Modify the unit's characteristics."
"leagues-of-votann","cyberstimms","Cyberstimms","cthonian-beserks","","During the Fight phase, each time this model is destroyed, it can fight before being removed from play."
"leagues-of-votann","deadly-demise-1","Deadly Demise 1","kapricus-carrier","","Before removing this model from the battlefield: /   -> Roll one D6: on a 6+, each enemy unit within 6"" suffers 1 mortal wound."
"leagues-of-votann","deadly-demise-d6","Deadly Demise D6","hekaton-land-fortress","","Before removing this model from the battlefield: /   -> Roll one D6: on a 6+, each enemy unit within 6"" suffers D6 mortal wounds."
"leagues-of-votann","decisive-destruction","Decisive Destruction","einhyr-hearthguard","","During the Shooting phase, you can re-roll a Hit roll of 1."
"leagues-of-votann","destabilising-quakes","Destabilising Quakes","cthonian-earthshakers","","During the Shooting phase, enemy units nearby must take a Battle-shock test."
"leagues-of-votann","economy-of-motion","Economy of Motion","","","Modify the unit's characteristics."
"leagues-of-votann","exemplar-of-the-einhyr","Exemplar of the Einhyr","einhyr-champion","","After being attached to a unit, friendly units nearby get +1 to Charge rolls."
"leagues-of-votann","eye-of-the-hunt","Eye of the Hunt","","","Modify the unit's characteristics."
"leagues-of-votann","feel-no-pain-4","Feel No Pain 4+","berehk-stornbrow","","The unit has the Feel No Pain 4+ ability."
"leagues-of-votann","feel-no-pain-6","Feel No Pain 6+","hearthkyn-warriors","","The unit has the Feel No Pain 6+ ability."
"leagues-of-votann","firing-deck-5","Firing Deck 5","kapricus-carrier","","The unit gains the Firing Deck ability (5)."
"leagues-of-votann","forgewrought-expertise","Forgewrought Expertise","brokhyr-iron-master","","Return D3 destroyed models to this model with full wounds."
"leagues-of-votann","fortify-psychic","Fortify (Psychic)","grimnyr","","After being attached to a unit, the unit has the Feel No Pain 5+ ability."
"leagues-of-votann","geomantic-hunters","Geomantic Hunters","cthonian-earthshakers","","During the Shooting phase, until the end of the phase, you can re-roll the Wound roll."
"leagues-of-votann","grim-efficiency","Grim Efficiency","uthar-the-destined","","Once per battle, you can use one Stratagem on this model for 0CP."
"leagues-of-votann","grimnyr-s-regard","Grimnyr’s Regard","grimnyr","","Once per battle, the unit gains the Once Per Battle Special ability."
"leagues-of-votann","grudge-fuelled-fortitude","Grudge‑fuelled Fortitude","buri-aegnirssen","","Return 1 destroyed model to this model with full wounds."
"leagues-of-votann","hearthguard-covenant-fury-of-the-hearth","Fury of the Hearth","","","Modify the unit's characteristics."
"leagues-of-votann","hearthguard-covenant-ironskein","Ironskein","","","Modify the unit's characteristics."
"leagues-of-votann","hearthguard-covenant-materialisation-matrices","Materialisation Matrices","","","Modify the unit's characteristics."
"leagues-of-votann","infiltrators","Infiltrators","hernkyn-yaegirs","","Once per battle, the unit has the Infiltrators ability."
"leagues-of-votann","kindred-hero","Kindred Hero","kahl","","After being attached to a unit, the unit's weapons gain [LETHAL HITS]."
"leagues-of-votann","leader","Leader","memnyr-strategist","","The unit gains the Leader ability."
"leagues-of-votann","lone-operative","Lone Operative","buri-aegnirssen","","This model can only be targeted if it is the closest eligible target or within 12""."
"leagues-of-votann","luck-has-need-keeps-toil-earns","Luck Has. Need Keeps. Toil Earns.","hearthkyn-warriors","","The unit retains control of objective markers even after no models remain in range, until the enemy retakes them (sticky objectives)."
"leagues-of-votann","mass-driver-accelerators","Mass Driver Accelerators","einhyr-champion","","Your unit suffers d3 mortal wounds."
"leagues-of-votann","merciless-eradication","Merciless Eradication","ironkin-steeljacks-with-melee-weapons","","Enemy units nearby: anti fallback."
"leagues-of-votann","multicog-targeting","MultiCOG Targeting","hekaton-land-fortress","","During the Shooting phase, ignore modifiers the unit's All rolls."
"leagues-of-votann","multispectral-visor","Multispectral Visor","brokhyr-iron-master","","During the Shooting phase, you can re-roll a Wound roll of 1."
"leagues-of-votann","multiwave-comms-array","Multiwave Comms Array","hernkyn-pioneers","","You gain 1CP."
"leagues-of-votann","no-shot-wasted","No Shot Wasted","","","Modify the unit's characteristics."
"leagues-of-votann","opportunistic-manoeuvre","Opportunistic Manoeuvre","kapricus-defenders","","During the Shooting phase, until the end of the turn, the unit has the Shoot and Scoot ability."
"leagues-of-votann","optimised-attack-lines","Optimised Attack Lines","","","Modify the unit's characteristics."
"leagues-of-votann","outflanking-armour","Outflanking Armour","","","Modify the unit's characteristics."
"leagues-of-votann","outflanking-mag-riders","Outflanking Mag-Riders","hernkyn-pioneers","","The unit has the Redeploy to Reserves ability."
"leagues-of-votann","pan-spectral-lockons","Pan-spectral Lockons","","","Modify the unit's characteristics."
"leagues-of-votann","panspectral-scanner","Panspectral Scanner","hernkyn-pioneers","","During the Shooting phase, you can re-roll a Hit roll of 1."
"leagues-of-votann","panspectral-scanning","Panspectral Scanning","hearthkyn-warriors","","During the Shooting phase, you can re-roll a Hit roll of 1."
"leagues-of-votann","pragmatic-hunters","Pragmatic Hunters","hernkyn-yaegirs","","The unit has the Reactive Move ability."
"leagues-of-votann","predictive-guidance","Predictive Guidance","memnyr-strategist","","Once per battle, you can use the Fire Overwatch or Heroic Stratagem on this model for 0CP."
"leagues-of-votann","preymark-crest","Preymark Crest","ironkin-steeljacks-with-heavy-volkanite-disintegrators","","The unit's weapons gain [PRECISION]."
"leagues-of-votann","prioritised-efficiency","Prioritised Efficiency","","","Until your next Command phase: / You can re-roll the Charge roll. / The unit gets +1 to Hit rolls."
"leagues-of-votann","purge-response","Purge Response","ironkin-steeljacks-with-heavy-volkanite-disintegrators","","The unit gets -5 to Hit rolls (overwatch)."
"leagues-of-votann","rampart-crest","Rampart Crest","uthar-the-destined","","After being attached to a unit, this model has a 5+ invulnerable save."
"leagues-of-votann","relentless-avalanche","Relentless Avalanche","berehk-stornbrow","","You can use the Fire Overwatch or Heroic Stratagem on this model for 0CP."
"leagues-of-votann","resource-transmutation","Resource Transmutation","arkanyst-evaluator","","During the Shooting phase, until the end of the phase, the unit's weapons gain [SUSTAINED HITS 1]."
"leagues-of-votann","rollbar-searchlight","Rollbar Searchlight","hernkyn-pioneers","","During the Shooting phase, ignore modifiers the unit's All rolls."
"leagues-of-votann","sagitaur-spearhead","Sagitaur Spearhead","","","Modify the unit's characteristics."
"leagues-of-votann","saturation-rounds","Saturation Rounds","","","Modify the unit's characteristics."
"leagues-of-votann","scanner-uplinks","Scanner Uplinks","kapricus-carrier","","During the Shooting phase, the attacking unit gets -1 to Hit rolls."
"leagues-of-votann","science-guild-support","Science Guild Support","arkanyst-evaluator","","This model gains the Lone Operative ability."
"leagues-of-votann","scornful-analysis","Scornful Analysis","","","Modify the unit's characteristics."
"leagues-of-votann","scouts-9","Scouts 9""","hernkyn-pioneers","","Once per battle, the unit has the Scouts 9"" ability."
"leagues-of-votann","seized-opportunity","Seized Opportunity","kahl","","If 1+ enemy units destroyed phase, once per phase, until the end of the phase, you gain 1 Yp Pool."
"leagues-of-votann","smoke-launcher","Smoke Launcher","kapricus-carrier","","This model's weapons gain [SMOKE]."
"leagues-of-votann","stealth","Stealth","buri-aegnirssen","","The attacking unit gets -1 to Hit rolls."
"leagues-of-votann","subterranean-explosives","Subterranean Explosives","cthonian-beserks","","During the Shooting phase, your unit gains the Post Attack Debuff ability."
"leagues-of-votann","teleport-crest","Teleport Crest","einhyr-hearthguard","","This model has the Deep Strike ability."
"leagues-of-votann","unhinged-vengeance","Unhinged Vengeance","buri-aegnirssen","","During the Shooting phase, in either player's turn, until the end of the phase, after enemy unit fires, while the model has lost wounds, unless while the unit is Battle-shocked, unless engagement state, the first time this phase, this model gains the Vengeance Move ability."
"leagues-of-votann","weavefield-crest","Weavefield crest","einhyr-hearthguard","","This model has a 5+ invulnerable save."
"necrons","accelerator-mandible","Accelerator Mandible","canoptek-macrocytes","","Modify the unit's characteristics."
"necrons","adaptive-strategy","Adaptive Strategy","royal-warden","","The unit is eligible to shoot and declare a charge in a turn in which it Fell Back."
"necrons","advanced-quantum-shielding","Advanced Quantum Shielding","catacomb-command-barge","","The attacking unit gets -1 to Wound rolls."
"necrons","ancient-collector","Ancient Collector","trazyn-the-infinite","","After being attached to a unit, the unit retains control of objective markers even after no models remain in range, until the enemy retakes them (sticky objectives)."
"necrons","ancient-cover","Ancient Cover","convergence-of-dominion","","During the Shooting phase, the unit gains the Benefit of Cover ability."
"necrons","atavistic-instigation","Atavistic Instigation","doom-scythe","","During the Shooting phase, the attacking unit gets -1 to Hit rolls."
"necrons","atomic-energy-manipulator","Atomic Energy Manipulator","illuminor-szeras","","At the end of the phase, during the Fight phase, if 1+ enemy units destroyed this phase, for the rest of the battle, this model gains the Range Extension Mechanical Augmentation ability."
"necrons","bound-creation","Bound Creation","cryptothralls","","The unit has the Feel No Pain 4+ ability."
"necrons","canoptek-retinue","Canoptek Retinue","canoptek-tomb-crawlers","","The unit gains the Forced Attachment ability."
"necrons","canoptek-swarm","Canoptek Swarm","canoptek-spyders","","During the Command phase, if the unit has the CANOPTEK SCARAB SWARM keyword, return 1 destroyed model to friendly units nearby with full wounds."
"necrons","carrier-wave-aura","Carrier Wave (Aura)","catacomb-command-barge","","The unit gets +1 to its Objective Control characteristic."
"necrons","chittering-swarm","Chittering Swarm","canoptek-scarab-swarms","","If engagement state, enemy units nearby get -1 to their Objective Control characteristic. / If within 6"" of friendly cryptek, this model gets -1 to its Objective Control characteristic."
"necrons","chronometron","Chronometron","chronomancer","","During the Shooting phase, until the end of the turn, the unit has the Shoot and Scoot ability."
"necrons","cosmic-storm","Cosmic Storm","","","Modify the unit's characteristics."
"necrons","counter-tactics","Counter-tactics","nemesor-zahndrekh","","Once per battle, you gain 1CP."
"necrons","crimson-harvest","Crimson Harvest","skorpekh-lord","","Your unit suffers d3 mortal wounds."
"necrons","cryptek-retinue","Cryptek Retinue","cryptothralls","","The unit gains the Forced Attachment ability."
"necrons","ctan-shard","C’tan Shard","transcendent-ctan","","For the rest of the battle, this model: cannot receive enhancements."
"necrons","deadly-demise-1","Deadly Demise 1","catacomb-command-barge","","Before removing this model from the battlefield: /   -> Roll one D6: on a 6+, each enemy unit within 6"" suffers 1 mortal wound."
"necrons","deadly-demise-3d6","Deadly Demise 3D6","tomb-citadel-walls","","Before removing this model from the battlefield: /   -> Roll one D6: on a 6+, each enemy unit within 6"" suffers 3D6 mortal wounds."
"necrons","deadly-demise-d3","Deadly Demise D3","ghost-ark","","Before removing this model from the battlefield: /   -> Roll one D6: on a 6+, each enemy unit within 6"" suffers D3 mortal wounds."
"necrons","deadly-demise-d6","Deadly Demise D6","obelisk;ctan-shard-of-the-nightbringer;ctan-shard-of-the-void-dragon;ctan-shard-of-the-deceiver;transcendent-ctan","","Before removing this model from the battlefield: /   -> Roll one D6: on a 6+, each enemy unit within 6"" suffers D6 mortal wounds."
"necrons","deadly-demise-d6-2","Deadly Demise D6+2","seraptek-heavy-construct","","Before removing this model from the battlefield: /   -> Roll one D6: on a 6+, each enemy unit within 6"" suffers D6+2 mortal wounds."
"necrons","deadly-demise-d6-3","Deadly Demise D6+3","tesseract-vault","","Before removing this model from the battlefield: /   -> Roll one D6: on a 6+, each enemy unit within 6"" suffers D6+3 mortal wounds."
"necrons","deadly-demise-d6-3-szarekh-model-only","Deadly Demise D6+3 (Szarekh model only)","the-silent-king","","Before removing this model from the battlefield: /   -> Roll one D6: on a 6+, each enemy unit within 6"" suffers D6+3 (Szarekh model only) mortal wounds."
"necrons","death-sphere-bombardment","Death Sphere Bombardment","night-shroud","","Your unit suffers 1 mortal wound."
"necrons","deep-strike","Deep Strike","triarch-praetorians;ctan-shard-of-the-nightbringer;ctan-shard-of-the-void-dragon;ctan-shard-of-the-deceiver;transcendent-ctan","","The unit has the Deep Strike ability."
"necrons","deepening-madness","Deepening Madness","","","Modify the unit's characteristics."
"necrons","deployment","Deployment","convergence-of-dominion","","At setup, for the rest of the battle, the unit gains the Individual Model Deployment Within 12 Coherency ability."
"necrons","destroyer-cult","Destroyer Cult","lokhust-lord","","During the Shooting phase, after being attached to a unit, the unit gets -5 to Hit rolls."
"necrons","dispersion-shield","Dispersion Shield","lychguard","","This model has a 4+ invulnerable save."
"necrons","dominance-protocols","Dominance Protocols","","","Modify the unit's characteristics."
"necrons","drain-life","Drain Life","ctan-shard-of-the-nightbringer","","During the Fight phase, at the end of the turn, until the end of the phase: /   -> Roll one D6: on a 4+, enemy units nearby suffer D3 mortal wounds."
"necrons","driven-by-hatred","Driven by Hatred","lokhust-lord","","While the unit is below half strength: /   -> You can re-roll the Hit roll. /   -> You can re-roll the Wound roll."
"necrons","empowered-engines","Empowered Engines","","","Add 6 to the unit's Move characteristic. / Applies to: units with Titanic, Fly."
"necrons","engrammatic-logic","Engrammatic Logic","royal-warden","","Once per battle, the unit gains the Once Per Battle Special ability."
"necrons","enlivened-sentinels","Enlivened Sentinels","","","Modify the unit's characteristics."
"necrons","enslaved-star-god","Enslaved Star God","ctan-shard-of-the-nightbringer;ctan-shard-of-the-void-dragon;ctan-shard-of-the-deceiver;transcendent-ctan","","For the rest of the battle, this model cannot be your Warlord."
"necrons","eternity-gate","Eternity Gate","monolith","","During the Movement phase, when it arrives as Reinforcements, until the end of the turn: /   -> The unit has the Deep Strike ability. /   -> The unit gains the Cannot Charge This Turn ability."
"necrons","evasion-engrams","Evasion Engrams","tomb-blades","","During the Shooting phase, until the end of the turn, the unit has the Shoot and Scoot ability."
"necrons","evasive-protocols","Evasive Protocols","","","Modify the unit's characteristics."
"necrons","fabricator-claw-array-aura","Fabricator Claw Array (Aura)","canoptek-spyders","","The unit has the Feel No Pain 6+ ability."
"necrons","feel-no-pain-4","Feel No Pain 4+","canoptek-reanimator","","The unit has the Feel No Pain 4+ ability."
"necrons","feel-no-pain-5","Feel No Pain 5+","ctan-shard-of-the-nightbringer;ctan-shard-of-the-void-dragon;ctan-shard-of-the-deceiver;transcendent-ctan","","The unit has the Feel No Pain 5+ ability."
"necrons","fights-first","Fights First","nekrosor-ammentar","","The unit has the Fights First ability."
"necrons","flesh-hunger","Flesh Hunger","flayed-ones","","During the Fight phase, while the unit is below half strength, the unit gets -1 to Hit rolls."
"necrons","fortification","Fortification","convergence-of-dominion","","During the Shooting phase, the attacking unit gets -1 to Hit rolls."
"necrons","ghostwalk-mantle","Ghostwalk Mantle","vargard-obyron","","After being attached to a unit, the unit has the Fights First ability."
"necrons","gloom-prism-aura","Gloom Prism (Aura)","canoptek-spyders","","The unit has the Feel No Pain 5+ ability."
"necrons","grand-illusion","Grand Illusion","ctan-shard-of-the-deceiver","","Modify the unit's characteristics."
"necrons","grand-strategist","Grand Strategist","imotekh-the-stormlord","","You gain 1CP."
"necrons","gravitic-pulse","Gravitic Pulse","obelisk","","Until the end of the turn, your unit suffers d3 mortal wounds."
"necrons","guardian-protocols","Guardian Protocols","lychguard","","After being attached to a unit, the attacking unit gets -1 to Wound rolls."
"necrons","harassment-swarm-aura","Harassment Swarm (Aura)","canoptek-macrocytes","","The attacking unit gets -1 to Hit rolls."
"necrons","harbinger-of-despair","Harbinger of Despair","psychomancer","","During the Fight phase, enemy units within 18"" must take a Battle-shock test."
"necrons","harbinger-of-destruction","Harbinger of Destruction","plasmancer","","During the Shooting phase, after being attached to a unit, the unit gets -5 to Hit rolls."
"necrons","hard-wired-for-destruction","Hard-wired for Destruction","lokhust-destroyers","","During the Shooting phase, you can re-roll a Hit roll of 1."
"necrons","hypermotility-protocols","Hypermotility Protocols","","","The unit's weapons gain [ASSAULT]. / The unit gains the Act After Advancing ability."
"necrons","hyperspace-hunters","Hyperspace Hunters","deathmarks","","During the Shooting phase, the unit gains the Once Per Round Special ability."
"necrons","illuminor","Illuminor","illuminor-szeras","","This model gains the Lone Operative ability."
"necrons","implacable-eradication","Implacable Eradication","immortals","","You can re-roll a Wound roll of 1."
"necrons","implacable-resilience","Implacable Resilience","overlord","","Each time an attack targets the unit, reduce the Damage of that attack by 1."
"necrons","inescapable-death","Inescapable Death","hexmark-destroyer","","You can use the Fire Overwatch or Heroic Stratagem on this model for 0CP."
"necrons","infectious-murder-madness-aura","Infectious Murder-Madness (Aura)","nekrosor-ammentar","","The unit's weapons gain [SUSTAINED HITS 1]."
"necrons","infiltrators","Infiltrators","flayed-ones","","Once per battle, the unit has the Infiltrators ability."
"necrons","invasion-beams","Invasion Beams","night-scythe","","During the Fight phase, this model gains the Special Embark Rule ability."
"necrons","leader","Leader","technomancer","","The unit gains the Leader ability."
"necrons","living-lightning","Living Lightning","plasmancer","","During the Shooting phase, your unit suffers 1 mortal wound."
"necrons","lone-operative","Lone Operative","hexmark-destroyer","","This model can only be targeted if it is the closest eligible target or within 12""."
"necrons","lord-of-the-pyrrhian-eternals","Lord of the Pyrrhian Eternals","anrakyr-the-traveller","","After being attached to a unit, the unit gets +1 to Wound rolls."
"necrons","lord-of-the-storm","Lord of the Storm","imotekh-the-stormlord","","Once per battle, your unit suffers d3 mortal wounds."
"necrons","malevolent-arcing","Malevolent Arcing","annihilation-barge","","During the Shooting phase, your unit suffers d3 mortal wounds."
"necrons","master-chronomancer","Master Chronomancer","orikan-the-diviner","","After being attached to a unit, this model has a 4+ invulnerable save."
"necrons","matter-absorption","Matter Absorption","ctan-shard-of-the-void-dragon","","Modify the unit's characteristics."
"necrons","mechanical-augmentation-aura","Mechanical Augmentation (Aura)","illuminor-szeras","","Subtract 1 from the unit's Armour Penetration characteristic."
"necrons","mind-in-the-machine","Mind in the Machine","anrakyr-the-traveller","","During the Shooting phase, until the end of the phase, the attacking unit gets -1 to Hit rolls."
"necrons","mortality-shroud-aura","Mortality Shroud (aura)","","","Modify the unit's characteristics."
"necrons","multi-threat-eliminator","Multi-threat Eliminator","hexmark-destroyer","","During the Shooting phase, the unit gains the Once Per Round Special ability."
"necrons","my-will-be-done","My Will Be Done","overlord","","Once per battle, you can use one Stratagem on this model for 0CP."
"necrons","nanosaturation","Nanosaturation","","","Modify the unit's characteristics."
"necrons","nanoscarab-amulet","Nanoscarab Amulet","lokhust-lord","","The unit has the Feel No Pain 5+ ability."
"necrons","nanoscarab-projector","Nanoscarab Projector","canoptek-macrocytes","","Once per battle, return 1 destroyed model to the unit with full wounds."
"necrons","nanoscarab-reanimation-beam-aura","Nanoscarab Reanimation Beam (Aura)","canoptek-reanimator","","Modify the unit's characteristics."
"necrons","nebuloscope","Nebuloscope","tomb-blades","","The unit's weapons gain [IGNORES COVER]."
"necrons","necrodermis","Necrodermis","ctan-shard-of-the-nightbringer;ctan-shard-of-the-void-dragon;ctan-shard-of-the-deceiver;transcendent-ctan","","Each time an attack targets the unit, reduce the Damage of that attack by 1."
"necrons","nightmare-shroud-aura","Nightmare Shroud (Aura)","psychomancer","","While the unit is below its starting strength, enemy units nearby must take a Battle-shock test."
"necrons","nullstone-field-generator-aura","Nullstone Field Generator (Aura)","nekrosor-ammentar","","The unit has the Feel No Pain 5+ ability."
"necrons","obelisk-node-control","Obelisk Node Control","geomancer","","If within range of an objective, if you control 1+ objectives, this model gains the Enemy Reserve Setup Exclusion Zone ability."
"necrons","omnilocked-strafing","Omnilocked Strafing","","","Modify the unit's characteristics."
"necrons","optimised-for-slaughter","Optimised for Slaughter","lokhust-heavy-destroyers","","Against A targets, you can re-roll a Wound roll of 1."
"necrons","overwhelming-obliteration","Overwhelming Obliteration","doomsday-ark","","Until the end of the turn, the unit's weapons gain [DEVASTATING WOUNDS]."
"necrons","particle-pulse","Particle Pulse","","","Modify the unit's characteristics."
"necrons","phase-shift-generator-aura","Phase Shift Generator (Aura)","gauss-pylon","","During the Shooting phase, this model has a 5+ invulnerable save."
"necrons","phase-shifted-cover","Phase-shifted Cover","sentry-pylon","","During the Shooting phase, the unit gains the Benefit of Cover ability."
"necrons","phased-cover","Phased Cover","tomb-citadel-walls","","During the Shooting phase, the unit gains the Benefit of Cover ability."
"necrons","plasmacyte","Plasmacyte","skorpekh-destroyers","","Until the end of the phase, the unit's weapons gain [DEVASTATING WOUNDS]."
"necrons","powers-of-the-c-tan","Powers of the C’tan","tesseract-vault","","During the Shooting phase, at selected to shoot, until the end of the phase, this model gains the Select Up to Two Ctan Powers Restrict Others ability."
"necrons","prelocational-optimiser","Prelocational Optimiser","","","Modify the unit's characteristics."
"necrons","prophet-of-destruction","Prophet of Destruction","nekrosor-ammentar","","Until the end of the phase, you can re-roll a Wound roll of 1."
"necrons","protective-disciples","Protective Disciples","nekrosor-ammentar","","This model gains the Lone Operative ability."
"necrons","quantum-invader","Quantum Invader","night-scythe","","During the Movement phase, when it arrives as Reinforcements, in either player's turn or during the Movement phase, when it arrives as Reinforcements, in either player's turn or during the Movement phase, when it arrives as Reinforcements, in either player's turn, this model has the Deep Strike ability."
"necrons","reanimation-nodes-aura","Reanimation Nodes (Aura)","convergence-of-dominion","","The unit has the Feel No Pain 6+ ability."
"necrons","reanimation-protocols","Reanimation Protocols","ctan-shard-of-the-nightbringer;ctan-shard-of-the-void-dragon;ctan-shard-of-the-deceiver;transcendent-ctan","","Modify this model's Wounds characteristic to 3."
"necrons","recursive-reanimation","Recursive Reanimation","","","Modify the unit's characteristics."
"necrons","relentless-combatants","Relentless Combatants","triarch-praetorians","","You can re-roll the Charge roll."
"necrons","relentless-march","Relentless March","lord","","After being attached to a unit, add 1 to the unit's Move characteristic."
"necrons","repair-barge","Repair Barge","ghost-ark","","The unit gains the Once Per Round Special ability."
"necrons","resurrection-orb","Resurrection Orb","overlord","","Once per battle, after being attached to a unit, return 1 destroyed model to the unit with full wounds."
"necrons","rites-of-reanimation","Rites of Reanimation","technomancer","","After being attached to a unit, the unit has the Feel No Pain 5+ ability."
"necrons","scouts-8","Scouts 8""","canoptek-macrocytes","","Once per battle, the unit has the Scouts 8"" ability."
"necrons","scouts-9","Scouts 9""","tomb-blades","","Once per battle, the unit has the Scouts 9"" ability."
"necrons","self-destruction","Self-destruction","canoptek-scarab-swarms","","During the Fight phase, your unit suffers d3 mortal wounds."
"necrons","sentinel-construct","Sentinel Construct","canoptek-doomstalker","","The unit gets -5 to Hit rolls (overwatch)."
"necrons","shadowloom","Shadowloom","tomb-blades","","This model's weapons gain [STEALTH]."
"necrons","shieldvanes","Shieldvanes","tomb-blades","","Modify this model's Save characteristic to 3."
"necrons","stealth","Stealth","flayed-ones;ctan-shard-of-the-deceiver","","The attacking unit gets -1 to Hit rolls."
"necrons","subsurface-quantumweave","Subsurface Quantumweave","","","Modify the unit's characteristics."
"necrons","supreme-commander","Supreme Commander","the-silent-king","","This model must be your Warlord."
"necrons","surrogate-hosts","Surrogate Hosts","trazyn-the-infinite","","During the Command phase, at the start of the turn, for the rest of the battle, this model gains the Surrogate Hosts ability."
"necrons","swift-as-death","Swift As Death","","","Modify the unit's characteristics."
"necrons","systematic-vigour","Systematic Vigour","cryptothralls","","During the Fight phase, each time this model is destroyed, it can fight before being removed from play."
"necrons","targeting-relay","Targeting Relay","triarch-stalker","","During the Shooting phase, until the end of the phase, the unit gains the Benefit of Cover ability."
"necrons","technomancer","Technomancer","technomancer","","Return D3 destroyed models to this model with full wounds."
"necrons","tectonic-reverberations","Tectonic Reverberations","geomancer","","Modify the unit's characteristics."
"necrons","teleportation-matrix","Teleportation Matrix","sentry-pylon","","Once per battle, the unit gains the Once Per Battle Special ability."
"necrons","terrifying-monstrosity","Terrifying Monstrosity","seraptek-heavy-construct","","During the Fight phase, enemy units nearby must take a Battle-shock test."
"necrons","the-lord-s-will","The Lord’s Will","lord","","While this model leads a unit, the unit gains the Stratagem Target While Battle Shocked ability."
"necrons","the-silent-king","The Silent King","the-silent-king","","For the rest of the battle, add 1 to friendly units nearby's Leadership characteristic."
"necrons","the-stars-are-right","The Stars Are Right","orikan-the-diviner","","During the Fight phase, until the end of the phase: /   -> Add 3 to this model's Attacks characteristic. /   -> Add 3 to this model's Strength characteristic."
"necrons","the-vargard-s-duty","The Vargard’s Duty","vargard-obyron","","The unit has the Feel No Pain 4+ ability."
"necrons","their-number-is-legion","Their Number is Legion","necron-warriors","","Modify the unit's characteristics."
"necrons","timesplinter-mantle","Timesplinter Mantle","chronomancer","","After being attached to a unit, the attacking unit gets -1 to Hit rolls."
"necrons","titanic-walker","Titanic Walker","seraptek-heavy-construct","","This model has the Move Over Terrain ability."
"necrons","tools-of-dominion","Tools of Dominion","","","Modify the unit's characteristics."
"necrons","transdimensional-deployment","Transdimensional Deployment","","","The unit has the Deep Strike ability. / The unit gets +1 to Hit rolls."
"necrons","transdimensional-displacement","Transdimensional Displacement","transcendent-ctan","","During the Movement phase, if the unit Advanced this turn, until the end of the turn, this model has the Deep Strike ability."
"necrons","transient-madness","Transient Madness","nemesor-zahndrekh","","After being attached to a unit, until your next Command phase: /   -> The unit's weapons gain [LETHAL HITS]. /   -> The unit's weapons gain [SUSTAINED HITS 1]. /   -> The unit's weapons gain [DEVASTATING WOUNDS]."
"necrons","translocation-shroud","Translocation Shroud","overlord-with-translocation-shroud","","Until the end of the phase, add 6 to the unit's Move characteristic."
"necrons","triarch-abilities","Triarch Abilities","the-silent-king","","At the start of the battle round, until the end of the battle round, this model gains the Triarch Ability Selection ability."
"necrons","triarchal-menhirs","Triarchal Menhirs","the-silent-king","","Each time a model in this unit is destroyed, while this model leads a unit, destroy 1 model in the unit."
"necrons","tunnelling-horrors","Tunnelling Horrors","ophydian-destroyers","","At the end of the opponent's turn, unless engagement state, until the end of the turn, this model has the Deep Strike ability."
"necrons","united-in-destruction","United In Destruction","skorpekh-lord","","After being attached to a unit, the unit's weapons gain [LETHAL HITS]."
"necrons","vanguard-protocols","Vanguard Protocols","geomancer","","After being attached to a unit, the unit gains the Attached Unit Eligibility ability."
"necrons","weapon-sentinels","Weapon Sentinels","canoptek-tomb-crawlers","","During the Shooting phase, against A targets, ignore modifiers the unit's All rolls."
"necrons","whirling-onslaught","Whirling Onslaught","skorpekh-destroyers","","During the Fight phase, if the unit charged this turn, you can re-roll a Hit roll of 1."
"necrons","will-of-the-conqueror","Will of the Conqueror","","","Modify the unit's characteristics."
"necrons","wraith-form","Wraith Form","canoptek-wraiths","","Your unit suffers 1 mortal wound."
"necrons","ziggurat-dock","Ziggurat Dock","tomb-citadel-walls","","The unit's weapons gain [HEAVY]."
"orks","aerial-deployment","Aerial Deployment","chinork-warkopta","","If it starts in Strategic Reserves, in either player's turn or in either player's turn or in either player's turn, for the rest of the battle, this model has the Deep Strike ability."
"orks","ammo-runt","Ammo Runt","flash-gitz","","Until the end of the phase, the unit's weapons gain [LETHAL HITS]."
"orks","ard-case","’Ard Case","battlewagon","","Add 2 to this model's Toughness characteristic. / This model gains an ability."
"orks","armoured-duellists","Armoured Duellists","","","Modify the unit's characteristics."
"orks","attached-unit","Attached Unit","breaka-boyz","","After being attached to a unit, the unit gains the Attached Unit Eligibility ability."
"orks","beastboss","Beastboss","beastboss","","During the Fight phase, after being attached to a unit, the unit gets +1 to Hit rolls."
"orks","big-an-shooty","Big an’ Shooty","morkanaut","","While the Waaagh is active, the unit gets +1 to Hit rolls."
"orks","big-an-stompy","Big an’ Stompy","gorkanaut","","While the Waaagh is active, the unit gets +1 to Hit rolls."
"orks","big-bomms","Big Bomms","chinork-warkopta","","Once per battle, roll 6D6: for each 4+, the target suffers 1 mortal wound."
"orks","big-booms","Big Booms","kannonwagon","","During the Shooting phase, your unit suffers d3 mortal wounds."
"orks","big-gunz","BIG GUNZ","big-gunz","","This model gains the Flavor Text ability."
"orks","billowing-fumes-aura","Billowing Fumes (Aura)","boomdakka-snazzwagon","","The attacking unit gets -1 to Hit rolls."
"orks","blastajet-attack-run","Blastajet Attack Run","wazbom-blastajet","","During the Shooting phase, against A targets, you can re-roll a Hit roll of 1."
"orks","blastajet-force-field","Blastajet Force Field","wazbom-blastajet","","This model has a 4+ invulnerable save."
"orks","blitzkaptin","Blitzkaptin","","","Once per battle: / Select up to 3 friendly Orks Vehicle units: the unit gains the Redeploy ability."
"orks","boarding-ramps","Boarding Ramps","","","Modify the unit's characteristics."
"orks","bodyguard","Bodyguard","boyz","","This model gains the Extra Leader Attachment ability."
"orks","bomb-squig","Bomb Squig","squighog-boyz","","Once per battle, your unit suffers d3 mortal wounds."
"orks","bomb-squigs","Bomb Squigs","breaka-boyz","","Once per battle, your unit suffers d3 mortal wounds."
"orks","boom-bomb","Boom Bomb","blitza-bommer","","Your unit suffers d6 mortal wounds."
"orks","brutal-broadside","Brutal Broadside","","","Modify the unit's characteristics."
"orks","burna-bomb","Burna Bomb","burna-bommer","","Roll one D6 for each model in the target unit: for each 6+, the target suffers 1 mortal wound."
"orks","buzzer-squigs","Buzzer Squigs","rukkatrukk-squigbuggy","","During the Shooting phase, your unit gains the Post Attack Debuff ability."
"orks","clankin-forward","Clankin’ Forward","morkanaut","","This model has the Move Over Terrain ability."
"orks","da-bigger-dey-are-da-better-dey-drop","Da Bigger Dey Are, da Better Dey Drop","lifta-wagon","","When this model is destroyed, enemy units nearby suffer mortal wounds (Deadly Demise)."
"orks","da-bigger-dey-iz","Da Bigger Dey Iz…","mozrog-skragbad","","During the Fight phase, against TITANIC targets, add 1 to the unit's Damage characteristic."
"orks","da-biggest-and-da-best","Da Biggest and da Best","warboss","","Add 4 to the unit's Attacks characteristic."
"orks","da-biggest-booms","Da Biggest Booms","kill-krusha","","During the Shooting phase, enemy units nearby must take a Battle-shock test."
"orks","da-boss-ladz","Da Boss’ Ladz","nobz","","After being attached to a unit, the attacking unit gets -1 to Wound rolls."
"orks","da-jump-psychic","Da Jump (Psychic)","weirdboy","","Your unit suffers d6 mortal wounds."
"orks","da-revolushun","Da Revolushun!","da-red-gobbo","","After being attached to a unit, the unit gets +1 to Hit rolls."
"orks","dakka-dakka-dakka","Dakka! Dakka! Dakka!","","","Modify the unit's characteristics."
"orks","dakkastorm","Dakkastorm","dakkajet","","During the Shooting phase, the unit gets -1 to Hit rolls."
"orks","dat-s-our-loot","Dat’s Our Loot!","lootas","","During the Shooting phase, against A targets, you can re-roll a Hit roll of 1."
"orks","dead-brutal","Dead Brutal","warboss-in-mega-armour","","Modify this model's Damage characteristic to 3."
"orks","deadly-demise-1","Deadly Demise 1","megatrakk-scrapjet","","Before removing this model from the battlefield: /   -> Roll one D6: on a 6+, each enemy unit within 6"" suffers 1 mortal wound."
"orks","deadly-demise-2d6","Deadly Demise 2D6","stompa","","Before removing this model from the battlefield: /   -> Roll one D6: on a 6+, each enemy unit within 6"" suffers 2D6 mortal wounds."
"orks","deadly-demise-d3","Deadly Demise D3","weirdboy;biged-bossbunka","","Before removing this model from the battlefield: /   -> Roll one D6: on a 6+, each enemy unit within 6"" suffers D3 mortal wounds."
"orks","deadly-demise-d6","Deadly Demise D6","battlewagon","","Before removing this model from the battlefield: /   -> Roll one D6: on a 6+, each enemy unit within 6"" suffers D6 mortal wounds."
"orks","deadly-demise-d6-2","Deadly Demise D6+2","kill-krusha","","Before removing this model from the battlefield: /   -> Roll one D6: on a 6+, each enemy unit within 6"" suffers D6+2 mortal wounds."
"orks","deep-strike","Deep Strike","deffkoptas;deffkoptas-with-big-shootas","","The unit has the Deep Strike ability."
"orks","deff-from-above","Deff from Above","deffkoptas;deffkoptas-with-big-shootas","","Roll one D6 for each model in this unit: for each 4+, the target suffers 1 mortal wound."
"orks","deranged-snotling-assault","Deranged Snotling Assault","big-mek-with-shokk-attack-gun","","During the Shooting phase, enemy units nearby must take a Battle-shock test."
"orks","devastating-drift","Devastating Drift","","","Modify the unit's characteristics."
"orks","distraction-grot","Distraction Grot","kommandos","","During the Shooting phase, until the end of the phase, this model has a 5+ invulnerable save."
"orks","dok-s-toolz","Dok’s Toolz","painboy","","After being attached to a unit, the unit has the Feel No Pain 5+ ability."
"orks","drill-through","Drill Through","megatrakk-scrapjet","","Your unit suffers d3 mortal wounds."
"orks","drive-by-dakka","Drive-by Dakka","warbikers","","During the Shooting phase, against A targets, subtract 1 from the unit's Armour Penetration characteristic."
"orks","unstoppable-momentum-blitz-brigade","Unstoppable Momentum","","","If the unit disembarked from a Transport this turn, until the end of the turn: /   -> You can re-roll the Advance roll. /   -> You can re-roll the Charge roll."
"orks","feel-no-pain-5","Feel No Pain 5+","squighog-boyz","","The unit has the Feel No Pain 5+ ability."
"orks","feel-no-pain-6","Feel No Pain 6+","wurrboy","","The unit has the Feel No Pain 6+ ability."
"orks","ferocious-rage","Ferocious Rage","beastboss","","Until the end of the turn, the unit's weapons gain [DEVASTATING WOUNDS]."
"orks","firing-deck-11","Firing Deck 11","battlewagon;biged-bossbunka","","The unit gains the Firing Deck ability (11)."
"orks","firing-deck-12","Firing Deck 12","trukk","","The unit gains the Firing Deck ability (12)."
"orks","firing-deck-20","Firing Deck 20","gargantuan-squiggoth","","The unit gains the Firing Deck ability (20)."
"orks","firing-deck-22","Firing Deck 22","deff-rolla-battle-fortress","","The unit gains the Firing Deck ability (22)."
"orks","firing-deck-6","Firing Deck 6","kannonwagon","","The unit gains the Firing Deck ability (6)."
"orks","fix-dat-armour-up","Fix Dat Armour Up","big-mek-in-mega-armour","","After being attached to a unit, return 1 destroyed model to the unit with full wounds."
"orks","fortification","Fortification","biged-bossbunka","","Unless with pistol attacks, enemy units nearby get -1 to Hit rolls. / Enemy units nearby gain the Ignore Desperate Escape When Battle Shocked ability."
"orks","fuel-mixa-grot","Fuel-mixa Grot","deffkilla-wartrike","","Until the end of the phase, add 6 to the unit's Move characteristic."
"orks","full-throttle","Full Throttle","stormboyz","","The unit gains the Charge After Advance ability."
"orks","furious-barrage","Furious Barrage","grot-bomm-launcha","","During the Shooting phase, you can re-roll the Hit roll."
"orks","gargantuan","Gargantuan","gargantuan-squiggoth","","This model has the Move Over Terrain ability."
"orks","get-da-good-bitz","Get Da Good Bitz","boyz","","The unit retains control of objective markers even after no models remain in range, until the enemy retakes them (sticky objectives)."
"orks","ghazghkull-s-waaagh-banner-aura","Ghazghkull’s Waaagh! Banner (Aura)","ghazghkull-thraka","","The unit's weapons gain [LETHAL HITS]."
"orks","grot-assistant","Grot Assistant","big-mek-with-shokk-attack-gun","","Once per battle, the unit gains the Once Per Battle Special ability."
"orks","grot-oiler","Grot Oiler","big-mek-in-mega-armour","","Once per battle, return D3 destroyed models to this model with full wounds."
"orks","grot-orderly","Grot Orderly","painboy","","Once per battle, while the unit is below its starting strength, after being attached to a unit, return D3 destroyed models to the unit with full wounds."
"orks","grot-riggers","Grot Riggers","trukk","","Return 1 destroyed model to this model with full wounds."
"orks","gun-crazy-show-offs","Gun-crazy Show-offs","flash-gitz","","At targets closest eligible with snazzgun, until the end of the phase, modify this model's Attacks characteristic to 4."
"orks","has-yoo-been-a-good-little-grot-this-year","Has Yoo Been a Good Little Grot This Year?","da-red-gobbo","","Once per battle, during the Shooting phase, you can use one Stratagem on this model for 0CP."
"orks","hold-still-and-say-aargh","Hold Still and Say ‘Aargh!’","painboy","","Your unit suffers d6 mortal wounds."
"orks","impending-crunch","Impending Crunch","","","Modify the unit's characteristics."
"orks","impervious","Impervious","","","Modify the unit's characteristics."
"orks","infiltrators","Infiltrators","boss-snikrot","","Once per battle, the unit has the Infiltrators ability."
"orks","interceptor","Interceptor","attack-fighta","","During the Shooting phase, against A targets, the unit gets +1 to Hit rolls."
"orks","know-wotz","Know-wotz","mek","","This model gains the Lone Operative ability."
"orks","krumpin-time","Krumpin’ Time","meganobz","","The unit has the Feel No Pain 5+ ability."
"orks","kunnin-infiltrator","Kunnin’ Infiltrator","boss-snikrot","","Once per battle, the unit gains the Once Per Battle Special ability."
"orks","kustom-force-field","Kustom Force Field","big-mek-in-mega-armour","","During the Shooting phase, after being attached to a unit, this model has a 4+ invulnerable save."
"orks","leader","Leader","weirdboy","","The unit gains the Leader ability."
"orks","lone-operative","Lone Operative","boss-snikrot","","This model can only be targeted if it is the closest eligible target or within 12""."
"orks","mekaniak","Mekaniak","mek","","The unit gets +1 to Hit rolls."
"orks","mekanised-brutality","Mekanised Brutality","","","Modify the unit's characteristics."
"orks","might-is-right","Might is Right","warboss-in-mega-armour","","During the Fight phase, after being attached to a unit, the unit gets +1 to Hit rolls."
"orks","monster-hunters","Monster Hunters","beast-snagga-boyz","","You can re-roll the Hit roll."
"orks","more-dakka","More Dakka","big-mek","","During the Shooting phase, after being attached to a unit, you can re-roll a Hit roll of 1."
"orks","mount-up-ladz","Mount Up, Ladz","","","Modify the unit's characteristics."
"orks","on-da-hunt","On Da Hunt","hunta-rig","","Add 1 to the unit's Attacks characteristic."
"orks","one-last-kill","One Last Kill","mozrog-skragbad","","During the Fight phase, after being attached to a unit, each time this model is destroyed, it can fight before being removed from play."
"orks","outflank","Outflank","warbuggies","","When it arrives from Strategic Reserves, for the rest of the battle, the unit gains the Outflank Set Up in Opponent Deployment Zone ability."
"orks","patrol-squad","Patrol Squad","kommandos","","The unit gains the Combat Squads ability."
"orks","piston-driven-brutality","Piston-driven Brutality","deff-dread","","Your unit suffers d3 mortal wounds."
"orks","prophet-of-da-great-waaagh","Prophet of Da Great Waaagh!","ghazghkull-thraka","","During the Fight phase, after being attached to a unit: /   -> The unit gets +1 to Hit rolls. /   -> The unit gets +1 to Wound rolls."
"orks","pulsa-rokkit","Pulsa Rokkit","tankbustas","","During the Shooting phase, until the end of the phase, subtract 1 from the unit's Armour Penetration characteristic."
"orks","pyromaniaks","Pyromaniaks","burna-boyz;skorchas","","During the Shooting phase, you can re-roll a Wound roll of 1."
"orks","ramshackle-but-rugged","Ramshackle but Rugged","battlewagon","","Subtract 1 from the attacking unit's Armour Penetration characteristic."
"orks","ramshackle-cover","Ramshackle Cover","biged-bossbunka","","This model gains the Benefit of Cover ability."
"orks","red-skull-kommandos","Red Skull Kommandos","boss-snikrot","","After being attached to a unit, the unit gains the Benefit of Cover ability."
"orks","rivetin-dakka","Rivetin’ Dakka","kustom-boosta-blasta","","During the Shooting phase, the attacking unit gets -1 to Hit rolls."
"orks","roar-of-mork-psychic","Roar of Mork (Psychic)","wurrboy","","Your unit suffers d3 mortal wounds."
"orks","rollin-deff-da-gobshot-thunderbuss","Da Gobshot Thunderbuss","","","This model's weapons gain [DEVASTATING WOUNDS] and [HAZARDOUS]."
"orks","rollin-deff-dead-shiny-shootas","Dead Shiny Shootas","","","The unit's weapons gain [RAPID FIRE]."
"orks","rollin-deff-long-uncontrolled-bursts","Long, Uncontrolled Bursts","","","Modify the unit's characteristics."
"orks","rollin-deff-speshul-shells","Speshul Shells","","","Modify the unit's characteristics."
"orks","rolling-fortress","Rolling Fortress","deff-rolla-battle-fortress","","During the Shooting phase, the unit gains the Benefit of Cover ability."
"orks","run-em-down","Run ’em Down","","","Modify the unit's characteristics."
"orks","runnin-boots","Runnin’ Boots","","","If the unit disembarked from a Transport this turn, until the end of the turn, the unit gets +1 to Charge rolls."
"orks","runtherd","Runtherd","gretchin","","Modify this model's Toughness characteristic to 2."
"orks","sawbonez","Sawbonez","painboss","","Return 3 destroyed models to this model with full wounds."
"orks","shokk-boosta","Shokk-boosta","big-mek","","For the rest of the battle: / The unit gains the Re Roll Advance Characteristic Rolls ability. / At making normal advance or fallback move: /   -> The unit has the Through Terrain and Models ability. /   -> The unit has the Pass Through Engagement Range No End ability. /   -> The unit gains the Desperate Escape Auto Pass ability."
"orks","shokk-tunnel","Shokk Tunnel","shokkjump-dragsta","","At selected to advance, until the end of the turn, unless while an enemy unit is within 9"", this model has the Deep Strike ability; this model gains the Counts As Advanced This Turn ability."
"orks","shooty-power-trip","Shooty Power Trip","killa-kans","","Until the end of the phase: / Add 1 to the unit's Attacks characteristic. / Add 1 to the unit's Strength characteristic. / Your unit suffers d3 mortal wounds."
"orks","shoutin-pole-aura","Shoutin’ Pole (Aura)","biged-bossbunka","","Against orks targets, for the rest of the battle, add 1 to friendly units nearby's Leadership characteristic."
"orks","single-minded-predator","Single-minded Predator","beastboss-on-squigosaur","","You can use the Fire Overwatch or Heroic Stratagem on this model for 0CP."
"orks","small-bomms","Small Bomms","attack-fighta","","Roll 3D6: for each 4+, the target suffers 1 mortal wound."
"orks","sneaky-gitz","Sneaky Gitz","kommandos","","For the rest of the battle, this model: fire overwatch."
"orks","special-dose","Special Dose","zodgrod-wortsnagga","","Add 6 to the unit's Move characteristic."
"orks","speed-freeks","SPEED FREEKS","wartrakks;skorchas","","After being attached to a unit, the unit gains the Attached Unit Eligibility ability."
"orks","speedboss","Speedboss","deffkilla-wartrike","","During the Fight phase, after being attached to a unit, the unit gets +1 to Hit rolls."
"orks","spirit-of-gork-psychic","Spirit of Gork (Psychic)","kill-rig","","During the Fight phase, until the end of the phase: /   -> Add 1 to the unit's Strength characteristic. /   -> The unit's weapons gain [LETHAL HITS]. /   -> Your unit suffers d3 mortal wounds."
"orks","splat","Splat!","mek-gunz","","During the Shooting phase, against A targets, you can re-roll a Hit roll of 1."
"orks","squig-mine","Squig Mine","rukkatrukk-squigbuggy","","Once per battle, your unit suffers d6 mortal wounds."
"orks","stealth","Stealth","boss-snikrot","","The attacking unit gets -1 to Hit rolls."
"orks","stompin-forward","Stompin’ Forward","stompa","","This model has the Move Over Terrain ability."
"orks","strafing-run","Strafing Run","fighta-bommer","","During the Shooting phase, against A targets, the unit gets +1 to Hit rolls."
"orks","super-runts","Super Runts","zodgrod-wortsnagga","","After being attached to a unit: /   -> The unit gets +1 to Hit rolls. /   -> The unit gets +1 to Wound rolls."
"orks","supercharged-squig-oil","Supercharged Squig Oil","","","Modify the unit's characteristics."
"orks","supreme-commander","Supreme Commander","ghazghkull-thraka","","This model must be your Warlord."
"orks","tank-hunters","Tank Hunters","tankbustas","","During the Shooting phase: /   -> The unit gets +1 to Hit rolls. /   -> The unit gets +1 to Wound rolls."
"orks","targetin-gizmos","Targetin’ Gizmos","","","Modify the unit's characteristics."
"orks","thievin-scavengers","Thievin’ Scavengers","gretchin","","You gain 1CP."
"orks","thundering-stampede","Thundering Stampede","beastboss-on-squigosaur","","While this model leads a unit, for the rest of the battle, the unit gets +1 to Charge rolls."
"orks","thundering-wagons","Thundering Wagons","","","Modify the unit's characteristics."
"orks","trophy-hunters","Trophy Hunters","breaka-boyz","","You can re-roll the Charge roll."
"orks","tuff-git","Tuff Git","","","Modify the unit's characteristics."
"orks","unstable-oracle","Unstable Oracle","wurrboy","","After being attached to a unit, add 2 to the unit's Attacks characteristic."
"orks","waaagh","Waaagh!","biged-bossbunka;deffkoptas-with-big-shootas;skorchas","","Once per battle, until your next Command phase: /   -> The unit gains the Charge After Advance ability. /   -> Add 1 to the unit's Strength characteristic (melee). /   -> Add 1 to the unit's Attacks characteristic (melee). /   -> The unit has a 5+ invulnerable save."
"orks","waaagh-effigy-aura","Waaagh! Effigy (Aura)","stompa","","If the unit has the ORKS keyword, for the rest of the battle, add 1 to the Leadership characteristic of friendly units nearby."
"orks","waaagh-energy","Waaagh! Energy","weirdboy","","After being attached to a unit: /   -> Add 1 to the unit's Strength characteristic. /   -> Add 1 to the unit's Damage characteristic."
"orks","walking-bastion","Walking Bastion","gargantuan-squiggoth","","During the Shooting phase, ignore engagement penalty this model's Hit rolls."
"orks","wild-ride","Wild Ride","squighog-boyz","","Ignore modifiers the unit's All rolls."
"orks","yooz-in-trouble-now","Yooz in Trouble Now","","","Modify the unit's characteristics."
"tau-empire","advanced-armour","Advanced Armour","broadside-battlesuits","","The unit has the Feel No Pain 4+ ability."
"tau-empire","advanced-guardian-drone","Advanced Guardian Drone","commander-shadowsun","","During the Shooting phase, the unit gets -1 to Wound rolls."
"tau-empire","advanced-scouting","Advanced Scouting","kroot-lone-spear","","During the Shooting phase, until the end of the turn, you can re-roll the Hit roll."
"tau-empire","aggressive-deployment","Aggressive Deployment","manta","","During the Shooting phase, until the end of the phase, you can re-roll the Wound roll."
"tau-empire","agile-combatant","Agile Combatant","commander-shadowsun","","The unit is eligible to shoot and declare a charge in a turn in which it Fell Back."
"tau-empire","air-caste-colossus","Air Caste Colossus","manta","","At stratagem targeting, spend 3 CP."
"tau-empire","airborne-agility","Airborne Agility","vespid-stingwings","","The unit has the Redeploy to Reserves ability."
"tau-empire","armour-hunter","Armour Hunter","hammerhead-gunship","","The unit gets +1 to Hit rolls."
"tau-empire","autoreactive-camouflage","Autoreactive Camouflage","","","Modify the unit's characteristics."
"tau-empire","baggage-harness-aura","Baggage Harness (Aura)","great-knarloc","","The unit's weapons gain [SUSTAINED HITS 1]."
"tau-empire","battlesuit-support-system","Battlesuit Support System","riptide-battlesuit","","The unit is eligible to shoot and declare a charge in a turn in which it Fell Back."
"tau-empire","battlesuit-support-systems","Battlesuit Support Systems","crisis-starscythe-battlesuits","","The unit is eligible to shoot and declare a charge in a turn in which it Fell Back."
"tau-empire","bodyguard","Bodyguard","kroot-carnivores","","Modify the unit's characteristics."
"tau-empire","bounty-hunters","Bounty Hunters","kroot-farstalkers","","The unit's weapons gain [LETHAL HITS]. / The unit's weapons gain [PRECISION]."
"tau-empire","breach-and-clear","Breach and Clear","breacher-team","","During the Shooting phase, you can re-roll the Wound roll."
"tau-empire","coldstar-commander","Coldstar Commander","commander-in-coldstar-battlesuit","","After being attached to a unit, modify this model's Move characteristic to 12."
"tau-empire","command-link-drone-aura","Command-link Drone (Aura)","commander-shadowsun","","You gain 1CP."
"tau-empire","coordinated-leadership","Coordinated Leadership","ethereal","","You gain 1CP."
"tau-empire","coordinated-strike","Coordinated Strike","taunar-supremacy-armour","","If the unit has the Guided keyword, against Spotted targets, until the end of the phase, you can re-roll a Hit roll of 1."
"tau-empire","crack-shot","Crack Shot","cadre-fireblade","","During the Shooting phase, subtract 3 from the unit's Armour Penetration characteristic."
"tau-empire","deadly-demise-1","Deadly Demise 1","piranhas","","Before removing this model from the battlefield: /   -> Roll one D6: on a 6+, each enemy unit within 6"" suffers 1 mortal wound."
"tau-empire","deadly-demise-3d6","Deadly Demise 3D6","manta","","Before removing this model from the battlefield: /   -> Roll one D6: on a 6+, each enemy unit within 6"" suffers 3D6 mortal wounds."
"tau-empire","deadly-demise-d3","Deadly Demise D3","sun-shark-bomber","","Before removing this model from the battlefield: /   -> Roll one D6: on a 6+, each enemy unit within 6"" suffers D3 mortal wounds."
"tau-empire","deadly-demise-d6","Deadly Demise D6","riptide-battlesuit","","Before removing this model from the battlefield: /   -> Roll one D6: on a 6+, each enemy unit within 6"" suffers D6 mortal wounds."
"tau-empire","deadly-demise-d6-2","Deadly Demise D6+2","tiger-shark","","Before removing this model from the battlefield: /   -> Roll one D6: on a 6+, each enemy unit within 6"" suffers D6+2 mortal wounds."
"tau-empire","deadly-demise-d6-3","Deadly Demise D6+3","taunar-supremacy-armour","","Before removing this model from the battlefield, until the end of the phase: /   -> Roll one D6: on exactly 6, enemy units nearby suffer D6 mortal wounds; friendly units nearby suffer D6 mortal wounds."
"tau-empire","deep-strike","Deep Strike","crisis-fireknife-battlesuits","","The unit has the Deep Strike ability."
"tau-empire","drone-escort","Drone Escort","heavy-gun-drones","","During the Shooting phase, the unit gains the Once Per Round Special ability."
"tau-empire","drone-harassment-tactics","Drone Harassment Tactics","piranhas","","Enemy units nearby must take a Battle-shock test."
"tau-empire","droneport","Droneport","tidewall-droneport","","During the Shooting phase, until the end of the phase, this model gains the Multi Target Attack ability."
"tau-empire","drones","Drones","","","During the Shooting phase, the unit gets -1 to Wound rolls."
"tau-empire","ds8-support-turret","DS8 Support Turret","strike-team","","This model gains the Flavor Text ability."
"tau-empire","enforcer-commander","Enforcer Commander","commander-in-enforcer-battlesuit","","During the Shooting phase, after being attached to a unit, subtract 1 from the attacking unit's Armour Penetration characteristic."
"tau-empire","exemplars-of-mont-ka","Exemplars of Mont’ka","the-twin-lance","","During the Shooting phase: /   -> The unit's weapons gain [SUSTAINED HITS 1]. /   -> The unit's weapons gain [IGNORES COVER]."
"tau-empire","expert-fieldcraft","Expert Fieldcraft","","","Modify the unit's characteristics."
"tau-empire","failure-is-not-an-option","Failure Is Not an Option","ethereal","","After being attached to a unit, the unit has the Feel No Pain 5+ ability."
"tau-empire","fieldcraft","Fieldcraft","kroot-carnivores","","The unit retains control of objective markers even after no models remain in range, until the enemy retakes them (sticky objectives)."
"tau-empire","fire-and-fade","Fire and Fade","kroot-lone-spear","","During the Shooting phase, until the end of the turn, the unit has the Shoot and Scoot ability."
"tau-empire","fireknife","Fireknife","crisis-fireknife-battlesuits","","During the Shooting phase, against A targets, you can re-roll a Hit roll of 1."
"tau-empire","firing-deck-11","Firing Deck 11","tidewall-gunrig","","The unit gains the Firing Deck ability (11)."
"tau-empire","firing-deck-20","Firing Deck 20","tidewall-shieldline","","The unit gains the Firing Deck ability (20)."
"tau-empire","for-the-greater-good","For the Greater Good","taunar-supremacy-armour","","During the Shooting phase, against SPOTTED targets, until the end of the phase: /   -> The unit gets +1 to Hit rolls. /   -> The unit's weapons gain [IGNORES COVER]."
"tau-empire","fortification","Fortification","tidewall-gunrig","","During the Shooting phase, the attacking unit gets -1 to Hit rolls."
"tau-empire","forward-observers","Forward Observers","stealth-battlesuits","","During the Shooting phase, until the end of the phase: /   -> You can re-roll a Hit roll of 1. /   -> You can re-roll a Wound roll of 1."
"tau-empire","grav-inhibitor-drone","Grav-inhibitor Drone","pathfinder-team","","For the rest of the battle, your unit gets -2 to Charge rolls."
"tau-empire","ground-strike-fighter","Ground Strike Fighter","razorshark-strike-fighter","","During the Shooting phase, the unit gets +1 to Hit rolls."
"tau-empire","guardian-drone","Guardian Drone","strike-team","","During the Shooting phase, the unit gets -1 to Wound rolls."
"tau-empire","gun-drone","Gun Drone","crisis-fireknife-battlesuits","","This model gains the Ranged Weapon ability."
"tau-empire","heavy-walker","Heavy Walker","stormsurge","","This model has the Move Over Terrain ability."
"tau-empire","hero-of-the-empire-aura","Hero of the Empire (Aura)","commander-shadowsun","","During the Shooting phase, you can re-roll a Hit roll of 1."
"tau-empire","homing-beacon","Homing Beacon","stealth-battlesuits","","Once per battle, you can use one Stratagem on this model for 0CP."
"tau-empire","hover","Hover","manta","","This model has the Hover ability."
"tau-empire","hover-drone","Hover Drone","ethereal","","Modify this model's Move characteristic to 10."
"tau-empire","hunting-hounds","Hunting Hounds","kroot-hounds","","If within 12"" of friendly kroot character, modify the unit's Objective Control characteristic to 1."
"tau-empire","independent-power","Independent Power","commander-farsight","","This model gains the Farsight Ethereal Mutual Exclusion ability."
"tau-empire","infiltrators","Infiltrators","stealth-battlesuits","","Once per battle, the unit has the Infiltrators ability."
"tau-empire","jammer-array","Jammer Array","darkstrider","","During the Reserves phase, for the rest of the battle, enemy units nearby: prevent reserve setup (within 12"")."
"tau-empire","jet-pack-insertion","Jet Pack Insertion","orca-dropship","","This model has the Deep Strike ability."
"tau-empire","kroot-ambush","Kroot Ambush","kroot-trail-shaper","","Modify the unit's characteristics."
"tau-empire","kroot-linebreakers","Kroot Linebreakers","krootox-rampagers","","Your unit suffers d3 mortal wounds."
"tau-empire","kroot-packmates","Kroot Packmates","krootox-riders","","During the Shooting phase, the unit gains the Once Per Round Special ability."
"tau-empire","leader","Leader","ethereal","","The unit gains the Leader ability."
"tau-empire","lone-operative","Lone Operative","commander-shadowsun","","This model can only be targeted if it is the closest eligible target or within 12""."
"tau-empire","loping-pounce","Loping Pounce","kroot-hounds","","Until the end of the turn, the unit gains the Charge After Advance ability."
"tau-empire","loping-stride","Loping Stride","great-knarloc","","Until the end of the phase, add 6 to the unit's Move characteristic."
"tau-empire","marker-beacon","Marker Beacon","","","Modify the unit's characteristics."
"tau-empire","marker-drone","Marker Drone","crisis-fireknife-battlesuits","","The unit's weapons gain [MARKERLIGHT]. / The unit gains an ability."
"tau-empire","markerlight","Markerlight","heavy-gun-drones","","This model's weapons gain [MARKERLIGHT]."
"tau-empire","microdrone-support","Microdrone Support","","","Modify the unit's characteristics."
"tau-empire","missile-drone","Missile Drone","riptide-battlesuit","","This model gains the Ranged Weapon ability."
"tau-empire","mv15-gun-drone","MV15 Gun Drone","the-twin-lance","","This model gains the Weapon ability."
"tau-empire","negation-emitters","Negation Emitters","","","Modify the unit's characteristics."
"tau-empire","neocapacitor-shields","Neocapacitor Shields","the-twin-lance","","Until the end of the turn, enemy units nearby must take a Battle-shock test."
"tau-empire","nova-charge","Nova Charge","riptide-battlesuit","","During the Shooting phase, until the end of the phase, the unit's weapons gain [DEVASTATING WOUNDS]."
"tau-empire","orbital-comms-array-aura","Orbital Comms Array (Aura)","remote-sensor-tower","","You gain 1CP."
"tau-empire","outflank","Outflank","tx42-piranha","","The unit has the Deep Strike ability."
"tau-empire","oversight-drone","Oversight Drone","vespid-stingwings","","Until the end of the phase, the unit's weapons gain [IGNORES COVER]."
"tau-empire","pech-ra","Pech’ra","kroot-farstalkers","","The unit's weapons gain [IGNORES COVER]."
"tau-empire","photon-casters","Photon Casters","xv9-hazard-battlesuits","","Modify the unit's characteristics."
"tau-empire","precise-targeting","Precise Targeting","firesight-team","","Against SPOTTED targets, you can re-roll the Hit roll."
"tau-empire","pulse-accelerator-drone","Pulse Accelerator Drone","pathfinder-team","","The unit gains the Weapon Range Increase ability."
"tau-empire","pulse-bombs","Pulse Bombs","sun-shark-bomber","","Your unit suffers 1 mortal wound."
"tau-empire","puretide-s-teachings","Puretide’s Teachings","commander-farsight","","Once per battle, you can use one Stratagem on this model for 0CP."
"tau-empire","rapid-deployment","Rapid Deployment","devilfish","","The unit gains the Transport Disembark Modifier ability."
"tau-empire","recon-drone","Recon Drone","pathfinder-team","","This model gains the Weapon Grant ability. / The unit gains the Infiltrators ability."
"tau-empire","reinforced-cover","Reinforced Cover","drone-sentry-turret","","During the Shooting phase, the unit gains the Benefit of Cover ability."
"tau-empire","retro-thrusters","Retro-thrusters","the-twin-lance","","During the Fight phase, the unit is eligible to shoot and declare a charge in a turn in which it Fell Back."
"tau-empire","rites-of-feasting","Rites of Feasting","kroot-flesh-shaper","","During the Fight phase, after being attached to a unit, the unit has the Feel No Pain 6+ ability."
"tau-empire","ritual-butchery","Ritual Butchery","kroot-flesh-shaper","","After being attached to a unit, the unit's weapons gain [SUSTAINED HITS 1]."
"tau-empire","root-of-honour","Root of Honour","kroot-war-shaper","","Once per battle, the unit gains the Once Per Battle Special ability."
"tau-empire","scouts-7","Scouts 7""","krootox-rampagers","","Once per battle, the unit has the Scouts 7"" ability."
"tau-empire","scouts-8","Scouts 8""","the-twin-lance","","Once per battle, the unit has the Scouts 8"" ability."
"tau-empire","scouts-9","Scouts 9""","piranhas","","Once per battle, the unit has the Scouts 9"" ability."
"tau-empire","sentinel-protocols","Sentinel Protocols","drone-sentry-turret","","The unit gets -5 to Hit rolls (overwatch)."
"tau-empire","shield-drone","Shield Drone","crisis-fireknife-battlesuits","","Add 1 to this model's Wounds characteristic."
"tau-empire","shield-generator","Shield Generator","commander-in-coldstar-battlesuit","","This model has a 4+ invulnerable save."
"tau-empire","starscythe","Starscythe","crisis-starscythe-battlesuits","","During the Shooting phase, subtract 1 from the unit's Armour Penetration characteristic."
"tau-empire","stealth","Stealth","stealth-battlesuits","","The attacking unit gets -1 to Hit rolls."
"tau-empire","stealth-drones","Stealth Drones","ghostkeel-battlesuit","","Each time an attack targets this model, reduce the Damage of that attack to 0."
"tau-empire","strafing-run","Strafing Run","tiger-shark","","During the Shooting phase, enemy units nearby must take a Battle-shock test."
"tau-empire","structural-analyser","Structural Analyser","darkstrider","","During the Shooting phase, after being attached to a unit, the unit gets +1 to Wound rolls."
"tau-empire","sunforge","Sunforge","crisis-sunforge-battlesuits","","During the Shooting phase: /   -> You can re-roll the Wound roll. /   -> You can re-roll the Damage roll."
"tau-empire","super-heavy-walker","Super-heavy Walker","taunar-supremacy-armour","","Until the end of the turn, this model has the Normal Advance Fallback ability."
"tau-empire","support-system","Support System","stormsurge","","During the Shooting phase, ignore modifiers the unit's All rolls."
"tau-empire","suppression-volley","Suppression Volley","strike-team","","During the Shooting phase, the attacking unit gets -1 to Hit rolls."
"tau-empire","supreme-commander","Supreme Commander","commander-shadowsun","","This model must be your Warlord."
"tau-empire","target-uploaded","Target Uploaded","pathfinder-team","","The unit's weapons gain [IGNORES COVER]."
"tau-empire","targeting-array","Targeting Array","sky-ray-gunship","","You can re-roll the Hit roll."
"tau-empire","thunderous-pounce","Thunderous Pounce","knarloc-riders","","If the unit charged this turn, until the end of the turn, this model's weapons gain [LANCE]."
"tau-empire","tidewall-cover","Tidewall Cover","tidewall-gunrig","","During the Shooting phase, the unit gains the Benefit of Cover ability."
"tau-empire","tidewall-defence-platform","Tidewall Defence Platform","tidewall-shieldline","","Modify this model's Wounds characteristic to 15."
"tau-empire","titan-hunter","Titan Hunter","ax-1-0-tiger-shark","","While an enemy unit is within half range of its ranged weapons, until the end of the phase, this model's ranged weapons gain [ANTI TITANIC 3PLUS]."
"tau-empire","titan-killer","Titan-killer","stormsurge","","During the Shooting phase, you can re-roll the Hit roll."
"tau-empire","trail-finding","Trail Finding","kroot-trail-shaper","","The unit has the Reactive Move ability."
"tau-empire","transport-bay","Transport Bay","tiger-shark","","This model's weapons gain [TRANSPORT]."
"tau-empire","unmasking-suite","Unmasking Suite","","","Modify the unit's characteristics."
"tau-empire","velocity-tracker","Velocity Tracker","sky-ray-gunship","","During the Shooting phase, against A targets, you can re-roll the Hit roll."
"tau-empire","volley-fire","Volley Fire","cadre-fireblade","","After being attached to a unit, add 1 to the unit's Attacks characteristic."
"tau-empire","war-leader","War Leader","kroot-war-shaper","","Once per battle, you can use one Stratagem on this model for 0CP."
"tau-empire","way-of-the-short-blade","Way of the Short Blade","commander-farsight","","After being attached to a unit, the unit gets +1 to Wound rolls."
"tau-empire","weapon-support-system","Weapon Support System","riptide-battlesuit","","During the Shooting phase, ignore modifiers the unit's All rolls."
"tau-empire","weapon-support-systems","Weapon Support Systems","crisis-fireknife-battlesuits","","During the Shooting phase, ignore modifiers the unit's All rolls."
"thousand-sons","aetherstride-psychic","Aetherstride (Psychic)","daemon-prince-of-tzeentch-with-wings","","During the Movement phase, when it arrives as Reinforcements, until the end of the turn: /   -> This model has the Deep Strike ability. /   -> This model's Dark Blessing gains [SUSTAINED HITS D3]. /   -> This model: charge."
"thousand-sons","airborne-predator","Airborne Predator","heldrake","","Against A targets, the unit gets +1 to Hit rolls."
"thousand-sons","all-seeing-mutant-hordes","All-Seeing Mutant Hordes","","","For the rest of the battle: / All friendly units' weapons gain [BATTLELINE]. / During the Shooting phase, all enemy units gain the Detection Range Modifier ability. / Applies to: units with Thousand Sons."
"thousand-sons","ambushing-hunters","Ambushing Hunters","tzaangors","","The unit has the Redeploy to Reserves ability."
"thousand-sons","annihilator","Annihilator","chaos-predator-annihilator","","During the Shooting phase, you can re-roll the Damage roll."
"thousand-sons","arcane-might","Arcane Might","","","Modify the unit's characteristics."
"thousand-sons","arcane-shield-psychic","Arcane Shield (Psychic)","exalted-sorcerer","","After being attached to a unit, this model has a 4+ invulnerable save."
"thousand-sons","arcane-venting","Arcane Venting","","","Until the end of the phase, the objective is marked as secured. / Applies to: units with Sekhetar Robots."
"thousand-sons","arch-sorcerer-of-tzeentch-psychic","Arch-Sorcerer of Tzeentch (Psychic)","ahriman","","For the rest of the battle, add 1 to the Leadership characteristic of this model."
"thousand-sons","assault-ramp","Assault Ramp","chaos-land-raider","","The unit gains the Transport Disembark Modifier ability."
"thousand-sons","assault-vehicle","Assault Vehicle","chaos-rhino","","The unit gains the Transport Disembark Modifier ability."
"thousand-sons","barrage-of-filth","Barrage of Filth","defiler","","During the Shooting phase, until the end of the phase, the unit gains the Benefit of Cover ability."
"thousand-sons","bestial-prophet","Bestial Prophet","tzaangor-shaman","","After being attached to a unit, the unit gets +1 to Hit rolls."
"thousand-sons","binding-tendrils-psychic","Binding Tendrils (Psychic)","exalted-sorcerer-on-disc-of-tzeentch","","During the Shooting phase, after shooting, if disposition matches, against INFANTRY targets, with Arcane Fire attacks, until the end of the battle round: /   -> Subtract 2 from the unit's Move characteristic. /   -> The unit gets -2 to Charge rolls."
"thousand-sons","blazing-salvoes","Blazing Salvoes","forgefiend","","During the Shooting phase, the attacking unit gets -1 to Hit rolls."
"thousand-sons","blood-hungry-annihilator","Blood-hungry Annihilator","chaos-predator-annihilator","","During the Shooting phase: /   -> You can re-roll the Wound roll. /   -> You can re-roll the Damage roll."
"thousand-sons","brayhorn","Brayhorn","tzaangors","","You can re-roll the Charge roll."
"thousand-sons","bringers-of-change","Bringers of Change","rubric-marines","","During the Shooting phase, against A targets, you can re-roll a Wound roll of 1."
"thousand-sons","cabal-of-sorcerers","Cabal of Sorcerers","","","During the Shooting phase, until the end of the phase: /   -> You can re-roll a Hit roll of 1. /   -> Subtract 1 from the unit's Armour Penetration characteristic. /   -> Your unit suffers d3 mortal wounds."
"thousand-sons","chaos-familiar","Chaos Familiar","sorcerer-in-terminator-armour","","Once per battle, each time an attack targets this model, reduce the Damage of that attack to 0."
"thousand-sons","curse-of-life","Curse of Life","","","This model gains the Heal Bonus ability. / Applies to: units with Thousand Sons, Psyker (excluding Monster)."
"thousand-sons","daemonforge","Daemonforge","defiler","","Modify the unit's characteristics."
"thousand-sons","daemonic-ordnance","Daemonic Ordnance","forgefiend","","Until the end of the phase, the unit's weapons gain [DEVASTATING WOUNDS]."
"thousand-sons","damaged-1-6-wounds-remaining","Damaged: 1-6 Wounds Remaining","defiler","","Modify the unit's characteristics."
"thousand-sons","dark-ascension-aura","Dark Ascension (Aura)","helbrute","","Modify the unit's characteristics."
"thousand-sons","deadly-demise-1","Deadly Demise 1","helbrute","","Before removing this model from the battlefield: /   -> Roll one D6: on a 6+, each enemy unit within 6"" suffers 1 mortal wound."
"thousand-sons","deadly-demise-d3","Deadly Demise D3","chaos-vindicator","","Before removing this model from the battlefield: /   -> Roll one D6: on a 6+, each enemy unit within 6"" suffers D3 mortal wounds."
"thousand-sons","deadly-demise-d6","Deadly Demise D6","mutalith-vortex-beast;defiler","","Before removing this model from the battlefield: /   -> Roll one D6: on a 6+, each enemy unit within 6"" suffers D6 mortal wounds."
"thousand-sons","death-hex-psychic","Death Hex (Psychic)","sorcerer-in-terminator-armour","","During the Shooting phase: /   -> Subtract 1 from the unit's Armour Penetration characteristic. /   -> Your unit suffers d3 mortal wounds."
"thousand-sons","deep-strike","Deep Strike","scarab-occult-terminators","","The unit has the Deep Strike ability."
"thousand-sons","destroyer-of-futures","Destroyer of Futures","defiler","","The unit gets -5 to Hit rolls (overwatch)."
"thousand-sons","destructor","Destructor","chaos-predator-destructor","","During the Shooting phase, subtract 1 from the unit's Armour Penetration characteristic."
"thousand-sons","devoted-to-destruction","Devoted to Destruction","helbrute","","Add 2 to the unit's Attacks characteristic."
"thousand-sons","diseased-malice","Diseased Malice","helbrute","","Against AFFLICTED targets, the unit gets +1 to Wound rolls."
"thousand-sons","ectoplasmic-extrusion","Ectoplasmic Extrusion","","","Until the end of the phase, the unit gains the Shoot After Action ability. / Applies to: units with Sekhetar Robots."
"thousand-sons","empowered-manifestation","Empowered Manifestation","","","Modify the unit's characteristics."
"thousand-sons","empyric-guidance-psychic","Empyric Guidance (Psychic)","sorcerer","","After being attached to a unit, the unit's weapons gain [LETHAL HITS]."
"thousand-sons","empyric-onslaught","Empyric Onslaught","","","Modify the unit's characteristics."
"thousand-sons","ensorcelled-animus","Ensorcelled Animus","","","For the rest of the battle: / All friendly units' weapons gain [PSYCHIC]. / Add 1 to friendly units nearby's Weapon Skill characteristic (melee). / Applies to: units with Thousand Sons."
"thousand-sons","ensorcelled-annihilation","Ensorcelled Annihilation","chaos-predator-annihilator","","During the Shooting phase: /   -> You can re-roll the Hit roll. /   -> You can re-roll the Damage roll."
"thousand-sons","ensorcelled-destruction","Ensorcelled Destruction","chaos-predator-destructor","","During the Shooting phase, against A targets, subtract 1 from the unit's Armour Penetration characteristic."
"thousand-sons","eruption-of-vitality","Eruption of Vitality","","","For the rest of the battle, return 1 destroyed model to this model with 3 wounds. / Applies to: units with Thousand Sons, Psyker (excluding Monster)."
"thousand-sons","feel-no-pain-5","Feel No Pain 5+","mutalith-vortex-beast","","The unit has the Feel No Pain 5+ ability."
"thousand-sons","feel-no-pain-6","Feel No Pain 6+","defiler","","The unit has the Feel No Pain 6+ ability."
"thousand-sons","fire-support","Fire Support","chaos-rhino","","During the Shooting phase, until the end of the phase, you can re-roll the Wound roll."
"thousand-sons","firing-deck-2","Firing Deck 2","chaos-rhino","","The unit gains the Firing Deck ability (2)."
"thousand-sons","flame-wreathed","Flame-wreathed","heldrake","","Until the end of the turn, the unit gains the Benefit of Cover ability."
"thousand-sons","flow-of-magic","Flow of Magic","","","Modify the unit's characteristics."
"thousand-sons","frenzy","Frenzy","helbrute","","Modify the unit's characteristics."
"thousand-sons","froth-spattered-frenzy","Froth-spattered Frenzy","helbrute","","Add 2 to the unit's Attacks characteristic."
"thousand-sons","furious-onslaught","Furious Onslaught","forgefiend","","During the Shooting phase, you can re-roll the Hit roll."
"thousand-sons","gift-of-chaos-psychic","Gift of Chaos (Psychic)","sorcerer","","Your unit suffers d3 mortal wounds."
"thousand-sons","glamour-of-tzeentch-aura-psychic","Glamour of Tzeentch (Aura, Psychic)","daemon-prince-of-tzeentch","","If the unit has the THOUSAND SONS keyword, if the unit has the INFANTRY keyword, friendly units nearby's weapons gain [STEALTH]."
"thousand-sons","glimpse-of-eternity-psychic","Glimpse of Eternity (Psychic)","infernal-master","","This model gets -6 to Any rolls."
"thousand-sons","glutton-for-punishment","Glutton for Punishment","maulerfiend","","While the unit is below its starting strength, while the unit is below half strength: /   -> The unit gets +1 to Hit rolls. /   -> The unit gets +1 to Wound rolls."
"thousand-sons","hail-of-corrosive-disease","Hail of Corrosive Disease","chaos-predator-destructor","","During the Shooting phase, until the end of the phase, subtract 1 from the unit's Armour Penetration characteristic."
"thousand-sons","herd-banner","Herd banner","tzaangors","","If within range of an objective, if you control 1+ objectives, for the rest of the battle, add 1 to the unit's Leadership characteristic."
"thousand-sons","hover","Hover","heldrake","","This model has the Hover ability."
"thousand-sons","hunter-of-souls","Hunter of Souls","daemon-prince-of-tzeentch-with-wings","","Against CHARACTER targets: /   -> You can re-roll a Hit roll of 1. /   -> You can re-roll a Wound roll of 1."
"thousand-sons","icon-of-flame","Icon of Flame","rubric-marines","","The unit's weapons gain [IGNORES COVER]."
"thousand-sons","illusions-of-tzeentch-psychic","Illusions of Tzeentch (Psychic)","exalted-sorcerer-on-disc-of-tzeentch","","While this model leads a unit, for the rest of the battle, the unit: ranged attacks only within 18."
"thousand-sons","immaterial-flare-aura","Immaterial Flare (Aura)","mutalith-vortex-beast","","Modify the unit's characteristics."
"thousand-sons","infiltrators","Infiltrators","sekhetar-robots","","Once per battle, the unit has the Infiltrators ability."
"thousand-sons","kaleidoscopic-tempest","Kaleidoscopic Tempest","","","Modify the unit's characteristics."
"thousand-sons","leader","Leader","tzaangor-shaman","","The unit gains the Leader ability."
"thousand-sons","lethal-ichor","Lethal Ichor","chaos-spawn","","During the Fight phase, your unit suffers 1 mortal wound."
"thousand-sons","lord-of-the-planet-of-the-sorcerers-psychic","Lord of the Planet of the Sorcerers (Psychic)","magnus-the-red","","For the rest of the battle: / This model gains the Extra Ritual Attempt ability. / Add 2 to the Psychic test of this model."
"thousand-sons","malefic-maelstrom-psychic","Malefic Maelstrom (Psychic)","infernal-master","","After being attached to a unit, the unit's weapons gain [SUSTAINED HITS 1]."
"thousand-sons","malign-trickery","Malign Trickery","tzaangor-enlightened-with-fatecaster-greatbows","","The unit has the Reactive Move ability."
"thousand-sons","marked-by-fate-psychic","Marked by Fate (Psychic)","sorcerer-in-terminator-armour","","During the Shooting phase, until the end of the phase, the unit gets +1 to Hit rolls."
"thousand-sons","meet-any-challenge","Meet Any Challenge","chaos-rhino","","The unit has the Reactive Move ability."
"thousand-sons","metalophagic-infection","Metalophagic Infection","chaos-predator-annihilator","","During the Shooting phase, your unit suffers d3 mortal wounds."
"thousand-sons","mind-breaking-mutations-aura","Mind-breaking Mutations (Aura)","chaos-spawn","","Modify the unit's characteristics."
"thousand-sons","multitudinous-limbs","Multitudinous Limbs","","","Until the end of the phase, the unit gains the Act After Move ability. / Applies to: units with Thousand Sons, Psyker."
"thousand-sons","mutagenic-magicks","Mutagenic Magicks","","","Until the end of the phase, roll 6D6: for each 4+, enemy units nearby suffer 1 mortal wound."
"thousand-sons","mutating-vortex-aura","Mutating Vortex (Aura)","mutalith-vortex-beast","","Your unit suffers 1 mortal wound."
"thousand-sons","noctilith-mantle","Noctilith Mantle","","","Modify the unit's characteristics."
"thousand-sons","occulus-infernum","Occulus Infernum","","","During the Movement phase, until the end of the turn, add 1 to friendly units nearby's Ballistic Skill characteristic (ranged). / Applies to: units with Thousand Sons, Sorcerer."
"thousand-sons","pact-of-sorcery","Pact of Sorcery","","","This model: army composition rule."
"thousand-sons","prescience-psychic","Prescience (Psychic)","sorcerer","","After being attached to a unit, the attacking unit gets -1 to Hit rolls."
"thousand-sons","prismatic-displacement","Prismatic Displacement","","","Until the end of the turn: / The unit's weapons gain [ASSAULT]. / The unit gains the Act After Move ability. / Applies to: units with Mutant."
"thousand-sons","prophesied-doom","Prophesied Doom","tzaangor-enlightened","","Your unit suffers 1 mortal wound."
"thousand-sons","prophetic-sentinels","Prophetic Sentinels","sekhetar-robots","","Once per battle, you can use the Fire Overwatch or Heroic Stratagem on this model for 0CP."
"thousand-sons","punishing-suppression","Punishing Suppression","chaos-predator-destructor","","During the Shooting phase, the attacking unit gets -1 to Hit rolls."
"thousand-sons","rebind-rubricae-psychic","Rebind Rubricae (Psychic)","exalted-sorcerer","","After being attached to a unit, your unit suffers d3 mortal wounds."
"thousand-sons","regenerating-monstrosities","Regenerating Monstrosities","chaos-spawn","","Return 3 destroyed models to this model with full wounds."
"thousand-sons","relentless-rebirth","Relentless Rebirth","","","Until the end of the phase, the unit has the Feel No Pain 5+ ability against mortal wounds. / Applies to: units with Thousand Sons, Psyker."
"thousand-sons","rites-of-coalescence","Rites of Coalescence","scarab-occult-terminators","","The attacking unit gets -1 to Wound rolls."
"thousand-sons","sacrificial-blessing","Sacrificial Blessing","tzaangor-shaman","","Modify the unit's characteristics."
"thousand-sons","savage-exaltation","Savage Exaltation","maulerfiend","","During the Fight phase, while the unit is below its starting strength, while the unit is below half strength: /   -> The unit gets +1 to Hit rolls. /   -> The unit gets +1 to Wound rolls."
"thousand-sons","scouring-warpflame","Scouring Warpflame","","","Modify the unit's characteristics."
"thousand-sons","scouts-6","Scouts 6""","chaos-spawn","","Once per battle, the unit has the Scouts 6"" ability."
"thousand-sons","scouts-8","Scouts 8""","chaos-spawn","","Once per battle, the unit has the Scouts 8"" ability."
"thousand-sons","scryer-of-fates-psychic","Scryer of Fates (Psychic)","ahriman","","Modify the unit's characteristics."
"thousand-sons","scuttling-horrors","Scuttling Horrors","chaos-spawn","","The unit has the Reactive Move ability."
"thousand-sons","scuttling-walker","Scuttling Walker","defiler","","This model has the Move Over Terrain ability."
"thousand-sons","self-repair","Self Repair","chaos-rhino","","Return 1 destroyed model to this model with full wounds."
"thousand-sons","servile-pawns","Servile Pawns","daemon-prince-of-tzeentch","","This model gains the Lone Operative ability."
"thousand-sons","siege-crawler","Siege Crawler","maulerfiend","","Ignore modifiers the unit's All rolls."
"thousand-sons","siege-shield","Siege Shield","chaos-vindicator","","During the Shooting phase, this model gains the Target in Engagement ability."
"thousand-sons","snarling-protector","Snarling Protector","maulerfiend","","You can re-roll the Charge roll."
"thousand-sons","sorcerous-invigoration","Sorcerous Invigoration","","","At ritual manifested, until the end of the phase, the unit gains the Heal Wounds ability. / Applies to: units with Thousand Sons, Psyker (excluding Monster)."
"thousand-sons","sorcerous-support","Sorcerous Support","chaos-rhino","","During the Shooting phase, until the end of the phase: /   -> The unit gets +1 to Hit rolls. /   -> The unit gets +1 to Wound rolls."
"thousand-sons","spirit-snare","Spirit Snare","daemon-prince-of-tzeentch","","Modify the unit's characteristics."
"thousand-sons","stealth","Stealth","sekhetar-robots","","The attacking unit gets -1 to Hit rolls."
"thousand-sons","strands-of-time","Strands of Time","","","Modify the unit's characteristics."
"thousand-sons","supreme-commander","Supreme Commander","magnus-the-red","","This model must be your Warlord."
"thousand-sons","temporal-instability","Temporal Instability","","","Until the end of the turn, the unit gains the Act After Move ability. / Applies to: units with Mutant."
"thousand-sons","terrifying-assault","Terrifying Assault","helbrute","","During the Fight phase, enemy units nearby must take a Battle-shock test."
"thousand-sons","the-land-writhes","The Land Writhes","","","Until the end of the phase, the unit gains the Mobile ability. / Applies to: units with Monster, Mutant."
"thousand-sons","the-scent-of-blood","The Scent of Blood","maulerfiend","","Modify the unit's characteristics."
"thousand-sons","thicket-of-bladed-bone","Thicket of Bladed Bone","","","Add 1 to this model's Armour Penetration characteristic (melee). / This model's weapons gain [CLEAVE 1]. / Applies to: units with Spawn."
"thousand-sons","through-the-veil","Through the Veil","","","Modify the unit's characteristics."
"thousand-sons","to-slake-its-rage","To Slake its Rage","chaos-spawn","","The unit gains the Charge After Advance ability."
"thousand-sons","twisted-sorceries-psychic","Twisted Sorceries (Psychic)","sorcerer","","During the Fight phase, until the end of the phase, add 1 to the unit's Strength characteristic."
"thousand-sons","unearthly-power","Unearthly Power","magnus-the-red","","At the start of the battle round, until the end of the battle round, this model gains the Selective From Pool ability."
"thousand-sons","unleash-wrath","Unleash Wrath","defiler","","This model gains the Reactive Overwatch ability."
"thousand-sons","unravelled-fates","Unravelled Fates","","","During the Movement phase, until the end of the phase, friendly units nearby gain the Remove Battle Shock ability. / Applies to: units with Thousand Sons, Tzaangor Shaman."
"thousand-sons","walking-rampart","Walking Rampart","","","For the rest of the battle: / During the Movement phase, friendly units within 3"" gain the Heal Wounds ability. / This model gains the Lone Operative ability. / Applies to: units with Thousand Sons, Sorcerer."
"thousand-sons","warding-hex","Warding Hex","","","Modify the unit's characteristics."
"thousand-sons","warp-fields","Warp Fields","","","Until the end of the phase, the unit gets -1 to Wound rolls. / Applies to: units with Sekhetar Robots."
"thousand-sons","warped-interference-psychic","Warped Interference (Psychic)","sorcerer","","During the Shooting phase, after being attached to a unit, the unit gains the Benefit of Cover ability."
"thousand-sons","warptime-psychic","Warptime (Psychic)","sorcerer-in-terminator-armour","","After being attached to a unit, you can re-roll the Charge roll."
"thousand-sons","wracking-agonies-psychic","Wracking Agonies (Psychic)","sorcerer","","Modify the unit's characteristics."
"thousand-sons","wrath-of-the-doomed","Wrath of the Doomed","","","Modify the unit's characteristics."
"tyranids","adaptable-predators","Adaptable Predators","tyranid-warriors-with-ranged-bio-weapons","","The unit is eligible to shoot and declare a charge in a turn in which it Fell Back."
"tyranids","adaptive-instincts","Adaptive Instincts","tyranid-warriors-with-melee-bio-weapons","","During the Fight phase, until the end of the phase, you can re-roll a Hit roll of 1."
"tyranids","aerial-seeding","Aerial Seeding","tyrannocyte","","The unit has the Deep Strike ability."
"tyranids","aggressive-leader-beast","Aggressive Leader‑beast","tyranid-prime-with-lash-whip","","During the Shooting phase, in either player's turn, when destroyed by a ranged attack, unless while the unit is Battle-shocked, unless engagement state, until the end of the phase, the unit has the Surge Move D6"" ability."
"tyranids","airborne-predator","Airborne Predator","hive-crone","","During the Shooting phase, against A targets, the unit gets +1 to Hit rolls."
"tyranids","alpha-invader","Alpha Invader","hyperadapted-raveners","","The unit's weapons gain [SUSTAINED HITS 1]."
"tyranids","alpha-leader","Alpha Leader","old-one-eye","","After being attached to a unit, you can re-roll the Hit roll."
"tyranids","alpha-warrior","Alpha Warrior","winged-tyranid-prime","","After being attached to a unit, the unit's weapons gain [SUSTAINED HITS 1]."
"tyranids","apex-beast","Apex-beast","hierophant","","Against A targets, the unit gets +1 to Hit rolls."
"tyranids","bio-minefield","Bio-minefield","spore-mines;mucolid-spores","","Enemy units nearby: no advance (within 6"")."
"tyranids","bio-stimulus-aura","Bio-stimulus (Aura)","psychophage","","During the Fight phase, until the end of the turn, subtract 1 from the unit's Armour Penetration characteristic."
"tyranids","blistering-assault","Blistering Assault","carnifexes","","During the Shooting phase, in either player's turn, while the model has lost wounds, until the end of the phase, the unit has the Blistering Assault D6+2"" ability."
"tyranids","bounding-leap","Bounding Leap","hormagaunts","","The unit gains the Charge After Advance ability."
"tyranids","brood-progenitor-aura-psychic","Brood Progenitor (Aura, Psychic)","tervigon","","The unit's weapons gain [LETHAL HITS]."
"tyranids","burning-spray","Burning Spray","pyrovores","","During the Shooting phase, until the end of the phase, the unit gains the Benefit of Cover ability."
"tyranids","catalytic-biofortification","Catalytic Biofortification","","","Modify the unit's characteristics."
"tyranids","chitinous-horrors","Chitinous Horrors","sky-slasher-swarms","","Halve the Objective Control characteristic of enemy units nearby."
"tyranids","chitinous-horrors-aura","Chitinous Horrors (Aura)","ripper-swarms","","Halve the Objective Control characteristic of enemy units nearby."
"tyranids","counterpredation","Counterpredation","","","Modify the unit's characteristics."
"tyranids","cryptophotaic-camouflage","Cryptophotaic Camouflage","","","Modify the unit's characteristics."
"tyranids","deadly-demise-1","Deadly Demise 1","biovores","","Before removing this model from the battlefield: /   -> Roll one D6: on a 6+, each enemy unit within 6"" suffers 1 mortal wound."
"tyranids","deadly-demise-2d6","Deadly Demise 2D6","harridan","","Before removing this model from the battlefield: /   -> Roll one D6: on a 6+, each enemy unit within 6"" suffers 2D6 mortal wounds."
"tyranids","deadly-demise-d3","Deadly Demise D3","winged-hive-tyrant","","Before removing this model from the battlefield: /   -> Roll one D6: on a 6+, each enemy unit within 6"" suffers D3 mortal wounds."
"tyranids","deadly-demise-d6","Deadly Demise D6","norn-emissary","","Before removing this model from the battlefield: /   -> Roll one D6: on a 6+, each enemy unit within 6"" suffers D6 mortal wounds."
"tyranids","death-blow","Death Blow","winged-tyranid-prime","","During the Fight phase, each time this model is destroyed, it can fight before being removed from play."
"tyranids","death-from-below","Death From Below","raveners","","The unit has the Redeploy to Reserves ability."
"tyranids","death-scream","Death Scream","screamer-killer","","During the Shooting phase, enemy units nearby must take a Battle-shock test."
"tyranids","deep-strike","Deep Strike","trygon;mucolid-spores","","The unit has the Deep Strike ability."
"tyranids","defensive-stance","Defensive Stance","hive-guard","","The unit gets -4 to Hit rolls (overwatch)."
"tyranids","destabilising-predation","Destabilising Predation","","","Modify the unit's characteristics."
"tyranids","digestion-spine","Digestion Spine","dimachaeron","","Each time this model is destroyed, it can fight before being removed from play."
"tyranids","disruption-bombardment","Disruption Bombardment","barbgaunts","","During the Shooting phase, after unit has shot, against INFANTRY targets, with hit attacks, until the end of the battle round: /   -> Subtract 2 from your unit's Move characteristic. /   -> Your unit gets -2 to Advance rolls. /   -> Your unit gets -2 to Charge rolls."
"tyranids","domination-of-the-hive-mind-aura","Domination of the Hive Mind (Aura)","the-swarmlord","","For the rest of the battle, friendly units nearby's weapons gain [SYNAPSE RANGE]."
"tyranids","encephalic-diffusion-aura-psychic","Encephalic Diffusion (Aura, Psychic)","maleceptor","","While the unit is below half strength, the attacking unit gets -1 to Hit rolls."
"tyranids","encircling-horrors","Encircling Horrors","","","Modify the unit's characteristics."
"tyranids","enhanced-toxic-miasma","Enhanced Toxic Miasma","malanthrope","","While this model leads a unit, the unit this model leads gains the Enhanced Foul Spores Aura 9 ability."
"tyranids","fear-of-the-unseen-aura","Fear of the Unseen (Aura)","deathleaper","","While the unit is below its starting strength, enemy units nearby must take a Battle-shock test."
"tyranids","feeder-tendrils","Feeder Tendrils","deathleaper","","You gain 1CP."
"tyranids","feeding-frenzy","Feeding Frenzy","psychophage","","During the Fight phase, while the unit is below its starting strength, while the unit is below half strength, against A targets: /   -> The unit gets +1 to Hit rolls. /   -> The unit gets +1 to Wound rolls."
"tyranids","feel-no-pain-5","Feel No Pain 5+","psychophage","","The unit has the Feel No Pain 5+ ability."
"tyranids","fights-first","Fights First","deathleaper;von-ryans-leapers","","The unit has the Fights First ability."
"tyranids","floating-death","Floating Death","spore-mines;mucolid-spores","","Your unit suffers 1 mortal wound."
"tyranids","foul-spores-aura","Foul Spores (Aura)","venomthropes","","During the Shooting phase, the unit gains the Benefit of Cover ability."
"tyranids","frenzied-metabolism","Frenzied Metabolism","harridan","","Until the end of the phase: / The unit gets +1 to Wound rolls. / Your unit suffers d3 mortal wounds."
"tyranids","grasping-tendrils","Grasping Tendrils","toxicrene","","Enemy units nearby: anti fallback."
"tyranids","grisly-spectacle","Grisly Spectacle","haruspex","","Each time this model is destroyed, it can fight before being removed from play."
"tyranids","guardian-organism","Guardian Organism","tyrant-guard","","After being attached to a unit, the unit has the Feel No Pain 5+ ability."
"tyranids","harpoon-barbs","Harpoon Barbs","norn-assimilator","","Your unit suffers d6 mortal wounds."
"tyranids","higher-imperatives","Higher Imperatives","","","Modify the unit's characteristics."
"tyranids","hive-commander","Hive Commander","the-swarmlord","","You gain 1CP."
"tyranids","hive-defences","Hive Defences","sporocyst","","You can use the Fire Overwatch or Heroic Stratagem on this model for 0CP."
"tyranids","hover","Hover","harridan","","This model has the Hover ability."
"tyranids","hunter-organism","Hunter Organism","deathleaper","","This model cannot be your Warlord."
"tyranids","hypersensory-adaptations","Hypersensory Adaptations","","","Modify the unit's characteristics."
"tyranids","hypersensory-array","Hypersensory Array","hyperadapted-raveners","","Once per battle, you can use the Fire Overwatch or Heroic Stratagem on this model for 0CP."
"tyranids","hypertoxic-miasma-aura","Hypertoxic Miasma (Aura)","toxicrene","","Your unit suffers 1 mortal wound."
"tyranids","hypnotic-gaze-psychic","Hypnotic Gaze (Psychic)","broodlord","","During the Fight phase, until the end of the phase, the attacking unit gets -1 to Hit rolls."
"tyranids","infiltrators","Infiltrators","deathleaper;von-ryans-leapers","","Once per battle, the unit has the Infiltrators ability."
"tyranids","it-itches","It Itches!","parasite-of-mortrex","","During the Fight phase, enemy units nearby must take a Battle-shock test."
"tyranids","leader","Leader","winged-tyranid-prime","","The unit gains the Leader ability."
"tyranids","lesser-prey","Lesser Prey","","","Modify the unit's characteristics."
"tyranids","lone-operative","Lone Operative","deathleaper","","This model can only be targeted if it is the closest eligible target or within 12""."
"tyranids","malign-presence-aura","Malign Presence (Aura)","the-swarmlord","","Against A targets, you gain 1CP."
"tyranids","mindhunger","Mindhunger","","","Modify the unit's characteristics."
"tyranids","neural-disruption","Neural Disruption","neurolictor","","Enemy units nearby must take a Battle-shock test."
"tyranids","neurocytes","Neurocytes","neurogaunts","placeholder","If within ?"" of a friendly unit, against TYRANIDS targets, unless against NEUROGAUNT targets, for the rest of the battle, this model's weapons gain [SYNAPSE]."
"tyranids","neuroloids","Neuroloids","neurotyrant","","Until your next Command phase, this model gains the Flavor Text ability."
"tyranids","node-lash-psychic","Node Lash (Psychic)","neurotyrant","","After being attached to a unit: /   -> The unit gets +1 to Hit rolls. /   -> The unit gets +1 to Wound rolls."
"tyranids","onslaught-aura-psychic","Onslaught (Aura, Psychic)","hive-tyrant","","The unit's weapons gain [LETHAL HITS]."
"tyranids","parasitic-infection","Parasitic Infection","parasite-of-mortrex","","After attacks, against INFANTRY targets, when destroyed by a melee attack, with melee attacks, until the end of the phase: /   -> Return D3 destroyed models to the unit with full wounds. /   -> The unit can move through enemy models."
"tyranids","paroxysm-psychic","Paroxysm (Psychic)","winged-hive-tyrant","","During the Fight phase, until the end of the phase, your unit suffers d3 mortal wounds."
"tyranids","pheromone-trail","Pheromone Trail","lictor","","Once per battle, you can use one Stratagem on this model for 0CP."
"tyranids","pouncing-leap","Pouncing Leap","von-ryans-leapers","","This model gains the Heroic Intervention At 0cp ability. / This model gains the Heroic Intervention Frequency Bypass ability."
"tyranids","prey-adaptation","Prey Adaptation","malanthrope","","Until the end of the phase: / The unit's weapons gain [LETHAL HITS]. / The unit's weapons gain [SUSTAINED HITS 1]."
"tyranids","psychic-terror-psychic","Psychic Terror (Psychic)","neurotyrant","","If the unit has the NEUROTYRANT keyword, at shadow in the warp unleash, until the end of the turn, subtract 1 from the Battle-shock test of all enemy units."
"tyranids","psychological-saboteur-aura","Psychological Saboteur (Aura)","neurolictor","","The unit gets +1 to Wound rolls."
"tyranids","resilient-organism","Resilient Organism","tyrannofex","","Once per battle, each time an attack targets this model, reduce the Damage of that attack to 0."
"tyranids","scanner-gheist","Scanner Gheist","","","Modify the unit's characteristics."
"tyranids","scouts-8","Scouts 8""","broodlord","","Once per battle, the unit has the Scouts 8"" ability."
"tyranids","seed-mucolids","Seed Mucolids","sporocyst","","During the Shooting phase, the unit gains the Once Per Round Special ability."
"tyranids","seed-spore-mines","Seed Spore Mines","biovores","","During the Shooting phase, the unit gains the Once Per Round Special ability."
"tyranids","shadow-in-the-warp","Shadow in the Warp","","","Once per battle, enemy units nearby must take a Battle-shock test."
"tyranids","singular-purpose","Singular Purpose","norn-emissary","","You can re-roll the Hit roll. / You can re-roll the Wound roll. / The unit has the Feel No Pain 5+ ability."
"tyranids","skulking-horrors","Skulking Horrors","termagants","","The unit has the Reactive Move ability."
"tyranids","spawn-termagants","Spawn Termagants","tervigon","","Return D3 destroyed models to the unit with full wounds."
"tyranids","spirit-leech-aura-psychic","Spirit Leech (Aura, Psychic)","zoanthropes","","Your unit suffers d3 mortal wounds."
"tyranids","spore-mine-cysts","Spore Mine Cysts","harpy","","Your unit suffers 1 mortal wound."
"tyranids","stalking-forward","Stalking Forward","hierophant","","This model has the Move Over Terrain ability."
"tyranids","stealth","Stealth","venomthropes;von-ryans-leapers","","The attacking unit gets -1 to Hit rolls."
"tyranids","subterranean-tunnels","Subterranean Tunnels","trygon","","During the Movement phase, when it is set up by Deep Strike, until the end of the turn: /   -> This model gains the Deep Strike 6inch Exclusion ability. /   -> This model cannot charge."
"tyranids","symbiotic-targeting","Symbiotic Targeting","exocrine","","During the Shooting phase, until the end of the phase, you can re-roll a Hit roll of 1."
"tyranids","synapse","Synapse","von-ryans-leapers;mucolid-spores","","During the Fight phase, add 1 to the unit's Strength characteristic."
"tyranids","synaptoprescience","Synaptoprescience","","","Modify the unit's characteristics."
"tyranids","tanglestrike-rounds","Tanglestrike Rounds","","","Modify the unit's characteristics."
"tyranids","terror-from-the-deep","Terror From The Deep","mawloc","","Your unit suffers d3 mortal wounds."
"tyranids","unnatural-resilience","Unnatural Resilience","norn-emissary","","The unit has the Feel No Pain 4+ ability."
"tyranids","unstoppable-monster","Unstoppable Monster","old-one-eye","","Return D3 destroyed models to this model with full wounds."
"tyranids","vanguard-predator","Vanguard Predator","genestealers","","You can re-roll a Hit roll of 1. / You can re-roll a Wound roll of 1."
"tyranids","vicious-insight","Vicious Insight","broodlord","","After being attached to a unit, the unit's weapons gain [DEVASTATING WOUNDS]."
"tyranids","warp-field-aura-psychic","Warp Field (Aura, Psychic)","zoanthropes","","This model has a 6+ invulnerable save."
"tyranids","will-of-the-hive-mind","Will of the Hive Mind","winged-hive-tyrant","","Once per battle, you can use one Stratagem on this model for 0CP."
"tyranids","winged-swarm","Winged Swarm","gargoyles","","During the Shooting phase, until the end of the turn, the unit has the Shoot and Scoot ability."
"world-eaters","a-trophy-for-the-throne","A Trophy for the Throne","","","Against Monster targets or against Vehicle targets, until the end of the phase, the unit gets +1 to Wound rolls."
"world-eaters","a-worthy-skull","A Worthy Skull","master-of-executions","","Against Character targets: /   -> You can re-roll the Hit roll. /   -> You can re-roll the Wound roll. /   -> You gain 1CP."
"world-eaters","a-worthy-skull-stratagem","A Worthy Skull","","","Until the end of the phase, you gain 1 Blood Tithe Pool."
"world-eaters","adamantine-avalanche","Adamantine Avalanche","","","During the Fight phase, at the start of the phase, until the end of the phase, all friendly units gain the Activate Blessing of Khorne ability. / Applies to: units with Terminator Squad."
"world-eaters","aggressive-advance","Aggressive Advance","lord-on-juggernaut","","While this model leads a unit: /   -> Modify the unit's Move characteristic to 10. /   -> The unit has the Move Through Terrain ability."
"world-eaters","aggressive-deployment","Aggressive Deployment","","","Once per battle, the unit gains the Scouts 9 Transport ability."
"world-eaters","aggressive-disembarkation","Aggressive Disembarkation","","","Until the end of the turn, the unit gains the Early Disembark and Charge ability."
"world-eaters","airborne-predator","Airborne Predator","heldrake","","Against Fly targets, this model gets +1 to Hit rolls."
"world-eaters","apoplectic-clarity","Apoplectic Clarity","","","Until the end of the phase, ignore modifiers the unit's BS, WS, Hit and Wound rolls."
"world-eaters","apoplectic-frenzy","Apoplectic Frenzy","","","Until the end of the turn, the unit gains the Advance and Charge ability."
"world-eaters","archslaughterer","Archslaughterer","","","During the Command phase, until your next Command phase, this model gains the All Blessings of Khorne Active ability."
"world-eaters","aspire-to-infamy","Aspire to Infamy","","","Until the end of the phase: / Add 1 to the unit's Attacks characteristic (melee). / Add 2 to the unit's Strength characteristic (melee)."
"world-eaters","assault-ramp","Assault Ramp","chaos-land-raider","","The unit gains the Charge After Disembark ability."
"world-eaters","battle-lust","Battle-lust","","","You can re-roll the Charge roll. / If the unit has the Unbridled Bloodlust active keyword, the unit gets +1 to Charge rolls."
"world-eaters","beacons-of-rage","Beacons of Rage (Aura)","eightbound","","With melee attacks, if not the target has ""Monster"", if not the target has ""Vehicle"": /   -> Friendly units nearby get +1 to Hit rolls. /   -> While the unit is below half strength, friendly units nearby get +1 to Wound rolls."
"world-eaters","berzerker-frenzy","Berzerker Frenzy","kharn-the-betrayer","","Once per battle, each time this unit is destroyed: /   -> Roll one D6: on a 2+, return 1 destroyed model to this model with 3 wounds."
"world-eaters","berzerker-glaive","Berzerker Glaive","","","Add 1 to this model's Attacks characteristic (melee). / Add 1 to this model's Damage characteristic (melee)."
"world-eaters","berzerkers-wrath","Berzerker's Wrath","","","Until the end of the phase, modify the unit's Blood Surge Auto Max characteristic to 1."
"world-eaters","blade-of-endless-bloodshed","Blade of Endless Bloodshed","","","Add 1 to this model's Attacks characteristic (melee). / Add 1 to this model's Strength characteristic (melee). / Add 1 to this model's Damage characteristic (melee). / You gain 1 Blood Tithe Pool."
"world-eaters","blessing-of-burning-blood","Blessing of Burning Blood","","","Until the end of the phase, the unit has the Feel No Pain 4+ ability."
"world-eaters","blessings-of-khorne","Blessings of Khorne","","","At the start of the phase, until the end of the battle round: /   -> Roll 8D6 (max 2 activations): /     - Unbridled Bloodlust: need pair of 1+ -> all friendly units get +1 to Charge rolls /     - Rage-Fuelled Invigoration: need pair of 2+ -> all friendly units have the Pile in Consolidation 6"" ability /     - Total Carnage: need pair of 3+ -> when destroyed by a melee attack, if not has fought this phase, roll one D6: on a 4+, each time this model is destroyed, it can fight before being removed from play /     - Martial Excellence: need pair of 4+ -> all friendly units' melee weapons gain [SUSTAINED HITS 1] /     - Warp Blades: need pair of 5+ -> all friendly units' melee weapons gain [LETHAL HITS] /     - Decapitating Strikes: need triple of 6+ -> against Infantry targets, with melee attacks, all friendly units' weapons gain [DEVASTATING WOUNDS]"
"world-eaters","blood-forged-armour","Blood-Forged Armour","","","Modify this model's Save characteristic to 2. / Each time this unit is destroyed, you gain 1 Blood Tithe Pool."
"world-eaters","blood-hungry-annihilator","Blood-hungry Annihilator","chaos-predator-annihilator","","If the target is the closest eligible target, with ranged attacks, against Monster targets or against Vehicle targets: /   -> You can re-roll the Wound roll. /   -> You can re-roll the Damage roll."
"world-eaters","blood-offering","Blood Offering","","","Until the end of the phase, the unit gains the Sticky Objective on Death ability."
"world-eaters","blood-surge","Blood Surge","khorne-berzerkers","","During the Shooting phase, in the opponent's turn, while the model has lost wounds, until the end of the phase, the unit has the Blood Surge D6+2"" ability."
"world-eaters","blood-tithe","Blood Tithe","","","Each time this unit is destroyed, for the rest of the battle: /   -> Roll one D6: on a 3+, you gain 1 Blood Tithe Pool."
"world-eaters","bloodied-terror","Bloodied Terror","daemon-prince-of-khorne-with-wings","","At the start of the phase, until the end of the phase, modify enemy units nearby's Leadership characteristic."
"world-eaters","bloodthirsty-horde","Bloodthirsty Horde","","","Until the end of the phase, the unit's melee weapons gain [SUSTAINED HITS 1]."
"world-eaters","bloody-fury","Bloody Fury","chaos-terminators","","With ranged attacks, if the target is the closest eligible target, you can re-roll the Hit roll. / If the target is the closest eligible target, you can re-roll the Charge roll."
"world-eaters","bloody-stampede","Bloody Stampede","lord-invocatus","","If the unit charged this turn, until the end of the phase: /   -> Roll one D6: on a 2+, your unit suffers a number of mortal wounds."
"world-eaters","bloody-vengeance","Bloody Vengeance","","","Until the end of the phase, the unit gains the Deadly Demise on Destruction ability."
"world-eaters","brazen-form","Brazen Form","","","Add 1 to this model's Toughness characteristic. / This model has the Feel No Pain 5+ ability."
"world-eaters","brazen-fury","Brazen Fury","","","During the Shooting phase, in the opponent's turn, if the unit has the Possessed keyword, while the model has lost wounds, until the end of the phase, the unit has the Brazen Fury D6"" ability. / Applies to: units with Possessed."
"world-eaters","brazen-idol","Brazen Idol","","","Until your next Command phase, the unit gains the Extra Idol Activation ability."
"world-eaters","butcher-lord","Butcher Lord","","","This model gains the Attach to Jakhals Goremongers ability."
"world-eaters","chosen-of-the-blood-god","Chosen of the Blood God","","","Add 3 to this model's Aura Range characteristic."
"world-eaters","crush-all-who-stand-before-us","Crush All Who Stand Before Us","lord-on-juggernaut","","During the Fight phase, until the end of the phase, the unit has the Extended Pile in 3"" ability."
"world-eaters","daemonic-fury","Daemonic Fury","","","Until the end of the turn, friendly units nearby's melee weapons gain [LETHAL HITS]."
"world-eaters","daemonic-resistance","Daemonic Resistance","","","Until the end of the phase, the unit has the Feel No Pain 4+ ability."
"world-eaters","daemonic-strength","Daemonic Strength","","","With melee attacks, until the end of the phase, add 2 to the unit's Strength characteristic (melee)."
"world-eaters","daemontide","Daemontide","","","Until the end of the phase, return variable destroyed models to friendly units nearby with full wounds."
"world-eaters","deadly-demise-1","Deadly Demise 1","","","Each time a model in this unit is destroyed, until the end of the phase: /   -> Roll one D6: on a 6+, each enemy unit within 6"" suffers 1 mortal wound."
"world-eaters","deadly-demise-d3","Deadly Demise D3","","","Each time a model in this unit is destroyed, until the end of the phase: /   -> Roll one D6: on a 6+, each enemy unit within 6"" suffers D3 mortal wounds."
"world-eaters","deadly-demise-d6","Deadly Demise D6","","","Each time a model in this unit is destroyed, until the end of the phase: /   -> Roll one D6: on a 6+, each enemy unit within 6"" suffers D6 mortal wounds."
"world-eaters","deadly-demise-d6-plus-2","Deadly Demise D6+2","","","Each time a model in this unit is destroyed, until the end of the phase: /   -> Roll one D6: on a 6+, each enemy unit within 6"" suffers D6+2 mortal wounds."
"world-eaters","deep-strike","Deep Strike","","","The unit has the Deep Strike ability."
"world-eaters","devastating-assault","Devastating Assault","daemon-prince-of-khorne","","If the unit charged this turn, until the end of the turn, this model's hellforged weapons gains [DEVASTATING WOUNDS]."
"world-eaters","devoted-to-destruction","Devoted to Destruction","helbrute","","If the unit has the dual-melee keyword, add 2 to this model's Attacks characteristic (melee)."
"world-eaters","direct-the-slaughter","Direct the Slaughter","daemon-prince-of-khorne","","If within 12"" of a friendly unit, until the end of the battle round, you can use one Stratagem on this model for 0CP."
"world-eaters","disciple-of-khorne","Disciple of Khorne","","","This model gains the Attach to Daemons Deep Strike ability."
"world-eaters","drawn-to-the-slaughter","Drawn to the Slaughter","","","Until the end of the phase, return full-unit destroyed models to the unit with full wounds."
"world-eaters","endless-pursuit-of-violence","Endless Pursuit of Violence","","","Until the end of the phase, the unit gains the Embark After Fight ability."
"world-eaters","fail-not-the-blood-god","Fail Not the Blood God","","","Until the end of the phase: / You can re-roll a Hit roll of 1. / If within 6"" of friendly monster, you can re-roll a Wound roll of 1."
"world-eaters","favoured-of-khorne","Favoured of Khorne","","","You can re-roll the Blessings roll."
"world-eaters","feel-no-pain-5-plus","Feel No Pain 5+","","","This model has the Feel No Pain 5+ ability."
"world-eaters","feel-no-pain-6-plus","Feel No Pain 6+","","","This model has the Feel No Pain 6+ ability."
"world-eaters","fire-riders","Fire Riders","lord-invocatus","","While this model leads a unit: /   -> The unit gains the Deep Strike ability. /   -> The unit can move through enemy models and terrain."
"world-eaters","firing-deck-2","Firing Deck 2","","","The unit: firing deck."
"world-eaters","focused-ferocity","Focused Ferocity","","","Until the end of the phase, add 1 to the unit's Attacks characteristic (melee)."
"world-eaters","forwards-for-blood","Forwards, for Blood!","master-of-executions","","While this model leads a unit: /   -> You can re-roll the Advance roll. /   -> You can re-roll the Blood Surge roll."
"world-eaters","frenzied-focus","Frenzied Focus","","","The unit scores Critical Hits on Hit rolls of 5+."
"world-eaters","frenzied-resilience","Frenzied Resilience","","","Until the end of the phase, the unit has the Feel No Pain 5+ ability."
"world-eaters","frenzy","Frenzy","helbrute","","During the Fight phase, until the end of the phase: /   -> This model gains the Eligible to Fight Again ability. /   -> This model has the Fights First ability."
"world-eaters","full-throttle-assault","Full-Throttle Assault","","","Until the end of the turn, the unit gains the Disembark After Advance Charge ability."
"world-eaters","furious-onslaught","Furious Onslaught","forgefiend","","If the target is the closest eligible target, you can re-roll the Hit roll."
"world-eaters","fury-unleashed","Fury Unleashed","","","Until the end of the phase, the unit gains the Reactive Disembark and Charge ability."
"world-eaters","gateways-to-glory","Gateways to Glory","","","This model's weapons gain [MOBILE]. / This model gets +1 to Charge rolls."
"world-eaters","goaded-to-fury","Goaded to Fury","","","During the Shooting phase, in the opponent's turn, until the end of the phase, the unit has the Surge Move D6"" ability."
"world-eaters","gore-stained-veterans","Gore-Stained Veterans","","","This model gets +1 to Hit rolls."
"world-eaters","hack-and-slash","Hack and Slash","","","Until the end of the phase, add 1 to the unit's Armour Penetration characteristic (melee)."
"world-eaters","helm-of-brazen-ire","Helm of Brazen Ire","","","Each time an attack targets this model, reduce the Damage of that attack by 1."
"world-eaters","horrifying-violence","Horrifying Violence","","","Until the end of the phase, modify enemy units nearby's Leadership characteristic."
"world-eaters","hover","Hover","","","Until the end of the turn, this model has the Hover ability."
"world-eaters","icon-of-khorne","Icon of Khorne","khorne-berzerkers;jakhals","","Each time this unit is destroyed, until the end of the phase: /   -> You gain 1 Blessings of Khorne Pool. /   -> Add 1 to this model's Blessings Dice characteristic."
"world-eaters","icon-of-war","Icon of War","","","If within 6"" of a friendly unit, friendly units nearby gain the Blessings of Khorne ability."
"world-eaters","idol-of-blessed-blood","Idol of Blessed Blood","khorne-lord-of-skulls","","Add 1 to this model's Blessings Dice characteristic."
"world-eaters","idols-of-khorne","Idols of Khorne","","","During the Command phase, in your turn, until your next Command phase, all friendly units gain the Idol Selection ability."
"world-eaters","immortal-fury","Immortal Fury","","","Until the end of the phase, the unit gains the Fight on Death ability."
"world-eaters","in-the-shadow-of-brass-idols","In the Shadow of Brass Idols","","","Until the end of the phase, each time an attack targets the unit, reduce the Damage of that attack by 1."
"world-eaters","infernal-infusion","Infernal Infusion","","","At the start of the phase, until the end of the phase, the unit gains the Fights First ability."
"world-eaters","infiltrators","Infiltrators","","","The unit has the Infiltrators ability."
"world-eaters","killing-clarity","Killing Clarity","","","Each time this unit is destroyed: /   -> Roll one D6: on a 4+, you gain 1CP."
"world-eaters","leader","Leader","","","This model gains the Leader Attachment ability."
"world-eaters","legendary-killer","Legendary Killer","kharn-the-betrayer","","During the Fight phase, while this model leads a unit, you can re-roll a Hit roll of 1; you can re-roll a Wound roll of 1."
"world-eaters","loping-speed","Loping Speed","goremongers","","During the Movement phase, in the opponent's turn, while an enemy unit is within 8"", if not an enemy unit is within engagement range, until the end of the phase, the unit has the Reactive Move D6"" ability."
"world-eaters","lord-of-murder","Lord of Murder","daemon-prince-of-khorne","","If within 3"" of friendly infantry, this model gains the Lone Operative ability."
"world-eaters","lord-of-the-eightbound","Lord of the Eightbound","slaughterbound","","After being attached to a Possessed unit, for the rest of the battle: /   -> This model gains the Deep Strike ability. /   -> This model gains the Scouts 6 ability."
"world-eaters","malicious-vigour","Malicious Vigour","","","Modify this model's Brazen Fury Move characteristic to 6."
"world-eaters","meet-any-challenge","Meet Any Challenge","chaos-rhino","","During the Movement phase, in the opponent's turn, while an enemy unit is within 8"", until the end of the phase, the unit gains the Reactive Disembark ability."
"world-eaters","murder-call","Murder-call","","","Until the end of the phase, the unit has the Teleport Redeploy ability."
"world-eaters","murder-forged-entity","Murder-Forged Entity","","","This model's weapons gain [DAEMON]."
"world-eaters","murderous-onslaught","Murderous Onslaught","","","At the start of the phase, until the end of the turn, the unit gains the No Overwatch Against ability."
"world-eaters","objective-ravaged","Objective Ravaged","jakhals","","The unit gains the Sticky Objectives ability."
"world-eaters","possessed-lord","Possessed Lord","slaughterbound","","At the start of the phase, until the end of the phase: /   -> Add 3 to this model's Attacks characteristic (melee). /   -> This model's melee weapons gain [DEVASTATING WOUNDS]."
"world-eaters","punish-the-craven","Punish the Craven","","","Until the end of the phase, all enemy units gain the Forced Desperate Escape ability."
"world-eaters","punishing-suppression","Punishing Suppression","chaos-predator-destructor","","During the Shooting phase, in your turn, until your next Command phase, your unit gets -1 to Hit rolls."
"world-eaters","rage-eternal","Rage Eternal","slaughterbound","","While this model leads a unit, during the Command phase, in your turn, until the end of the phase, return 1 destroyed model to the unit with full wounds."
"world-eaters","rampaging-terrors","Rampaging Terrors","","","During the Fight phase, at the start of the phase, until the end of the phase, enemy units nearby must take a Battle-shock test. / Applies to: units with Daemon, Vehicle."
"world-eaters","rapid-manifestation","Rapid Manifestation","","","Until the end of the phase, the unit has the Deep Strike Close 6"" ability."
"world-eaters","reborn-in-blood","Reborn in Blood","angron","","At the start of the phase, for the rest of the battle, each time this unit is destroyed, return 1 destroyed model to this model with 8 wounds."
"world-eaters","relentless-rage","Relentless Rage","","","If the unit charged this turn, until the end of the turn: /   -> Add 1 to the unit's Attacks characteristic (melee). /   -> Add 2 to the unit's Strength characteristic (melee)."
"world-eaters","rend-and-tear","Rend and Tear","exalted-eightbound","","Against Monster targets or against Vehicle targets, until the end of the phase, add 1 to this model's Damage characteristic (melee)."
"world-eaters","rush-to-the-fray","Rush to the Fray","","","At the start of the phase, until the end of the turn: /   -> The unit gets +1 to Charge rolls. /   -> The unit's melee weapons gain [LANCE]."
"world-eaters","sanctified-in-slaughter","Sanctified in Slaughter","","","This model gets +1 to its Objective Control characteristic."
"world-eaters","savage-exaltation","Savage Exaltation","maulerfiend","","With melee attacks, while the unit is below its starting strength: /   -> This model gets +1 to Hit rolls. /   -> While the unit is below half strength, this model gets +1 to Wound rolls."
"world-eaters","scorn-the-witch","Scorn the Witch","","","Until the end of the phase, the unit has the Feel No Pain 4+ ability against mortal wounds."
"world-eaters","scouts-6","Scouts 6""","","","Once per battle, the unit has the Scouts 6"" ability."
"world-eaters","scouts-8","Scouts 8""","","","Once per battle, the unit has the Scouts 8"" ability."
"world-eaters","scuttling-walker","Scuttling Walker","defiler","","This model can move through enemy models and terrain."
"world-eaters","skulls-for-the-skull-throne","Skulls for the Skull Throne!","","","Until the end of the phase, the unit gains the Bonus Blessings Roll ability."
"world-eaters","smash-through","Smash Through","","","Until the end of the phase: / The unit can move through enemy models and terrain. / Your unit suffers 1 mortal wound."
"world-eaters","strategic-slaughter","Strategic Slaughter","","","Once per battle, all friendly units gain the Redeploy Jakhals Goremongers ability."
"world-eaters","summoned-by-slaughter","Summoned by Slaughter","","","Until the end of the phase, the unit gains the Summon Daemons on Death ability."
"world-eaters","super-heavy-war-engine","Super-heavy War Engine","khorne-lord-of-skulls","","This model can move through enemy models and terrain. / This model has the Move Through Tall ability."
"world-eaters","supreme-commander","Supreme Commander","angron","","This model gains the Must Be Warlord ability."
"world-eaters","swooping-predator","Swooping Predator","daemon-prince-of-khorne-with-wings","","During the Movement phase, until the end of the phase: /   -> Roll one 6D6: on a 4+, your unit suffers 1 mortal wound."
"world-eaters","talons-of-butchery","Talons of Butchery","","","This model's Maulerfiend Fists gains [CLEAVE 2]."
"world-eaters","the-betrayer","The Betrayer","kharn-the-betrayer","","During the Charge phase, at the end of the phase, in your turn, until the end of the phase, while this model leads a unit, if not an enemy unit is within engagement range, roll one 2D6: on a leadership+, nothing happens; otherwise, destroy 1 model in the unit."
"world-eaters","the-scent-of-blood","The Scent of Blood","maulerfiend","","During the Charge phase, while an enemy unit is within 9"": /   Select one of the following (Enemy Weakness Within 9""): /     - This model gets +1 to Charge rolls. /     - This model gets +2 to Charge rolls."
"world-eaters","to-slake-its-rage","To Slake its Rage","chaos-spawn","","The unit gains the Advance and Charge ability."
"world-eaters","trail-of-destruction","Trail of Destruction","","","Until the end of the phase, the unit's weapons gain [MOBILE]."
"world-eaters","unleash-hell-enhancement","Unleash Hell","","","During the Shooting phase, until the end of the phase, the unit gains the Vehicle Sustained Hits 1 ability."
"world-eaters","unleash-wrath","Unleash Wrath","defiler","","During the Movement phase, in the opponent's turn, while an enemy unit is within 12"", until the end of the phase: /   Select one of the following (Shoot At or Charge the Arriving Unit): /     - Each time this model is destroyed, it can shoot before being removed from play. /     - This model gains the Reactive Charge ability."
"world-eaters","unrelenting-advance","Unrelenting Advance","","","Until the end of the phase, this model has the Reactive Move 6"" ability."
"world-eaters","violent-demise","Violent Demise","","","Modify this model's Deadly Demise Threshold characteristic to 2. / Modify this model's Deadly Demise Amount characteristic to D3+1."
"world-eaters","warp-stalkers","Warp Stalkers","","","Until the end of the phase, the unit can move through enemy models and terrain."
"world-eaters","wrath-beyond-reason","Wrath Beyond Reason","","","Until the end of the phase, each time an attack targets this model, reduce the Damage of that attack by 1."
"world-eaters","wrath-of-khorne","Wrath of Khorne","","","During the Fight phase, until the end of the phase: /   Select one of the following (Boon of Martial Might): /     - The unit's melee weapons gain [CLEAVE 1]. /     - Add 1 to the unit's Armour Penetration characteristic (melee)."
"world-eaters","wrathful-presence","Wrathful Presence","angron","","At the start of the phase, until the end of the battle round, this model gains the Wrathful Presence Selection ability."
